MIN_NUM_WORKERS,aggregation_algorithm,batch_size,best_acc,best_f1,best_loss,best_prec,best_recall,best_round,convnet_hidden1,convnet_hidden2,dataframe_path,dataset_name,dataset_path,device,early_stop_patience,encryption_mode,fedprox_mu,global_epoch,gpu_blacklist,he_backend,heartbeat_interval_hours,image_size,learning_rate,local_epoch,log_dir,model_name,models_percentage,notification_interval,num_classes,num_clients,num_custom_layers,num_parallel_executions,pc_name,plot_dir,round_timeout,splitting_dir,telegram_bot_token,telegram_chat_id,total_duration,weighted_aggregation,worker_id
2,FedAvg,16,0.6452380952380953,0.6370677008215859,0.6489529521692367,0.6389270118757948,0.6452380952380953,3,-1,-1,csv_geosciences/runs/20260415-155302_dataset_slices_sorted_worker_3.csv,dataset_slices_sorted,dataset/dataset_slices_sorted,cuda,5,no_encryption,0.0,5,,,,224,0.001,1,logs_geosciences/dataset_slices_sorted_run_3_GoogLeNet,GoogLeNet,1,,2,2,2,,geosciences,static/plots_geosciences/dataset_slices_sorted_run_3_GoogLeNet,,run_dataset_geosciences/dataset_slices_sorted_run_3_GoogLeNet,,,163.26398992538452,True,3
2,FedAvg,16,0.5857142857142857,0.43268983268983274,0.6870078342301505,0.3430612244897959,0.5857142857142857,0,-1,-1,csv_geosciences/runs/20260415-155303_dataset_slices_sorted_worker_4.csv,dataset_slices_sorted,dataset/dataset_slices_sorted,cuda,5,no_encryption,0.0,5,,,,224,0.01,1,logs_geosciences/dataset_slices_sorted_run_4_GoogLeNet,GoogLeNet,1,,2,2,2,,geosciences,static/plots_geosciences/dataset_slices_sorted_run_4_GoogLeNet,,run_dataset_geosciences/dataset_slices_sorted_run_4_GoogLeNet,,,164.96786665916443,True,4
2,FedProx,16,0.6309523809523809,0.6146940180152808,0.6401277150426592,0.6221907944574205,0.6309523809523809,4,-1,-1,csv_geosciences/runs/20260415-155303_dataset_slices_sorted_worker_1.csv,dataset_slices_sorted,dataset/dataset_slices_sorted,cuda,5,no_encryption,0.05,5,,,,224,0.001,1,logs_geosciences/dataset_slices_sorted_run_1_GoogLeNet,GoogLeNet,1,,2,2,2,,geosciences,static/plots_geosciences/dataset_slices_sorted_run_1_GoogLeNet,,run_dataset_geosciences/dataset_slices_sorted_run_1_GoogLeNet,,,165.12445545196533,True,1
2,FedProx,16,0.5714285714285714,0.500610789639109,0.6812312662601471,0.5294886014606512,0.5714285714285714,0,-1,-1,csv_geosciences/runs/20260415-155305_dataset_slices_sorted_worker_6.csv,dataset_slices_sorted,dataset/dataset_slices_sorted,cuda,5,no_encryption,0.05,5,,,,224,0.01,1,logs_geosciences/dataset_slices_sorted_run_6_GoogLeNet,GoogLeNet,1,,2,2,2,,geosciences,static/plots_geosciences/dataset_slices_sorted_run_6_GoogLeNet,,run_dataset_geosciences/dataset_slices_sorted_run_6_GoogLeNet,,,165.34909558296204,True,6
2,FedAvg,16,0.6166666666666667,0.593800073651595,0.6698381423950195,0.6045450255573928,0.6166666666666667,1,-1,-1,csv_geosciences/runs/20260415-155306_dataset_slices_sorted_worker_7.csv,dataset_slices_sorted,dataset/dataset_slices_sorted,cuda,5,no_encryption,0.0,5,,,,224,0.0001,1,logs_geosciences/dataset_slices_sorted_run_7_GoogLeNet,GoogLeNet,1,,2,2,2,,geosciences,static/plots_geosciences/dataset_slices_sorted_run_7_GoogLeNet,,run_dataset_geosciences/dataset_slices_sorted_run_7_GoogLeNet,,,163.2289481163025,True,7
2,FedAvg,16,0.5857142857142857,0.43268983268983274,0.6785092104048956,0.3430612244897959,0.5857142857142857,0,-1,-1,csv_geosciences/runs/20260415-155306_dataset_slices_sorted_worker_9.csv,dataset_slices_sorted,dataset/dataset_slices_sorted,cuda,5,no_encryption,0.0,5,,,,224,0.01,1,logs_geosciences/dataset_slices_sorted_run_9_GoogLeNet,GoogLeNet,1,,2,2,4,,geosciences,static/plots_geosciences/dataset_slices_sorted_run_9_GoogLeNet,,run_dataset_geosciences/dataset_slices_sorted_run_9_GoogLeNet,,,163.74678993225098,True,9
2,FedProx,16,0.6285714285714286,0.6176190087841267,0.6785681917553856,0.6203425528886359,0.6285714285714286,3,-1,-1,csv_geosciences/runs/20260415-155307_dataset_slices_sorted_worker_10.csv,dataset_slices_sorted,dataset/dataset_slices_sorted,cuda,5,no_encryption,0.05,5,,,,224,0.001,1,logs_geosciences/dataset_slices_sorted_run_10_GoogLeNet,GoogLeNet,1,,2,2,4,,geosciences,static/plots_geosciences/dataset_slices_sorted_run_10_GoogLeNet,,run_dataset_geosciences/dataset_slices_sorted_run_10_GoogLeNet,,,165.87321019172668,True,10
2,FedProx,16,0.6261904761904762,0.5571592034479601,0.6497220726240249,0.6452944377419461,0.6261904761904762,4,-1,-1,csv_geosciences/runs/20260415-155320_dataset_slices_sorted_worker_0.csv,dataset_slices_sorted,dataset/dataset_slices_sorted,cuda,5,no_encryption,0.05,5,,,,224,0.0001,1,logs_geosciences/dataset_slices_sorted_run_0_GoogLeNet,GoogLeNet,1,,2,2,2,,geosciences,static/plots_geosciences/dataset_slices_sorted_run_0_GoogLeNet,,run_dataset_geosciences/dataset_slices_sorted_run_0_GoogLeNet,,,179.0404200553894,True,0
2,FedAvg,16,0.5857142857142857,0.43268983268983274,0.6866269367081779,0.3430612244897959,0.5857142857142857,0,-1,-1,csv_geosciences/runs/20260415-155454_dataset_slices_sorted_worker_5.csv,dataset_slices_sorted,dataset/dataset_slices_sorted,cuda,5,no_encryption,0.0,5,,,,224,0.001,1,logs_geosciences/dataset_slices_sorted_run_5_GoogLeNet,GoogLeNet,1,,2,2,4,,geosciences,static/plots_geosciences/dataset_slices_sorted_run_5_GoogLeNet,,run_dataset_geosciences/dataset_slices_sorted_run_5_GoogLeNet,,,273.05740094184875,True,5
2,FedProx,16,0.5857142857142857,0.43268983268983274,0.6827896736917042,0.3430612244897959,0.5857142857142857,0,-1,-1,csv_geosciences/runs/20260415-155454_dataset_slices_sorted_worker_2.csv,dataset_slices_sorted,dataset/dataset_slices_sorted,cuda,5,no_encryption,0.05,5,,,,224,0.01,1,logs_geosciences/dataset_slices_sorted_run_2_GoogLeNet,GoogLeNet,1,,2,2,4,,geosciences,static/plots_geosciences/dataset_slices_sorted_run_2_GoogLeNet,,run_dataset_geosciences/dataset_slices_sorted_run_2_GoogLeNet,,,274.1748993396759,True,2
2,FedProx,16,0.5857142857142857,0.43268983268983274,0.6799755613009135,0.3430612244897959,0.5857142857142857,0,-1,-1,csv_geosciences/runs/20260415-155455_dataset_slices_sorted_worker_8.csv,dataset_slices_sorted,dataset/dataset_slices_sorted,cuda,5,no_encryption,0.05,5,,,,224,0.0001,1,logs_geosciences/dataset_slices_sorted_run_8_GoogLeNet,GoogLeNet,1,,2,2,4,,geosciences,static/plots_geosciences/dataset_slices_sorted_run_8_GoogLeNet,,run_dataset_geosciences/dataset_slices_sorted_run_8_GoogLeNet,,,273.5151033401489,True,8
2,FedAvg,16,0.5857142857142857,0.43268983268983274,0.677551110301699,0.3430612244897959,0.5857142857142857,0,-1,-1,csv_geosciences/runs/20260415-155455_dataset_slices_sorted_worker_11.csv,dataset_slices_sorted,dataset/dataset_slices_sorted,cuda,5,no_encryption,0.0,5,,,,224,0.0001,1,logs_geosciences/dataset_slices_sorted_run_11_GoogLeNet,GoogLeNet,1,,2,2,4,,geosciences,static/plots_geosciences/dataset_slices_sorted_run_11_GoogLeNet,,run_dataset_geosciences/dataset_slices_sorted_run_11_GoogLeNet,,,272.1403350830078,True,11
4,FedAvg,16,0.5904761904761905,0.4384374108925007,0.6890075155666896,0.34866213151927433,0.5904761904761905,0,-1,-1,csv_geosciences/runs/20260415-155558_dataset_slices_sorted_worker_3.csv,dataset_slices_sorted,dataset/dataset_slices_sorted,cuda,5,no_encryption,0.0,5,,,,224,0.01,1,logs_geosciences/dataset_slices_sorted_run_3_GoogLeNet,GoogLeNet,1,,2,4,2,,geosciences,static/plots_geosciences/dataset_slices_sorted_run_3_GoogLeNet,,run_dataset_geosciences/dataset_slices_sorted_run_3_GoogLeNet,,,172.97378540039062,True,3
4,FedAvg,16,0.5904761904761905,0.4384374108925007,0.690394325483413,0.34866213151927433,0.5904761904761905,0,-1,-1,csv_geosciences/runs/20260415-155605_dataset_slices_sorted_worker_4.csv,dataset_slices_sorted,dataset/dataset_slices_sorted,cuda,5,no_encryption,0.0,5,,,,224,0.01,1,logs_geosciences/dataset_slices_sorted_run_4_GoogLeNet,GoogLeNet,1,,2,4,4,,geosciences,static/plots_geosciences/dataset_slices_sorted_run_4_GoogLeNet,,run_dataset_geosciences/dataset_slices_sorted_run_4_GoogLeNet,,,178.56215810775757,True,4
4,FedProx,16,0.5904761904761905,0.4384374108925007,0.6813252248934337,0.34866213151927433,0.5904761904761905,0,-1,-1,csv_geosciences/runs/20260415-155606_dataset_slices_sorted_worker_1.csv,dataset_slices_sorted,dataset/dataset_slices_sorted,cuda,5,no_encryption,0.05,5,,,,224,0.01,1,logs_geosciences/dataset_slices_sorted_run_1_GoogLeNet,GoogLeNet,1,,2,4,2,,geosciences,static/plots_geosciences/dataset_slices_sorted_run_1_GoogLeNet,,run_dataset_geosciences/dataset_slices_sorted_run_1_GoogLeNet,,,180.04030966758728,True,1
4,FedAvg,16,0.6357142857142857,0.6033167063182581,0.6590684784310205,0.6240068984060946,0.6357142857142857,4,-1,-1,csv_geosciences/runs/20260415-155623_dataset_slices_sorted_worker_7.csv,dataset_slices_sorted,dataset/dataset_slices_sorted,cuda,5,no_encryption,0.0,5,,,,224,0.001,1,logs_geosciences/dataset_slices_sorted_run_7_GoogLeNet,GoogLeNet,1,,2,4,2,,geosciences,static/plots_geosciences/dataset_slices_sorted_run_7_GoogLeNet,,run_dataset_geosciences/dataset_slices_sorted_run_7_GoogLeNet,,,193.3684995174408,True,7
4,FedProx,16,0.5904761904761905,0.4384374108925007,0.6816287113087518,0.34866213151927433,0.5904761904761905,0,-1,-1,csv_geosciences/runs/20260415-155625_dataset_slices_sorted_worker_0.csv,dataset_slices_sorted,dataset/dataset_slices_sorted,cuda,5,no_encryption,0.05,5,,,,224,0.001,1,logs_geosciences/dataset_slices_sorted_run_0_GoogLeNet,GoogLeNet,1,,2,4,4,,geosciences,static/plots_geosciences/dataset_slices_sorted_run_0_GoogLeNet,,run_dataset_geosciences/dataset_slices_sorted_run_0_GoogLeNet,,,180.59681820869446,True,0
4,FedAvg,16,0.5904761904761905,0.4384374108925007,0.6872056420360293,0.34866213151927433,0.5904761904761905,0,-1,-1,csv_geosciences/runs/20260415-155628_dataset_slices_sorted_worker_9.csv,dataset_slices_sorted,dataset/dataset_slices_sorted,cuda,5,no_encryption,0.0,5,,,,224,0.001,1,logs_geosciences/dataset_slices_sorted_run_9_GoogLeNet,GoogLeNet,1,,2,4,4,,geosciences,static/plots_geosciences/dataset_slices_sorted_run_9_GoogLeNet,,run_dataset_geosciences/dataset_slices_sorted_run_9_GoogLeNet,,,198.05437350273132,True,9
4,FedProx,16,0.6261904761904762,0.618641682717313,0.658098077632132,0.620603907744296,0.6261904761904762,4,-1,-1,csv_geosciences/runs/20260415-155631_dataset_slices_sorted_worker_10.csv,dataset_slices_sorted,dataset/dataset_slices_sorted,cuda,5,no_encryption,0.05,5,,,,224,0.001,1,logs_geosciences/dataset_slices_sorted_run_10_GoogLeNet,GoogLeNet,1,,2,4,2,,geosciences,static/plots_geosciences/dataset_slices_sorted_run_10_GoogLeNet,,run_dataset_geosciences/dataset_slices_sorted_run_10_GoogLeNet,,,200.14347219467163,True,10
4,FedProx,16,0.5904761904761905,0.4384374108925007,0.6920262390658969,0.34866213151927433,0.5904761904761905,0,-1,-1,csv_geosciences/runs/20260415-155651_dataset_slices_sorted_worker_6.csv,dataset_slices_sorted,dataset/dataset_slices_sorted,cuda,5,no_encryption,0.05,5,,,,224,0.01,1,logs_geosciences/dataset_slices_sorted_run_6_GoogLeNet,GoogLeNet,1,,2,4,4,,geosciences,static/plots_geosciences/dataset_slices_sorted_run_6_GoogLeNet,,run_dataset_geosciences/dataset_slices_sorted_run_6_GoogLeNet,,,223.04265522956848,True,6
8,FedAvg,16,0.5849056603773585,0.4317160826594789,0.6800791025161743,0.3421146315414738,0.5849056603773585,1,-1,-1,csv_geosciences/runs/20260415-155836_dataset_slices_sorted_worker_3.csv,dataset_slices_sorted,dataset/dataset_slices_sorted,cuda,5,no_encryption,0.0,5,,,,224,0.01,1,logs_geosciences/dataset_slices_sorted_run_3_GoogLeNet,GoogLeNet,1,,2,8,2,,geosciences,static/plots_geosciences/dataset_slices_sorted_run_3_GoogLeNet,,run_dataset_geosciences/dataset_slices_sorted_run_3_GoogLeNet,,,154.06193089485168,True,3
8,FedProx,16,0.5849056603773585,0.4317160826594789,0.6826430514173688,0.3421146315414738,0.5849056603773585,1,-1,-1,csv_geosciences/runs/20260415-155840_dataset_slices_sorted_worker_1.csv,dataset_slices_sorted,dataset/dataset_slices_sorted,cuda,5,no_encryption,0.05,5,,,,224,0.01,1,logs_geosciences/dataset_slices_sorted_run_1_GoogLeNet,GoogLeNet,1,,2,8,2,,geosciences,static/plots_geosciences/dataset_slices_sorted_run_1_GoogLeNet,,run_dataset_geosciences/dataset_slices_sorted_run_1_GoogLeNet,,,150.58003878593445,True,1
8,FedAvg,16,0.5849056603773585,0.4317160826594789,0.6918992175246185,0.3421146315414738,0.5849056603773585,0,-1,-1,csv_geosciences/runs/20260415-155843_dataset_slices_sorted_worker_4.csv,dataset_slices_sorted,dataset/dataset_slices_sorted,cuda,5,no_encryption,0.0,5,,,,224,0.01,1,logs_geosciences/dataset_slices_sorted_run_4_GoogLeNet,GoogLeNet,1,,2,8,4,,geosciences,static/plots_geosciences/dataset_slices_sorted_run_4_GoogLeNet,,run_dataset_geosciences/dataset_slices_sorted_run_4_GoogLeNet,,,154.6799075603485,True,4
8,FedProx,16,0.5849056603773585,0.4317160826594789,0.69036757917899,0.3421146315414738,0.5849056603773585,1,-1,-1,csv_geosciences/runs/20260415-155900_dataset_slices_sorted_worker_7.csv,dataset_slices_sorted,dataset/dataset_slices_sorted,cuda,5,no_encryption,0.05,5,,,,224,0.01,1,logs_geosciences/dataset_slices_sorted_run_7_GoogLeNet,GoogLeNet,1,,2,8,4,,geosciences,static/plots_geosciences/dataset_slices_sorted_run_7_GoogLeNet,,run_dataset_geosciences/dataset_slices_sorted_run_7_GoogLeNet,,,153.06839513778687,True,7
8,FedAvg,16,0.6037735849056604,0.5916164045267897,0.6905491082173474,0.5946844659744069,0.6037735849056604,0,-1,-1,csv_geosciences/runs/20260415-155901_dataset_slices_sorted_worker_0.csv,dataset_slices_sorted,dataset/dataset_slices_sorted,cuda,5,no_encryption,0.0,5,,,,224,0.001,1,logs_geosciences/dataset_slices_sorted_run_0_GoogLeNet,GoogLeNet,1,,2,8,2,,geosciences,static/plots_geosciences/dataset_slices_sorted_run_0_GoogLeNet,,run_dataset_geosciences/dataset_slices_sorted_run_0_GoogLeNet,,,152.9302248954773,True,0
8,FedProx,16,0.625,0.5591980672722995,0.6669591645587165,0.6393663393498504,0.625,3,-1,-1,csv_geosciences/runs/20260415-155903_dataset_slices_sorted_worker_10.csv,dataset_slices_sorted,dataset/dataset_slices_sorted,cuda,5,no_encryption,0.05,5,,,,224,0.001,1,logs_geosciences/dataset_slices_sorted_run_10_GoogLeNet,GoogLeNet,1,,2,8,2,,geosciences,static/plots_geosciences/dataset_slices_sorted_run_10_GoogLeNet,,run_dataset_geosciences/dataset_slices_sorted_run_10_GoogLeNet,,,148.91789031028748,True,10
8,FedAvg,16,0.5849056603773585,0.4317160826594789,0.6837846423095127,0.3421146315414738,0.5849056603773585,0,-1,-1,csv_geosciences/runs/20260415-155910_dataset_slices_sorted_worker_9.csv,dataset_slices_sorted,dataset/dataset_slices_sorted,cuda,5,no_encryption,0.0,5,,,,224,0.001,1,logs_geosciences/dataset_slices_sorted_run_9_GoogLeNet,GoogLeNet,1,,2,8,4,,geosciences,static/plots_geosciences/dataset_slices_sorted_run_9_GoogLeNet,,run_dataset_geosciences/dataset_slices_sorted_run_9_GoogLeNet,,,157.8756091594696,True,9
4,FedAvg,16,0.5952380952380952,0.47874660511606487,0.6579023660648436,0.5816819608560067,0.5952380952380952,3,-1,-1,csv_geosciences/runs/20260415-155930_dataset_slices_sorted_worker_5.csv,dataset_slices_sorted,dataset/dataset_slices_sorted,cuda,5,no_encryption,0.0,5,,,,224,0.0001,1,logs_geosciences/dataset_slices_sorted_run_5_GoogLeNet,GoogLeNet,1,,2,4,2,,geosciences,static/plots_geosciences/dataset_slices_sorted_run_5_GoogLeNet,,run_dataset_geosciences/dataset_slices_sorted_run_5_GoogLeNet,,,272.321763753891,True,5
4,FedProx,16,0.6047619047619047,0.47751068224026877,0.6619239868152709,0.6955499351844298,0.6047619047619047,2,-1,-1,csv_geosciences/runs/20260415-155943_dataset_slices_sorted_worker_8.csv,dataset_slices_sorted,dataset/dataset_slices_sorted,cuda,5,no_encryption,0.05,5,,,,224,0.0001,1,logs_geosciences/dataset_slices_sorted_run_8_GoogLeNet,GoogLeNet,1,,2,4,2,,geosciences,static/plots_geosciences/dataset_slices_sorted_run_8_GoogLeNet,,run_dataset_geosciences/dataset_slices_sorted_run_8_GoogLeNet,,,284.99802684783936,True,8
8,FedProx,16,0.6367924528301887,0.6050441951761832,0.689067689315328,0.6378878907517637,0.6367924528301887,2,-1,-1,csv_geosciences/runs/20260415-155943_dataset_slices_sorted_worker_6.csv,dataset_slices_sorted,dataset/dataset_slices_sorted,cuda,5,no_encryption,0.05,5,,,,224,0.001,1,logs_geosciences/dataset_slices_sorted_run_6_GoogLeNet,GoogLeNet,1,,2,8,4,,geosciences,static/plots_geosciences/dataset_slices_sorted_run_6_GoogLeNet,,run_dataset_geosciences/dataset_slices_sorted_run_6_GoogLeNet,,,168.74912285804749,True,6
4,FedAvg,16,0.5904761904761905,0.4384374108925007,0.6823868953046345,0.34866213151927433,0.5904761904761905,0,-1,-1,csv_geosciences/runs/20260415-155951_dataset_slices_sorted_worker_2.csv,dataset_slices_sorted,dataset/dataset_slices_sorted,cuda,5,no_encryption,0.0,5,,,,224,0.0001,1,logs_geosciences/dataset_slices_sorted_run_2_GoogLeNet,GoogLeNet,1,,2,4,4,,geosciences,static/plots_geosciences/dataset_slices_sorted_run_2_GoogLeNet,,run_dataset_geosciences/dataset_slices_sorted_run_2_GoogLeNet,,,293.25065326690674,True,2
4,FedProx,16,0.5904761904761905,0.4384374108925007,0.6794537295897801,0.34866213151927433,0.5904761904761905,0,-1,-1,csv_geosciences/runs/20260415-155951_dataset_slices_sorted_worker_11.csv,dataset_slices_sorted,dataset/dataset_slices_sorted,cuda,5,no_encryption,0.05,5,,,,224,0.0001,1,logs_geosciences/dataset_slices_sorted_run_11_GoogLeNet,GoogLeNet,1,,2,4,4,,geosciences,static/plots_geosciences/dataset_slices_sorted_run_11_GoogLeNet,,run_dataset_geosciences/dataset_slices_sorted_run_11_GoogLeNet,,,293.40223836898804,True,11
8,FedAvg,16,0.5849056603773585,0.4317160826594789,0.6743284655067155,0.3421146315414738,0.5849056603773585,0,-1,-1,csv_geosciences/runs/20260415-160127_dataset_slices_sorted_worker_3.csv,dataset_slices_sorted,dataset/dataset_slices_sorted,cuda,5,no_encryption,0.0,5,,,,224,0.0001,1,logs_geosciences/dataset_slices_sorted_run_3_GoogLeNet,GoogLeNet,1,,2,8,2,,geosciences,static/plots_geosciences/dataset_slices_sorted_run_3_GoogLeNet,,run_dataset_geosciences/dataset_slices_sorted_run_3_GoogLeNet,,,168.5111744403839,True,3
8,FedProx,16,0.5966981132075472,0.45649173805438736,0.659374660056717,0.5019856505189364,0.5966981132075472,4,-1,-1,csv_geosciences/runs/20260415-160131_dataset_slices_sorted_worker_4.csv,dataset_slices_sorted,dataset/dataset_slices_sorted,cuda,5,no_encryption,0.05,5,,,,224,0.0001,1,logs_geosciences/dataset_slices_sorted_run_4_GoogLeNet,GoogLeNet,1,,2,8,2,,geosciences,static/plots_geosciences/dataset_slices_sorted_run_4_GoogLeNet,,run_dataset_geosciences/dataset_slices_sorted_run_4_GoogLeNet,,,165.11875987052917,True,4
8,FedAvg,16,0.5849056603773585,0.4317160826594789,0.6833419743573891,0.3421146315414738,0.5849056603773585,0,-1,-1,csv_geosciences/runs/20260415-160135_dataset_slices_sorted_worker_1.csv,dataset_slices_sorted,dataset/dataset_slices_sorted,cuda,5,no_encryption,0.0,5,,,,224,0.0001,1,logs_geosciences/dataset_slices_sorted_run_1_GoogLeNet,GoogLeNet,1,,2,8,4,,geosciences,static/plots_geosciences/dataset_slices_sorted_run_1_GoogLeNet,,run_dataset_geosciences/dataset_slices_sorted_run_1_GoogLeNet,,,170.4545238018036,True,1
8,FedProx,16,0.5849056603773585,0.4317160826594789,0.6834006282799648,0.3421146315414738,0.5849056603773585,0,-1,-1,csv_geosciences/runs/20260415-160157_dataset_slices_sorted_worker_7.csv,dataset_slices_sorted,dataset/dataset_slices_sorted,cuda,5,no_encryption,0.05,5,,,,224,0.0001,1,logs_geosciences/dataset_slices_sorted_run_7_GoogLeNet,GoogLeNet,1,,2,8,4,,geosciences,static/plots_geosciences/dataset_slices_sorted_run_7_GoogLeNet,,run_dataset_geosciences/dataset_slices_sorted_run_7_GoogLeNet,,,174.29004406929016,True,7
16,FedAvg,16,0.5925925925925926,0.4409991386735573,0.6873360474904379,0.3511659807956104,0.5925925925925926,0,-1,-1,csv_geosciences/runs/20260415-160245_dataset_slices_sorted_worker_0.csv,dataset_slices_sorted,dataset/dataset_slices_sorted,cuda,5,no_encryption,0.0,5,,,,224,0.01,1,logs_geosciences/dataset_slices_sorted_run_0_GoogLeNet,GoogLeNet,1,,2,16,2,,geosciences,static/plots_geosciences/dataset_slices_sorted_run_0_GoogLeNet,,run_dataset_geosciences/dataset_slices_sorted_run_0_GoogLeNet,,,220.40961742401123,True,0
16,FedProx,16,0.5925925925925926,0.4409991386735573,0.6893515167412935,0.3511659807956104,0.5925925925925926,0,-1,-1,csv_geosciences/runs/20260415-160252_dataset_slices_sorted_worker_9.csv,dataset_slices_sorted,dataset/dataset_slices_sorted,cuda,5,no_encryption,0.05,5,,,,224,0.01,1,logs_geosciences/dataset_slices_sorted_run_9_GoogLeNet,GoogLeNet,1,,2,16,2,,geosciences,static/plots_geosciences/dataset_slices_sorted_run_9_GoogLeNet,,run_dataset_geosciences/dataset_slices_sorted_run_9_GoogLeNet,,,218.38580775260925,True,9
16,FedAvg,16,0.5925925925925926,0.4409991386735573,0.6797476830305876,0.3511659807956104,0.5925925925925926,1,-1,-1,csv_geosciences/runs/20260415-160258_dataset_slices_sorted_worker_10.csv,dataset_slices_sorted,dataset/dataset_slices_sorted,cuda,5,no_encryption,0.0,5,,,,224,0.01,1,logs_geosciences/dataset_slices_sorted_run_10_GoogLeNet,GoogLeNet,1,,2,16,4,,geosciences,static/plots_geosciences/dataset_slices_sorted_run_10_GoogLeNet,,run_dataset_geosciences/dataset_slices_sorted_run_10_GoogLeNet,,,231.0594925880432,True,10
16,FedAvg,16,0.5925925925925926,0.4409991386735573,0.678095562176572,0.3511659807956104,0.5925925925925926,0,-1,-1,csv_geosciences/runs/20260415-160346_dataset_slices_sorted_worker_6.csv,dataset_slices_sorted,dataset/dataset_slices_sorted,cuda,5,no_encryption,0.0,5,,,,224,0.001,1,logs_geosciences/dataset_slices_sorted_run_6_GoogLeNet,GoogLeNet,1,,2,16,4,,geosciences,static/plots_geosciences/dataset_slices_sorted_run_6_GoogLeNet,,run_dataset_geosciences/dataset_slices_sorted_run_6_GoogLeNet,,,239.47572898864746,True,6
16,FedAvg,16,0.5925925925925926,0.4409991386735573,0.6787174212987777,0.3511659807956104,0.5925925925925926,0,-1,-1,csv_geosciences/runs/20260415-160458_dataset_slices_sorted_worker_3.csv,dataset_slices_sorted,dataset/dataset_slices_sorted,cuda,5,no_encryption,0.0,5,,,,224,0.0001,1,logs_geosciences/dataset_slices_sorted_run_3_GoogLeNet,GoogLeNet,1,,2,16,2,,geosciences,static/plots_geosciences/dataset_slices_sorted_run_3_GoogLeNet,,run_dataset_geosciences/dataset_slices_sorted_run_3_GoogLeNet,,,207.50533866882324,True,3
16,FedProx,16,0.5925925925925926,0.4409991386735573,0.6745737090154931,0.3511659807956104,0.5925925925925926,0,-1,-1,csv_geosciences/runs/20260415-160513_dataset_slices_sorted_worker_1.csv,dataset_slices_sorted,dataset/dataset_slices_sorted,cuda,5,no_encryption,0.05,5,,,,224,0.0001,1,logs_geosciences/dataset_slices_sorted_run_1_GoogLeNet,GoogLeNet,1,,2,16,2,,geosciences,static/plots_geosciences/dataset_slices_sorted_run_1_GoogLeNet,,run_dataset_geosciences/dataset_slices_sorted_run_1_GoogLeNet,,,215.2412714958191,True,1
16,FedAvg,16,0.4861111111111111,0.481176502899594,0.6934624431585824,0.516473553233959,0.4861111111111111,2,-1,-1,csv_geosciences/runs/20260415-160521_dataset_slices_sorted_worker_4.csv,dataset_slices_sorted,dataset/dataset_slices_sorted,cuda,5,no_encryption,0.0,5,,,,224,0.0001,1,logs_geosciences/dataset_slices_sorted_run_4_GoogLeNet,GoogLeNet,1,,2,16,4,,geosciences,static/plots_geosciences/dataset_slices_sorted_run_4_GoogLeNet,,run_dataset_geosciences/dataset_slices_sorted_run_4_GoogLeNet,,,225.97698378562927,True,4
16,FedProx,16,0.5925925925925926,0.45895006226590646,0.6907217092812061,0.4416369895536562,0.5925925925925926,0,-1,-1,csv_geosciences/runs/20260415-160601_dataset_slices_sorted_worker_7.csv,dataset_slices_sorted,dataset/dataset_slices_sorted,cuda,5,no_encryption,0.05,5,,,,224,0.0001,1,logs_geosciences/dataset_slices_sorted_run_7_GoogLeNet,GoogLeNet,1,,2,16,4,,geosciences,static/plots_geosciences/dataset_slices_sorted_run_7_GoogLeNet,,run_dataset_geosciences/dataset_slices_sorted_run_7_GoogLeNet,,,240.0692069530487,True,7
32,FedProx,16,0.5727069351230425,0.4171339473352896,0.6923004508818555,0.32804779113503946,0.5727069351230425,0,-1,-1,csv_geosciences/runs/20260415-160812_dataset_slices_sorted_worker_10.csv,dataset_slices_sorted,dataset/dataset_slices_sorted,cuda,5,no_encryption,0.05,5,,,,224,0.01,1,logs_geosciences/dataset_slices_sorted_run_10_GoogLeNet,GoogLeNet,1,,2,32,2,,geosciences,static/plots_geosciences/dataset_slices_sorted_run_10_GoogLeNet,,run_dataset_geosciences/dataset_slices_sorted_run_10_GoogLeNet,,,310.29408144950867,True,10
32,FedAvg,16,0.5727069351230425,0.4171339473352896,0.6927429214953309,0.32804779113503946,0.5727069351230425,0,-1,-1,csv_geosciences/runs/20260415-160813_dataset_slices_sorted_worker_0.csv,dataset_slices_sorted,dataset/dataset_slices_sorted,cuda,5,no_encryption,0.0,5,,,,224,0.01,1,logs_geosciences/dataset_slices_sorted_run_0_GoogLeNet,GoogLeNet,1,,2,32,2,,geosciences,static/plots_geosciences/dataset_slices_sorted_run_0_GoogLeNet,,run_dataset_geosciences/dataset_slices_sorted_run_0_GoogLeNet,,,324.81539487838745,True,0
32,FedAvg,16,0.5727069351230425,0.4171339473352896,0.6849766616319917,0.32804779113503946,0.5727069351230425,1,-1,-1,csv_geosciences/runs/20260415-160828_dataset_slices_sorted_worker_9.csv,dataset_slices_sorted,dataset/dataset_slices_sorted,cuda,5,no_encryption,0.0,5,,,,224,0.01,1,logs_geosciences/dataset_slices_sorted_run_9_GoogLeNet,GoogLeNet,1,,2,32,4,,geosciences,static/plots_geosciences/dataset_slices_sorted_run_9_GoogLeNet,,run_dataset_geosciences/dataset_slices_sorted_run_9_GoogLeNet,,,333.20550560951233,True,9
32,FedProx,16,0.5727069351230425,0.4171339473352896,0.6894082041661478,0.32804779113503946,0.5727069351230425,0,-1,-1,csv_geosciences/runs/20260415-160951_dataset_slices_sorted_worker_6.csv,dataset_slices_sorted,dataset/dataset_slices_sorted,cuda,5,no_encryption,0.05,5,,,,224,0.01,1,logs_geosciences/dataset_slices_sorted_run_6_GoogLeNet,GoogLeNet,1,,2,32,4,,geosciences,static/plots_geosciences/dataset_slices_sorted_run_6_GoogLeNet,,run_dataset_geosciences/dataset_slices_sorted_run_6_GoogLeNet,,,361.5958173274994,True,6
32,FedAvg,16,0.5727069351230425,0.4171339473352896,0.6846619581749509,0.32804779113503946,0.5727069351230425,0,-1,-1,csv_geosciences/runs/20260415-161019_dataset_slices_sorted_worker_3.csv,dataset_slices_sorted,dataset/dataset_slices_sorted,cuda,5,no_encryption,0.0,5,,,,224,0.001,1,logs_geosciences/dataset_slices_sorted_run_3_GoogLeNet,GoogLeNet,1,,2,32,2,,geosciences,static/plots_geosciences/dataset_slices_sorted_run_3_GoogLeNet,,run_dataset_geosciences/dataset_slices_sorted_run_3_GoogLeNet,,,317.8812372684479,True,3
32,FedProx,16,0.5749440715883669,0.4215888511190524,0.6849391132393139,0.3422572952774295,0.5749440715883669,1,-1,-1,csv_geosciences/runs/20260415-161030_dataset_slices_sorted_worker_4.csv,dataset_slices_sorted,dataset/dataset_slices_sorted,cuda,5,no_encryption,0.05,5,,,,224,0.001,1,logs_geosciences/dataset_slices_sorted_run_4_GoogLeNet,GoogLeNet,1,,2,32,2,,geosciences,static/plots_geosciences/dataset_slices_sorted_run_4_GoogLeNet,,run_dataset_geosciences/dataset_slices_sorted_run_4_GoogLeNet,,,305.5289843082428,True,4
32,FedAvg,16,0.5727069351230425,0.4171339473352896,0.6869179602437372,0.32804779113503946,0.5727069351230425,0,-1,-1,csv_geosciences/runs/20260415-161042_dataset_slices_sorted_worker_1.csv,dataset_slices_sorted,dataset/dataset_slices_sorted,cuda,5,no_encryption,0.0,5,,,,224,0.001,1,logs_geosciences/dataset_slices_sorted_run_1_GoogLeNet,GoogLeNet,1,,2,32,4,,geosciences,static/plots_geosciences/dataset_slices_sorted_run_1_GoogLeNet,,run_dataset_geosciences/dataset_slices_sorted_run_1_GoogLeNet,,,324.9878554344177,True,1
32,FedProx,16,0.5727069351230425,0.4171339473352896,0.6840238769849142,0.32804779113503946,0.5727069351230425,0,-1,-1,csv_geosciences/runs/20260415-161125_dataset_slices_sorted_worker_7.csv,dataset_slices_sorted,dataset/dataset_slices_sorted,cuda,5,no_encryption,0.05,5,,,,224,0.001,1,logs_geosciences/dataset_slices_sorted_run_7_GoogLeNet,GoogLeNet,1,,2,32,4,,geosciences,static/plots_geosciences/dataset_slices_sorted_run_7_GoogLeNet,,run_dataset_geosciences/dataset_slices_sorted_run_7_GoogLeNet,,,321.26588201522827,True,7
32,FedAvg,16,0.5727069351230425,0.4171339473352896,0.6862263791513123,0.32804779113503946,0.5727069351230425,0,-1,-1,csv_geosciences/runs/20260415-161250_dataset_slices_sorted_worker_10.csv,dataset_slices_sorted,dataset/dataset_slices_sorted,cuda,5,no_encryption,0.0,5,,,,224,0.0001,1,logs_geosciences/dataset_slices_sorted_run_10_GoogLeNet,GoogLeNet,1,,2,32,2,,geosciences,static/plots_geosciences/dataset_slices_sorted_run_10_GoogLeNet,,run_dataset_geosciences/dataset_slices_sorted_run_10_GoogLeNet,,,274.8426287174225,True,10
32,FedProx,16,0.5727069351230425,0.4171339473352896,0.6864106995147347,0.32804779113503946,0.5727069351230425,0,-1,-1,csv_geosciences/runs/20260415-161308_dataset_slices_sorted_worker_9.csv,dataset_slices_sorted,dataset/dataset_slices_sorted,cuda,5,no_encryption,0.05,5,,,,224,0.0001,1,logs_geosciences/dataset_slices_sorted_run_9_GoogLeNet,GoogLeNet,1,,2,32,2,,geosciences,static/plots_geosciences/dataset_slices_sorted_run_9_GoogLeNet,,run_dataset_geosciences/dataset_slices_sorted_run_9_GoogLeNet,,,276.92705154418945,True,9
32,FedAvg,16,0.5727069351230425,0.4171339473352896,0.6891657615401334,0.32804779113503946,0.5727069351230425,1,-1,-1,csv_geosciences/runs/20260415-161316_dataset_slices_sorted_worker_0.csv,dataset_slices_sorted,dataset/dataset_slices_sorted,cuda,5,no_encryption,0.0,5,,,,224,0.0001,1,logs_geosciences/dataset_slices_sorted_run_0_GoogLeNet,GoogLeNet,1,,2,32,4,,geosciences,static/plots_geosciences/dataset_slices_sorted_run_0_GoogLeNet,,run_dataset_geosciences/dataset_slices_sorted_run_0_GoogLeNet,,,299.36898589134216,True,0
2,FedAvg,16,0.5857142857142857,0.43268983268983274,0.6843158438092186,0.3430612244897959,0.5857142857142857,0,-1,-1,csv_geosciences/runs/20260415-161342_dataset_slices_sorted_worker_3.csv,dataset_slices_sorted,dataset/dataset_slices_sorted,cuda,5,no_encryption,0.0,5,,,,224,0.01,2,logs_geosciences/dataset_slices_sorted_run_3_GoogLeNet,GoogLeNet,1,,2,2,2,,geosciences,static/plots_geosciences/dataset_slices_sorted_run_3_GoogLeNet,,run_dataset_geosciences/dataset_slices_sorted_run_3_GoogLeNet,,,199.62172627449036,True,3
2,FedAvg,16,0.5857142857142857,0.43268983268983274,0.678386546316601,0.3430612244897959,0.5857142857142857,0,-1,-1,csv_geosciences/runs/20260415-161353_dataset_slices_sorted_worker_4.csv,dataset_slices_sorted,dataset/dataset_slices_sorted,cuda,5,no_encryption,0.0,5,,,,224,0.01,2,logs_geosciences/dataset_slices_sorted_run_4_GoogLeNet,GoogLeNet,1,,2,2,4,,geosciences,static/plots_geosciences/dataset_slices_sorted_run_4_GoogLeNet,,run_dataset_geosciences/dataset_slices_sorted_run_4_GoogLeNet,,,199.72051644325256,True,4
2,FedProx,16,0.5880952380952381,0.47537407079384897,0.6859246566182091,0.5648738987143509,0.5880952380952381,0,-1,-1,csv_geosciences/runs/20260415-161404_dataset_slices_sorted_worker_1.csv,dataset_slices_sorted,dataset/dataset_slices_sorted,cuda,5,no_encryption,0.05,5,,,,224,0.01,2,logs_geosciences/dataset_slices_sorted_run_1_GoogLeNet,GoogLeNet,1,,2,2,2,,geosciences,static/plots_geosciences/dataset_slices_sorted_run_1_GoogLeNet,,run_dataset_geosciences/dataset_slices_sorted_run_1_GoogLeNet,,,198.97030591964722,True,1
32,FedProx,16,0.5727069351230425,0.4171339473352896,0.6893980395073859,0.32804779113503946,0.5727069351230425,0,-1,-1,csv_geosciences/runs/20260415-161448_dataset_slices_sorted_worker_6.csv,dataset_slices_sorted,dataset/dataset_slices_sorted,cuda,5,no_encryption,0.05,5,,,,224,0.0001,1,logs_geosciences/dataset_slices_sorted_run_6_GoogLeNet,GoogLeNet,1,,2,32,4,,geosciences,static/plots_geosciences/dataset_slices_sorted_run_6_GoogLeNet,,run_dataset_geosciences/dataset_slices_sorted_run_6_GoogLeNet,,,294.217449426651,True,6
2,FedProx,16,0.5857142857142857,0.43268983268983274,0.6802306847912925,0.3430612244897959,0.5857142857142857,0,-1,-1,csv_geosciences/runs/20260415-161449_dataset_slices_sorted_worker_7.csv,dataset_slices_sorted,dataset/dataset_slices_sorted,cuda,5,no_encryption,0.05,5,,,,224,0.01,2,logs_geosciences/dataset_slices_sorted_run_7_GoogLeNet,GoogLeNet,1,,2,2,4,,geosciences,static/plots_geosciences/dataset_slices_sorted_run_7_GoogLeNet,,run_dataset_geosciences/dataset_slices_sorted_run_7_GoogLeNet,,,200.29358005523682,True,7
2,FedAvg,16,0.6595238095238095,0.6549764090237244,0.6579062711624872,0.6548638606491287,0.6595238095238095,1,-1,-1,csv_geosciences/runs/20260415-161610_dataset_slices_sorted_worker_10.csv,dataset_slices_sorted,dataset/dataset_slices_sorted,cuda,5,no_encryption,0.0,5,,,,224,0.001,2,logs_geosciences/dataset_slices_sorted_run_10_GoogLeNet,GoogLeNet,1,,2,2,2,,geosciences,static/plots_geosciences/dataset_slices_sorted_run_10_GoogLeNet,,run_dataset_geosciences/dataset_slices_sorted_run_10_GoogLeNet,,,196.7969045639038,True,10
2,FedAvg,16,0.6261904761904762,0.6270189471744659,0.6516853956949143,0.6289874299719888,0.6261904761904762,4,-1,-1,csv_geosciences/runs/20260415-161632_dataset_slices_sorted_worker_9.csv,dataset_slices_sorted,dataset/dataset_slices_sorted,cuda,5,no_encryption,0.0,5,,,,224,0.001,2,logs_geosciences/dataset_slices_sorted_run_9_GoogLeNet,GoogLeNet,1,,2,2,4,,geosciences,static/plots_geosciences/dataset_slices_sorted_run_9_GoogLeNet,,run_dataset_geosciences/dataset_slices_sorted_run_9_GoogLeNet,,,200.5893132686615,True,9
2,FedProx,16,0.6738095238095239,0.6544435106460795,0.6345433873789651,0.6735157966635554,0.6738095238095239,3,-1,-1,csv_geosciences/runs/20260415-161640_dataset_slices_sorted_worker_0.csv,dataset_slices_sorted,dataset/dataset_slices_sorted,cuda,5,no_encryption,0.05,5,,,,224,0.001,2,logs_geosciences/dataset_slices_sorted_run_0_GoogLeNet,GoogLeNet,1,,2,2,2,,geosciences,static/plots_geosciences/dataset_slices_sorted_run_0_GoogLeNet,,run_dataset_geosciences/dataset_slices_sorted_run_0_GoogLeNet,,,200.69651222229004,True,0
2,FedProx,16,0.5857142857142857,0.43268983268983274,0.6820100131488982,0.3430612244897959,0.5857142857142857,0,-1,-1,csv_geosciences/runs/20260415-161707_dataset_slices_sorted_worker_3.csv,dataset_slices_sorted,dataset/dataset_slices_sorted,cuda,5,no_encryption,0.05,5,,,,224,0.001,2,logs_geosciences/dataset_slices_sorted_run_3_GoogLeNet,GoogLeNet,1,,2,2,4,,geosciences,static/plots_geosciences/dataset_slices_sorted_run_3_GoogLeNet,,run_dataset_geosciences/dataset_slices_sorted_run_3_GoogLeNet,,,202.60048055648804,True,3
2,FedAvg,16,0.6452380952380953,0.6357658919621908,0.6324158163297744,0.6377611143481864,0.6452380952380953,4,-1,-1,csv_geosciences/runs/20260415-161716_dataset_slices_sorted_worker_4.csv,dataset_slices_sorted,dataset/dataset_slices_sorted,cuda,5,no_encryption,0.0,5,,,,224,0.0001,2,logs_geosciences/dataset_slices_sorted_run_4_GoogLeNet,GoogLeNet,1,,2,2,2,,geosciences,static/plots_geosciences/dataset_slices_sorted_run_4_GoogLeNet,,run_dataset_geosciences/dataset_slices_sorted_run_4_GoogLeNet,,,200.34080505371094,True,4
2,FedAvg,16,0.6261904761904762,0.5814001600909102,0.652525212935039,0.6240878015304734,0.6261904761904762,4,-1,-1,csv_geosciences/runs/20260415-161731_dataset_slices_sorted_worker_1.csv,dataset_slices_sorted,dataset/dataset_slices_sorted,cuda,5,no_encryption,0.0,5,,,,224,0.0001,2,logs_geosciences/dataset_slices_sorted_run_1_GoogLeNet,GoogLeNet,1,,2,2,4,,geosciences,static/plots_geosciences/dataset_slices_sorted_run_1_GoogLeNet,,run_dataset_geosciences/dataset_slices_sorted_run_1_GoogLeNet,,,203.65964698791504,True,1
2,FedProx,16,0.6547619047619048,0.6474963757332138,0.6422125901494707,0.6488079680610468,0.6547619047619048,4,-1,-1,csv_geosciences/runs/20260415-161820_dataset_slices_sorted_worker_6.csv,dataset_slices_sorted,dataset/dataset_slices_sorted,cuda,5,no_encryption,0.05,5,,,,224,0.0001,2,logs_geosciences/dataset_slices_sorted_run_6_GoogLeNet,GoogLeNet,1,,2,2,2,,geosciences,static/plots_geosciences/dataset_slices_sorted_run_6_GoogLeNet,,run_dataset_geosciences/dataset_slices_sorted_run_6_GoogLeNet,,,208.83765745162964,True,6
2,FedProx,16,0.5880952380952381,0.4380492662119168,0.6653187379950569,0.5510248022654037,0.5880952380952381,4,-1,-1,csv_geosciences/runs/20260415-161823_dataset_slices_sorted_worker_7.csv,dataset_slices_sorted,dataset/dataset_slices_sorted,cuda,5,no_encryption,0.05,5,,,,224,0.0001,2,logs_geosciences/dataset_slices_sorted_run_7_GoogLeNet,GoogLeNet,1,,2,2,4,,geosciences,static/plots_geosciences/dataset_slices_sorted_run_7_GoogLeNet,,run_dataset_geosciences/dataset_slices_sorted_run_7_GoogLeNet,,,210.7640414237976,True,7
4,FedAvg,16,0.5904761904761905,0.4384374108925007,0.6807500578108288,0.34866213151927433,0.5904761904761905,0,-1,-1,csv_geosciences/runs/20260415-161839_dataset_slices_sorted_worker_10.csv,dataset_slices_sorted,dataset/dataset_slices_sorted,cuda,5,no_encryption,0.0,5,,,,224,0.01,2,logs_geosciences/dataset_slices_sorted_run_10_GoogLeNet,GoogLeNet,1,,2,4,2,,geosciences,static/plots_geosciences/dataset_slices_sorted_run_10_GoogLeNet,,run_dataset_geosciences/dataset_slices_sorted_run_10_GoogLeNet,,,145.95632195472717,True,10
4,FedAvg,16,0.5904761904761905,0.4384374108925007,0.6775485248792739,0.34866213151927433,0.5904761904761905,0,-1,-1,csv_geosciences/runs/20260415-161906_dataset_slices_sorted_worker_9.csv,dataset_slices_sorted,dataset/dataset_slices_sorted,cuda,5,no_encryption,0.0,5,,,,224,0.01,2,logs_geosciences/dataset_slices_sorted_run_9_GoogLeNet,GoogLeNet,1,,2,4,4,,geosciences,static/plots_geosciences/dataset_slices_sorted_run_9_GoogLeNet,,run_dataset_geosciences/dataset_slices_sorted_run_9_GoogLeNet,,,151.423344373703,True,9
4,FedProx,16,0.5904761904761905,0.4384374108925007,0.6803171269950412,0.34866213151927433,0.5904761904761905,0,-1,-1,csv_geosciences/runs/20260415-161914_dataset_slices_sorted_worker_0.csv,dataset_slices_sorted,dataset/dataset_slices_sorted,cuda,5,no_encryption,0.05,5,,,,224,0.01,2,logs_geosciences/dataset_slices_sorted_run_0_GoogLeNet,GoogLeNet,1,,2,4,2,,geosciences,static/plots_geosciences/dataset_slices_sorted_run_0_GoogLeNet,,run_dataset_geosciences/dataset_slices_sorted_run_0_GoogLeNet,,,150.7932460308075,True,0
4,FedProx,16,0.5904761904761905,0.4384374108925007,0.682915755822545,0.34866213151927433,0.5904761904761905,0,-1,-1,csv_geosciences/runs/20260415-161944_dataset_slices_sorted_worker_3.csv,dataset_slices_sorted,dataset/dataset_slices_sorted,cuda,5,no_encryption,0.05,5,,,,224,0.01,2,logs_geosciences/dataset_slices_sorted_run_3_GoogLeNet,GoogLeNet,1,,2,4,4,,geosciences,static/plots_geosciences/dataset_slices_sorted_run_3_GoogLeNet,,run_dataset_geosciences/dataset_slices_sorted_run_3_GoogLeNet,,,153.83368062973022,True,3
4,FedAvg,16,0.6261904761904762,0.6281166192066401,0.6559404256797973,0.651804248489528,0.6261904761904762,3,-1,-1,csv_geosciences/runs/20260415-161948_dataset_slices_sorted_worker_4.csv,dataset_slices_sorted,dataset/dataset_slices_sorted,cuda,5,no_encryption,0.0,5,,,,224,0.001,2,logs_geosciences/dataset_slices_sorted_run_4_GoogLeNet,GoogLeNet,1,,2,4,2,,geosciences,static/plots_geosciences/dataset_slices_sorted_run_4_GoogLeNet,,run_dataset_geosciences/dataset_slices_sorted_run_4_GoogLeNet,,,147.9690454006195,True,4
4,FedAvg,16,0.6404761904761904,0.6396545469655512,0.6502271127133142,0.6423748172741615,0.6404761904761904,4,-1,-1,csv_geosciences/runs/20260415-162010_dataset_slices_sorted_worker_1.csv,dataset_slices_sorted,dataset/dataset_slices_sorted,cuda,5,no_encryption,0.0,5,,,,224,0.001,2,logs_geosciences/dataset_slices_sorted_run_1_GoogLeNet,GoogLeNet,1,,2,4,4,,geosciences,static/plots_geosciences/dataset_slices_sorted_run_1_GoogLeNet,,run_dataset_geosciences/dataset_slices_sorted_run_1_GoogLeNet,,,155.9288628101349,True,1
4,FedProx,16,0.6452380952380953,0.6475348304456623,0.6362710725693476,0.6532896865150647,0.6452380952380953,4,-1,-1,csv_geosciences/runs/20260415-162100_dataset_slices_sorted_worker_6.csv,dataset_slices_sorted,dataset/dataset_slices_sorted,cuda,5,no_encryption,0.05,5,,,,224,0.001,2,logs_geosciences/dataset_slices_sorted_run_6_GoogLeNet,GoogLeNet,1,,2,4,2,,geosciences,static/plots_geosciences/dataset_slices_sorted_run_6_GoogLeNet,,run_dataset_geosciences/dataset_slices_sorted_run_6_GoogLeNet,,,155.95733404159546,True,6
4,FedProx,16,0.5904761904761905,0.4384374108925007,0.6842206652675357,0.34866213151927433,0.5904761904761905,0,-1,-1,csv_geosciences/runs/20260415-162106_dataset_slices_sorted_worker_7.csv,dataset_slices_sorted,dataset/dataset_slices_sorted,cuda,5,no_encryption,0.05,5,,,,224,0.001,2,logs_geosciences/dataset_slices_sorted_run_7_GoogLeNet,GoogLeNet,1,,2,4,4,,geosciences,static/plots_geosciences/dataset_slices_sorted_run_7_GoogLeNet,,run_dataset_geosciences/dataset_slices_sorted_run_7_GoogLeNet,,,160.15825009346008,True,7
4,FedAvg,16,0.6357142857142857,0.5762620799112289,0.6341330902917045,0.6486048333674568,0.6357142857142857,4,-1,-1,csv_geosciences/runs/20260415-162118_dataset_slices_sorted_worker_10.csv,dataset_slices_sorted,dataset/dataset_slices_sorted,cuda,5,no_encryption,0.0,5,,,,224,0.0001,2,logs_geosciences/dataset_slices_sorted_run_10_GoogLeNet,GoogLeNet,1,,2,4,2,,geosciences,static/plots_geosciences/dataset_slices_sorted_run_10_GoogLeNet,,run_dataset_geosciences/dataset_slices_sorted_run_10_GoogLeNet,,,155.8507261276245,True,10
4,FedAvg,16,0.5904761904761905,0.4384374108925007,0.6762562680812109,0.34866213151927433,0.5904761904761905,0,-1,-1,csv_geosciences/runs/20260415-162150_dataset_slices_sorted_worker_9.csv,dataset_slices_sorted,dataset/dataset_slices_sorted,cuda,5,no_encryption,0.0,5,,,,224,0.0001,2,logs_geosciences/dataset_slices_sorted_run_9_GoogLeNet,GoogLeNet,1,,2,4,4,,geosciences,static/plots_geosciences/dataset_slices_sorted_run_9_GoogLeNet,,run_dataset_geosciences/dataset_slices_sorted_run_9_GoogLeNet,,,160.58736205101013,True,9
4,FedProx,16,0.6285714285714286,0.5888541303325386,0.6456670352390834,0.6212487503216805,0.6285714285714286,3,-1,-1,csv_geosciences/runs/20260415-162156_dataset_slices_sorted_worker_0.csv,dataset_slices_sorted,dataset/dataset_slices_sorted,cuda,5,no_encryption,0.05,5,,,,224,0.0001,2,logs_geosciences/dataset_slices_sorted_run_0_GoogLeNet,GoogLeNet,1,,2,4,2,,geosciences,static/plots_geosciences/dataset_slices_sorted_run_0_GoogLeNet,,run_dataset_geosciences/dataset_slices_sorted_run_0_GoogLeNet,,,159.38216423988342,True,0
4,FedProx,16,0.5904761904761905,0.4384374108925007,0.6778529588665281,0.34866213151927433,0.5904761904761905,0,-1,-1,csv_geosciences/runs/20260415-162232_dataset_slices_sorted_worker_3.csv,dataset_slices_sorted,dataset/dataset_slices_sorted,cuda,5,no_encryption,0.05,5,,,,224,0.0001,2,logs_geosciences/dataset_slices_sorted_run_3_GoogLeNet,GoogLeNet,1,,2,4,4,,geosciences,static/plots_geosciences/dataset_slices_sorted_run_3_GoogLeNet,,run_dataset_geosciences/dataset_slices_sorted_run_3_GoogLeNet,,,164.43814492225647,True,3
8,FedAvg,16,0.5849056603773585,0.4317160826594789,0.6915698512545172,0.3421146315414738,0.5849056603773585,0,-1,-1,csv_geosciences/runs/20260415-162239_dataset_slices_sorted_worker_4.csv,dataset_slices_sorted,dataset/dataset_slices_sorted,cuda,5,no_encryption,0.0,5,,,,224,0.01,2,logs_geosciences/dataset_slices_sorted_run_4_GoogLeNet,GoogLeNet,1,,2,8,2,,geosciences,static/plots_geosciences/dataset_slices_sorted_run_4_GoogLeNet,,run_dataset_geosciences/dataset_slices_sorted_run_4_GoogLeNet,,,167.54816508293152,True,4
8,FedAvg,16,0.5849056603773585,0.4317160826594789,0.6799027694846099,0.3421146315414738,0.5849056603773585,0,-1,-1,csv_geosciences/runs/20260415-162311_dataset_slices_sorted_worker_1.csv,dataset_slices_sorted,dataset/dataset_slices_sorted,cuda,5,no_encryption,0.0,5,,,,224,0.01,2,logs_geosciences/dataset_slices_sorted_run_1_GoogLeNet,GoogLeNet,1,,2,8,4,,geosciences,static/plots_geosciences/dataset_slices_sorted_run_1_GoogLeNet,,run_dataset_geosciences/dataset_slices_sorted_run_1_GoogLeNet,,,177.65507197380066,True,1
8,FedProx,16,0.5849056603773585,0.4317160826594789,0.6903927663587174,0.3421146315414738,0.5849056603773585,0,-1,-1,csv_geosciences/runs/20260415-162354_dataset_slices_sorted_worker_6.csv,dataset_slices_sorted,dataset/dataset_slices_sorted,cuda,5,no_encryption,0.05,5,,,,224,0.01,2,logs_geosciences/dataset_slices_sorted_run_6_GoogLeNet,GoogLeNet,1,,2,8,2,,geosciences,static/plots_geosciences/dataset_slices_sorted_run_6_GoogLeNet,,run_dataset_geosciences/dataset_slices_sorted_run_6_GoogLeNet,,,170.83664846420288,True,6
8,FedAvg,16,0.6108490566037735,0.6073729808457087,0.6875545307993889,0.6131788637352482,0.6108490566037735,1,-1,-1,csv_geosciences/runs/20260415-162407_dataset_slices_sorted_worker_10.csv,dataset_slices_sorted,dataset/dataset_slices_sorted,cuda,5,no_encryption,0.0,5,,,,224,0.001,2,logs_geosciences/dataset_slices_sorted_run_10_GoogLeNet,GoogLeNet,1,,2,8,2,,geosciences,static/plots_geosciences/dataset_slices_sorted_run_10_GoogLeNet,,run_dataset_geosciences/dataset_slices_sorted_run_10_GoogLeNet,,,165.7655313014984,True,10
8,FedProx,16,0.5849056603773585,0.4317160826594789,0.6876600041704358,0.3421146315414738,0.5849056603773585,0,-1,-1,csv_geosciences/runs/20260415-162409_dataset_slices_sorted_worker_7.csv,dataset_slices_sorted,dataset/dataset_slices_sorted,cuda,5,no_encryption,0.05,5,,,,224,0.01,2,logs_geosciences/dataset_slices_sorted_run_7_GoogLeNet,GoogLeNet,1,,2,8,4,,geosciences,static/plots_geosciences/dataset_slices_sorted_run_7_GoogLeNet,,run_dataset_geosciences/dataset_slices_sorted_run_7_GoogLeNet,,,179.56148481369019,True,7
8,FedAvg,16,0.589622641509434,0.44204022229784024,0.6896828207767235,0.4475329983295451,0.589622641509434,1,-1,-1,csv_geosciences/runs/20260415-162453_dataset_slices_sorted_worker_9.csv,dataset_slices_sorted,dataset/dataset_slices_sorted,cuda,5,no_encryption,0.0,5,,,,224,0.001,2,logs_geosciences/dataset_slices_sorted_run_9_GoogLeNet,GoogLeNet,1,,2,8,4,,geosciences,static/plots_geosciences/dataset_slices_sorted_run_9_GoogLeNet,,run_dataset_geosciences/dataset_slices_sorted_run_9_GoogLeNet,,,179.46093368530273,True,9
8,FedProx,16,0.6509433962264151,0.6465264894568749,0.651617927230754,0.6459303324734954,0.6509433962264151,3,-1,-1,csv_geosciences/runs/20260415-162454_dataset_slices_sorted_worker_0.csv,dataset_slices_sorted,dataset/dataset_slices_sorted,cuda,5,no_encryption,0.05,5,,,,224,0.001,2,logs_geosciences/dataset_slices_sorted_run_0_GoogLeNet,GoogLeNet,1,,2,8,2,,geosciences,static/plots_geosciences/dataset_slices_sorted_run_0_GoogLeNet,,run_dataset_geosciences/dataset_slices_sorted_run_0_GoogLeNet,,,174.3882417678833,True,0
8,FedAvg,16,0.6226415094339622,0.5352787410937616,0.6480830753186964,0.6784650889093878,0.6226415094339622,4,-1,-1,csv_geosciences/runs/20260415-162541_dataset_slices_sorted_worker_4.csv,dataset_slices_sorted,dataset/dataset_slices_sorted,cuda,5,no_encryption,0.0,5,,,,224,0.0001,2,logs_geosciences/dataset_slices_sorted_run_4_GoogLeNet,GoogLeNet,1,,2,8,2,,geosciences,static/plots_geosciences/dataset_slices_sorted_run_4_GoogLeNet,,run_dataset_geosciences/dataset_slices_sorted_run_4_GoogLeNet,,,179.31041169166565,True,4
8,FedProx,16,0.5849056603773585,0.4317160826594789,0.6813265438068588,0.3421146315414738,0.5849056603773585,0,-1,-1,csv_geosciences/runs/20260415-162545_dataset_slices_sorted_worker_3.csv,dataset_slices_sorted,dataset/dataset_slices_sorted,cuda,5,no_encryption,0.05,5,,,,224,0.001,2,logs_geosciences/dataset_slices_sorted_run_3_GoogLeNet,GoogLeNet,1,,2,8,4,,geosciences,static/plots_geosciences/dataset_slices_sorted_run_3_GoogLeNet,,run_dataset_geosciences/dataset_slices_sorted_run_3_GoogLeNet,,,189.40799498558044,True,3
8,FedAvg,16,0.5849056603773585,0.4317160826594789,0.6800847222220223,0.3421146315414738,0.5849056603773585,0,-1,-1,csv_geosciences/runs/20260415-162626_dataset_slices_sorted_worker_1.csv,dataset_slices_sorted,dataset/dataset_slices_sorted,cuda,5,no_encryption,0.0,5,,,,224,0.0001,2,logs_geosciences/dataset_slices_sorted_run_1_GoogLeNet,GoogLeNet,1,,2,8,4,,geosciences,static/plots_geosciences/dataset_slices_sorted_run_1_GoogLeNet,,run_dataset_geosciences/dataset_slices_sorted_run_1_GoogLeNet,,,192.5697684288025,True,1
8,FedProx,16,0.6084905660377359,0.49882826997607416,0.6541918208295444,0.6934143323512278,0.6084905660377359,4,-1,-1,csv_geosciences/runs/20260415-162705_dataset_slices_sorted_worker_6.csv,dataset_slices_sorted,dataset/dataset_slices_sorted,cuda,5,no_encryption,0.05,5,,,,224,0.0001,2,logs_geosciences/dataset_slices_sorted_run_6_GoogLeNet,GoogLeNet,1,,2,8,2,,geosciences,static/plots_geosciences/dataset_slices_sorted_run_6_GoogLeNet,,run_dataset_geosciences/dataset_slices_sorted_run_6_GoogLeNet,,,188.24561643600464,True,6
8,FedProx,16,0.5849056603773585,0.4317160826594789,0.684239628180018,0.3421146315414738,0.5849056603773585,0,-1,-1,csv_geosciences/runs/20260415-162721_dataset_slices_sorted_worker_10.csv,dataset_slices_sorted,dataset/dataset_slices_sorted,cuda,5,no_encryption,0.05,5,,,,224,0.0001,2,logs_geosciences/dataset_slices_sorted_run_10_GoogLeNet,GoogLeNet,1,,2,8,4,,geosciences,static/plots_geosciences/dataset_slices_sorted_run_10_GoogLeNet,,run_dataset_geosciences/dataset_slices_sorted_run_10_GoogLeNet,,,190.76248335838318,True,10
16,FedAvg,16,0.5925925925925926,0.4409991386735573,0.6788504211990921,0.3511659807956104,0.5925925925925926,1,-1,-1,csv_geosciences/runs/20260415-162822_dataset_slices_sorted_worker_7.csv,dataset_slices_sorted,dataset/dataset_slices_sorted,cuda,5,no_encryption,0.0,5,,,,224,0.01,2,logs_geosciences/dataset_slices_sorted_run_7_GoogLeNet,GoogLeNet,1,,2,16,2,,geosciences,static/plots_geosciences/dataset_slices_sorted_run_7_GoogLeNet,,run_dataset_geosciences/dataset_slices_sorted_run_7_GoogLeNet,,,249.440505027771,True,7
16,FedProx,16,0.5925925925925926,0.4409991386735573,0.6791374705455921,0.3511659807956104,0.5925925925925926,1,-1,-1,csv_geosciences/runs/20260415-162859_dataset_slices_sorted_worker_0.csv,dataset_slices_sorted,dataset/dataset_slices_sorted,cuda,5,no_encryption,0.05,5,,,,224,0.01,2,logs_geosciences/dataset_slices_sorted_run_0_GoogLeNet,GoogLeNet,1,,2,16,2,,geosciences,static/plots_geosciences/dataset_slices_sorted_run_0_GoogLeNet,,run_dataset_geosciences/dataset_slices_sorted_run_0_GoogLeNet,,,242.14906811714172,True,0
16,FedAvg,16,0.5925925925925926,0.4409991386735573,0.6823300498503225,0.3511659807956104,0.5925925925925926,0,-1,-1,csv_geosciences/runs/20260415-162910_dataset_slices_sorted_worker_9.csv,dataset_slices_sorted,dataset/dataset_slices_sorted,cuda,5,no_encryption,0.0,5,,,,224,0.01,2,logs_geosciences/dataset_slices_sorted_run_9_GoogLeNet,GoogLeNet,1,,2,16,4,,geosciences,static/plots_geosciences/dataset_slices_sorted_run_9_GoogLeNet,,run_dataset_geosciences/dataset_slices_sorted_run_9_GoogLeNet,,,254.4897768497467,True,9
16,FedAvg,16,0.5925925925925926,0.4409991386735573,0.6775410539574094,0.3511659807956104,0.5925925925925926,0,-1,-1,csv_geosciences/runs/20260415-162941_dataset_slices_sorted_worker_3.csv,dataset_slices_sorted,dataset/dataset_slices_sorted,cuda,5,no_encryption,0.0,5,,,,224,0.001,2,logs_geosciences/dataset_slices_sorted_run_3_GoogLeNet,GoogLeNet,1,,2,16,2,,geosciences,static/plots_geosciences/dataset_slices_sorted_run_3_GoogLeNet,,run_dataset_geosciences/dataset_slices_sorted_run_3_GoogLeNet,,,232.9786081314087,True,3
16,FedProx,16,0.5925925925925926,0.4409991386735573,0.68953528655348,0.3511659807956104,0.5925925925925926,0,-1,-1,csv_geosciences/runs/20260415-163000_dataset_slices_sorted_worker_4.csv,dataset_slices_sorted,dataset/dataset_slices_sorted,cuda,5,no_encryption,0.05,5,,,,224,0.01,2,logs_geosciences/dataset_slices_sorted_run_4_GoogLeNet,GoogLeNet,1,,2,16,4,,geosciences,static/plots_geosciences/dataset_slices_sorted_run_4_GoogLeNet,,run_dataset_geosciences/dataset_slices_sorted_run_4_GoogLeNet,,,255.687833070755,True,4
16,FedAvg,16,0.5925925925925926,0.4409991386735573,0.6801988970902231,0.3511659807956104,0.5925925925925926,0,-1,-1,csv_geosciences/runs/20260415-163044_dataset_slices_sorted_worker_1.csv,dataset_slices_sorted,dataset/dataset_slices_sorted,cuda,5,no_encryption,0.0,5,,,,224,0.001,2,logs_geosciences/dataset_slices_sorted_run_1_GoogLeNet,GoogLeNet,1,,2,16,4,,geosciences,static/plots_geosciences/dataset_slices_sorted_run_1_GoogLeNet,,run_dataset_geosciences/dataset_slices_sorted_run_1_GoogLeNet,,,254.88565969467163,True,1
16,FedProx,16,0.6527777777777778,0.6366659630247521,0.6565942853965141,0.6554221855246323,0.6527777777777778,4,-1,-1,csv_geosciences/runs/20260415-163110_dataset_slices_sorted_worker_6.csv,dataset_slices_sorted,dataset/dataset_slices_sorted,cuda,5,no_encryption,0.05,5,,,,224,0.001,2,logs_geosciences/dataset_slices_sorted_run_6_GoogLeNet,GoogLeNet,1,,2,16,2,,geosciences,static/plots_geosciences/dataset_slices_sorted_run_6_GoogLeNet,,run_dataset_geosciences/dataset_slices_sorted_run_6_GoogLeNet,,,241.39611530303955,True,6
16,FedProx,16,0.6087962962962963,0.4825475297445423,0.6838303086934266,0.574048353909465,0.6087962962962963,4,-1,-1,csv_geosciences/runs/20260415-163138_dataset_slices_sorted_worker_10.csv,dataset_slices_sorted,dataset/dataset_slices_sorted,cuda,5,no_encryption,0.05,5,,,,224,0.001,2,logs_geosciences/dataset_slices_sorted_run_10_GoogLeNet,GoogLeNet,1,,2,16,4,,geosciences,static/plots_geosciences/dataset_slices_sorted_run_10_GoogLeNet,,run_dataset_geosciences/dataset_slices_sorted_run_10_GoogLeNet,,,252.5223684310913,True,10
16,FedAvg,16,0.5949074074074074,0.44589921455231535,0.6655496967335542,0.37747309275087054,0.5949074074074074,3,-1,-1,csv_geosciences/runs/20260415-163250_dataset_slices_sorted_worker_7.csv,dataset_slices_sorted,dataset/dataset_slices_sorted,cuda,5,no_encryption,0.0,5,,,,224,0.0001,2,logs_geosciences/dataset_slices_sorted_run_7_GoogLeNet,GoogLeNet,1,,2,16,2,,geosciences,static/plots_geosciences/dataset_slices_sorted_run_7_GoogLeNet,,run_dataset_geosciences/dataset_slices_sorted_run_7_GoogLeNet,,,264.8212971687317,True,7
16,FedAvg,16,0.5925925925925926,0.4409991386735573,0.6782505521895709,0.3511659807956104,0.5925925925925926,0,-1,-1,csv_geosciences/runs/20260415-163326_dataset_slices_sorted_worker_0.csv,dataset_slices_sorted,dataset/dataset_slices_sorted,cuda,5,no_encryption,0.0,5,,,,224,0.0001,2,logs_geosciences/dataset_slices_sorted_run_0_GoogLeNet,GoogLeNet,1,,2,16,4,,geosciences,static/plots_geosciences/dataset_slices_sorted_run_0_GoogLeNet,,run_dataset_geosciences/dataset_slices_sorted_run_0_GoogLeNet,,,263.8464777469635,True,0
16,FedProx,16,0.6018518518518519,0.47360946192837855,0.6604423291153378,0.487326817558299,0.6018518518518519,4,-1,-1,csv_geosciences/runs/20260415-163336_dataset_slices_sorted_worker_9.csv,dataset_slices_sorted,dataset/dataset_slices_sorted,cuda,5,no_encryption,0.05,5,,,,224,0.0001,2,logs_geosciences/dataset_slices_sorted_run_9_GoogLeNet,GoogLeNet,1,,2,16,2,,geosciences,static/plots_geosciences/dataset_slices_sorted_run_9_GoogLeNet,,run_dataset_geosciences/dataset_slices_sorted_run_9_GoogLeNet,,,262.8756773471832,True,9
16,FedProx,16,0.5925925925925926,0.4409991386735573,0.6830211799177859,0.3511659807956104,0.5925925925925926,1,-1,-1,csv_geosciences/runs/20260415-163423_dataset_slices_sorted_worker_3.csv,dataset_slices_sorted,dataset/dataset_slices_sorted,cuda,5,no_encryption,0.05,5,,,,224,0.0001,2,logs_geosciences/dataset_slices_sorted_run_3_GoogLeNet,GoogLeNet,1,,2,16,4,,geosciences,static/plots_geosciences/dataset_slices_sorted_run_3_GoogLeNet,,run_dataset_geosciences/dataset_slices_sorted_run_3_GoogLeNet,,,278.38162660598755,True,3
32,FedAvg,16,0.5727069351230425,0.4171339473352896,0.6869856545855801,0.32804779113503946,0.5727069351230425,0,-1,-1,csv_geosciences/runs/20260415-163602_dataset_slices_sorted_worker_4.csv,dataset_slices_sorted,dataset/dataset_slices_sorted,cuda,5,no_encryption,0.0,5,,,,224,0.01,2,logs_geosciences/dataset_slices_sorted_run_4_GoogLeNet,GoogLeNet,1,,2,32,2,,geosciences,static/plots_geosciences/dataset_slices_sorted_run_4_GoogLeNet,,run_dataset_geosciences/dataset_slices_sorted_run_4_GoogLeNet,,,358.9473807811737,True,4
32,FedAvg,16,0.5727069351230425,0.4171339473352896,0.6853510813425051,0.32804779113503946,0.5727069351230425,0,-1,-1,csv_geosciences/runs/20260415-163645_dataset_slices_sorted_worker_1.csv,dataset_slices_sorted,dataset/dataset_slices_sorted,cuda,5,no_encryption,0.0,5,,,,224,0.01,2,logs_geosciences/dataset_slices_sorted_run_1_GoogLeNet,GoogLeNet,1,,2,32,4,,geosciences,static/plots_geosciences/dataset_slices_sorted_run_1_GoogLeNet,,run_dataset_geosciences/dataset_slices_sorted_run_1_GoogLeNet,,,357.0394196510315,True,1
32,FedProx,16,0.5727069351230425,0.4171339473352896,0.6918147052961174,0.32804779113503946,0.5727069351230425,0,-1,-1,csv_geosciences/runs/20260415-163648_dataset_slices_sorted_worker_6.csv,dataset_slices_sorted,dataset/dataset_slices_sorted,cuda,5,no_encryption,0.05,5,,,,224,0.01,2,logs_geosciences/dataset_slices_sorted_run_6_GoogLeNet,GoogLeNet,1,,2,32,2,,geosciences,static/plots_geosciences/dataset_slices_sorted_run_6_GoogLeNet,,run_dataset_geosciences/dataset_slices_sorted_run_6_GoogLeNet,,,335.34633779525757,True,6
32,FedProx,16,0.5727069351230425,0.4171339473352896,0.6884856962784291,0.32804779113503946,0.5727069351230425,0,-1,-1,csv_geosciences/runs/20260415-163804_dataset_slices_sorted_worker_10.csv,dataset_slices_sorted,dataset/dataset_slices_sorted,cuda,5,no_encryption,0.05,5,,,,224,0.01,2,logs_geosciences/dataset_slices_sorted_run_10_GoogLeNet,GoogLeNet,1,,2,32,4,,geosciences,static/plots_geosciences/dataset_slices_sorted_run_10_GoogLeNet,,run_dataset_geosciences/dataset_slices_sorted_run_10_GoogLeNet,,,382.2810552120209,True,10
32,FedAvg,16,0.5727069351230425,0.4171339473352896,0.6804382345020371,0.32804779113503946,0.5727069351230425,0,-1,-1,csv_geosciences/runs/20260415-163839_dataset_slices_sorted_worker_7.csv,dataset_slices_sorted,dataset/dataset_slices_sorted,cuda,5,no_encryption,0.0,5,,,,224,0.001,2,logs_geosciences/dataset_slices_sorted_run_7_GoogLeNet,GoogLeNet,1,,2,32,2,,geosciences,static/plots_geosciences/dataset_slices_sorted_run_7_GoogLeNet,,run_dataset_geosciences/dataset_slices_sorted_run_7_GoogLeNet,,,345.4280836582184,True,7
32,FedProx,16,0.5838926174496645,0.43940846625410385,0.672811405104012,0.39909531184698965,0.5838926174496645,4,-1,-1,csv_geosciences/runs/20260415-163921_dataset_slices_sorted_worker_9.csv,dataset_slices_sorted,dataset/dataset_slices_sorted,cuda,5,no_encryption,0.05,5,,,,224,0.001,2,logs_geosciences/dataset_slices_sorted_run_9_GoogLeNet,GoogLeNet,1,,2,32,2,,geosciences,static/plots_geosciences/dataset_slices_sorted_run_9_GoogLeNet,,run_dataset_geosciences/dataset_slices_sorted_run_9_GoogLeNet,,,340.62401151657104,True,9
32,FedAvg,16,0.5727069351230425,0.4171339473352896,0.6832762301901576,0.32804779113503946,0.5727069351230425,0,-1,-1,csv_geosciences/runs/20260415-163933_dataset_slices_sorted_worker_0.csv,dataset_slices_sorted,dataset/dataset_slices_sorted,cuda,5,no_encryption,0.0,5,,,,224,0.001,2,logs_geosciences/dataset_slices_sorted_run_0_GoogLeNet,GoogLeNet,1,,2,32,4,,geosciences,static/plots_geosciences/dataset_slices_sorted_run_0_GoogLeNet,,run_dataset_geosciences/dataset_slices_sorted_run_0_GoogLeNet,,,363.774667263031,True,0
32,FedProx,16,0.5727069351230425,0.4171339473352896,0.6844863420898215,0.32804779113503946,0.5727069351230425,0,-1,-1,csv_geosciences/runs/20260415-164030_dataset_slices_sorted_worker_3.csv,dataset_slices_sorted,dataset/dataset_slices_sorted,cuda,5,no_encryption,0.05,5,,,,224,0.001,2,logs_geosciences/dataset_slices_sorted_run_3_GoogLeNet,GoogLeNet,1,,2,32,4,,geosciences,static/plots_geosciences/dataset_slices_sorted_run_3_GoogLeNet,,run_dataset_geosciences/dataset_slices_sorted_run_3_GoogLeNet,,,363.5822925567627,True,3
32,FedAvg,16,0.5727069351230425,0.4171339473352896,0.6877959858651129,0.32804779113503946,0.5727069351230425,0,-1,-1,csv_geosciences/runs/20260415-164130_dataset_slices_sorted_worker_4.csv,dataset_slices_sorted,dataset/dataset_slices_sorted,cuda,5,no_encryption,0.0,5,,,,224,0.0001,2,logs_geosciences/dataset_slices_sorted_run_4_GoogLeNet,GoogLeNet,1,,2,32,2,,geosciences,static/plots_geosciences/dataset_slices_sorted_run_4_GoogLeNet,,run_dataset_geosciences/dataset_slices_sorted_run_4_GoogLeNet,,,323.9670877456665,True,4
32,FedProx,16,0.5727069351230425,0.4171339473352896,0.6846873650881534,0.32804779113503946,0.5727069351230425,0,-1,-1,csv_geosciences/runs/20260415-164159_dataset_slices_sorted_worker_6.csv,dataset_slices_sorted,dataset/dataset_slices_sorted,cuda,5,no_encryption,0.05,5,,,,224,0.0001,2,logs_geosciences/dataset_slices_sorted_run_6_GoogLeNet,GoogLeNet,1,,2,32,2,,geosciences,static/plots_geosciences/dataset_slices_sorted_run_6_GoogLeNet,,run_dataset_geosciences/dataset_slices_sorted_run_6_GoogLeNet,,,306.93650341033936,True,6
32,FedAvg,16,0.5727069351230425,0.42724464200974266,0.690977905420649,0.36890626152371114,0.5727069351230425,0,-1,-1,csv_geosciences/runs/20260415-164217_dataset_slices_sorted_worker_1.csv,dataset_slices_sorted,dataset/dataset_slices_sorted,cuda,5,no_encryption,0.0,5,,,,224,0.0001,2,logs_geosciences/dataset_slices_sorted_run_1_GoogLeNet,GoogLeNet,1,,2,32,4,,geosciences,static/plots_geosciences/dataset_slices_sorted_run_1_GoogLeNet,,run_dataset_geosciences/dataset_slices_sorted_run_1_GoogLeNet,,,329.45724058151245,True,1
2,FedAvg,16,0.5857142857142857,0.43268983268983274,0.6789377564475649,0.3430612244897959,0.5857142857142857,0,-1,-1,csv_geosciences/runs/20260415-164254_dataset_slices_sorted_worker_7.csv,dataset_slices_sorted,dataset/dataset_slices_sorted,cuda,5,no_encryption,0.0,5,,,,224,0.01,3,logs_geosciences/dataset_slices_sorted_run_7_GoogLeNet,GoogLeNet,1,,2,2,2,,geosciences,static/plots_geosciences/dataset_slices_sorted_run_7_GoogLeNet,,run_dataset_geosciences/dataset_slices_sorted_run_7_GoogLeNet,,,252.64254593849182,True,7
32,FedProx,16,0.5727069351230425,0.4171339473352896,0.6889563745566929,0.32804779113503946,0.5727069351230425,0,-1,-1,csv_geosciences/runs/20260415-164330_dataset_slices_sorted_worker_10.csv,dataset_slices_sorted,dataset/dataset_slices_sorted,cuda,5,no_encryption,0.05,5,,,,224,0.0001,2,logs_geosciences/dataset_slices_sorted_run_10_GoogLeNet,GoogLeNet,1,,2,32,4,,geosciences,static/plots_geosciences/dataset_slices_sorted_run_10_GoogLeNet,,run_dataset_geosciences/dataset_slices_sorted_run_10_GoogLeNet,,,323.426784992218,True,10
2,FedAvg,16,0.5857142857142857,0.43268983268983274,0.6783940383366176,0.3430612244897959,0.5857142857142857,0,-1,-1,csv_geosciences/runs/20260415-164337_dataset_slices_sorted_worker_9.csv,dataset_slices_sorted,dataset/dataset_slices_sorted,cuda,5,no_encryption,0.0,5,,,,224,0.01,3,logs_geosciences/dataset_slices_sorted_run_9_GoogLeNet,GoogLeNet,1,,2,2,4,,geosciences,static/plots_geosciences/dataset_slices_sorted_run_9_GoogLeNet,,run_dataset_geosciences/dataset_slices_sorted_run_9_GoogLeNet,,,253.3662052154541,True,9
2,FedProx,16,0.5857142857142857,0.48036418116283336,0.6902511727242243,0.5559693141325794,0.5857142857142857,0,-1,-1,csv_geosciences/runs/20260415-164349_dataset_slices_sorted_worker_0.csv,dataset_slices_sorted,dataset/dataset_slices_sorted,cuda,5,no_encryption,0.05,5,,,,224,0.01,3,logs_geosciences/dataset_slices_sorted_run_0_GoogLeNet,GoogLeNet,1,,2,2,2,,geosciences,static/plots_geosciences/dataset_slices_sorted_run_0_GoogLeNet,,run_dataset_geosciences/dataset_slices_sorted_run_0_GoogLeNet,,,253.01339149475098,True,0
2,FedProx,16,0.5857142857142857,0.43268983268983274,0.6797100078491938,0.3430612244897959,0.5857142857142857,0,-1,-1,csv_geosciences/runs/20260415-164449_dataset_slices_sorted_worker_3.csv,dataset_slices_sorted,dataset/dataset_slices_sorted,cuda,5,no_encryption,0.05,5,,,,224,0.01,3,logs_geosciences/dataset_slices_sorted_run_3_GoogLeNet,GoogLeNet,1,,2,2,4,,geosciences,static/plots_geosciences/dataset_slices_sorted_run_3_GoogLeNet,,run_dataset_geosciences/dataset_slices_sorted_run_3_GoogLeNet,,,256.4670407772064,True,3
2,FedAvg,16,0.6642857142857143,0.6368346096177154,0.6202006632373447,0.6675526326914277,0.6642857142857143,4,-1,-1,csv_geosciences/runs/20260415-164545_dataset_slices_sorted_worker_4.csv,dataset_slices_sorted,dataset/dataset_slices_sorted,cuda,5,no_encryption,0.0,5,,,,224,0.001,3,logs_geosciences/dataset_slices_sorted_run_4_GoogLeNet,GoogLeNet,1,,2,2,2,,geosciences,static/plots_geosciences/dataset_slices_sorted_run_4_GoogLeNet,,run_dataset_geosciences/dataset_slices_sorted_run_4_GoogLeNet,,,251.8869345188141,True,4
2,FedAvg,16,0.6357142857142857,0.6378316992298755,0.6520304430098761,0.6425401666877931,0.6357142857142857,2,-1,-1,csv_geosciences/runs/20260415-164617_dataset_slices_sorted_worker_6.csv,dataset_slices_sorted,dataset/dataset_slices_sorted,cuda,5,no_encryption,0.0,5,,,,224,0.001,3,logs_geosciences/dataset_slices_sorted_run_6_GoogLeNet,GoogLeNet,1,,2,2,4,,geosciences,static/plots_geosciences/dataset_slices_sorted_run_6_GoogLeNet,,run_dataset_geosciences/dataset_slices_sorted_run_6_GoogLeNet,,,254.73161268234253,True,6
2,FedProx,16,0.6642857142857143,0.6461349256946681,0.6421337718055362,0.6622130172823847,0.6642857142857143,1,-1,-1,csv_geosciences/runs/20260415-164636_dataset_slices_sorted_worker_1.csv,dataset_slices_sorted,dataset/dataset_slices_sorted,cuda,5,no_encryption,0.05,5,,,,224,0.001,3,logs_geosciences/dataset_slices_sorted_run_1_GoogLeNet,GoogLeNet,1,,2,2,2,,geosciences,static/plots_geosciences/dataset_slices_sorted_run_1_GoogLeNet,,run_dataset_geosciences/dataset_slices_sorted_run_1_GoogLeNet,,,255.4700846672058,True,1
2,FedProx,16,0.6261904761904762,0.5945214708978672,0.6540562794322059,0.6186575717243419,0.6261904761904762,4,-1,-1,csv_geosciences/runs/20260415-164717_dataset_slices_sorted_worker_7.csv,dataset_slices_sorted,dataset/dataset_slices_sorted,cuda,5,no_encryption,0.05,5,,,,224,0.001,3,logs_geosciences/dataset_slices_sorted_run_7_GoogLeNet,GoogLeNet,1,,2,2,4,,geosciences,static/plots_geosciences/dataset_slices_sorted_run_7_GoogLeNet,,run_dataset_geosciences/dataset_slices_sorted_run_7_GoogLeNet,,,259.82282996177673,True,7
2,FedAvg,16,0.6666666666666666,0.6612827193672267,0.635117986372539,0.6623857853000354,0.6666666666666666,2,-1,-1,csv_geosciences/runs/20260415-164748_dataset_slices_sorted_worker_10.csv,dataset_slices_sorted,dataset/dataset_slices_sorted,cuda,5,no_encryption,0.0,5,,,,224,0.0001,3,logs_geosciences/dataset_slices_sorted_run_10_GoogLeNet,GoogLeNet,1,,2,2,2,,geosciences,static/plots_geosciences/dataset_slices_sorted_run_10_GoogLeNet,,run_dataset_geosciences/dataset_slices_sorted_run_10_GoogLeNet,,,254.44000267982483,True,10
2,FedAvg,16,0.6547619047619048,0.6415197502993781,0.6400340923241207,0.6494366808306901,0.6547619047619048,4,-1,-1,csv_geosciences/runs/20260415-164759_dataset_slices_sorted_worker_9.csv,dataset_slices_sorted,dataset/dataset_slices_sorted,cuda,5,no_encryption,0.0,5,,,,224,0.0001,3,logs_geosciences/dataset_slices_sorted_run_9_GoogLeNet,GoogLeNet,1,,2,2,4,,geosciences,static/plots_geosciences/dataset_slices_sorted_run_9_GoogLeNet,,run_dataset_geosciences/dataset_slices_sorted_run_9_GoogLeNet,,,258.5294466018677,True,9
2,FedProx,16,0.6452380952380953,0.6325254745254746,0.638967154991059,0.6376501064177557,0.6452380952380953,2,-1,-1,csv_geosciences/runs/20260415-164813_dataset_slices_sorted_worker_0.csv,dataset_slices_sorted,dataset/dataset_slices_sorted,cuda,5,no_encryption,0.05,5,,,,224,0.0001,3,logs_geosciences/dataset_slices_sorted_run_0_GoogLeNet,GoogLeNet,1,,2,2,2,,geosciences,static/plots_geosciences/dataset_slices_sorted_run_0_GoogLeNet,,run_dataset_geosciences/dataset_slices_sorted_run_0_GoogLeNet,,,260.6418845653534,True,0
4,FedAvg,16,0.5904761904761905,0.4384374108925007,0.6867346014295306,0.34866213151927433,0.5904761904761905,0,-1,-1,csv_geosciences/runs/20260415-164841_dataset_slices_sorted_worker_4.csv,dataset_slices_sorted,dataset/dataset_slices_sorted,cuda,5,no_encryption,0.0,5,,,,224,0.01,3,logs_geosciences/dataset_slices_sorted_run_4_GoogLeNet,GoogLeNet,1,,2,4,2,,geosciences,static/plots_geosciences/dataset_slices_sorted_run_4_GoogLeNet,,run_dataset_geosciences/dataset_slices_sorted_run_4_GoogLeNet,,,173.4850471019745,True,4
4,FedAvg,16,0.5904761904761905,0.4384374108925007,0.6774536439350674,0.34866213151927433,0.5904761904761905,0,-1,-1,csv_geosciences/runs/20260415-164918_dataset_slices_sorted_worker_6.csv,dataset_slices_sorted,dataset/dataset_slices_sorted,cuda,5,no_encryption,0.0,5,,,,224,0.01,3,logs_geosciences/dataset_slices_sorted_run_6_GoogLeNet,GoogLeNet,1,,2,4,4,,geosciences,static/plots_geosciences/dataset_slices_sorted_run_6_GoogLeNet,,run_dataset_geosciences/dataset_slices_sorted_run_6_GoogLeNet,,,177.9169328212738,True,6
2,FedProx,16,0.5857142857142857,0.44885657820440433,0.6619031159650712,0.5097722567287785,0.5857142857142857,4,-1,-1,csv_geosciences/runs/20260415-164919_dataset_slices_sorted_worker_3.csv,dataset_slices_sorted,dataset/dataset_slices_sorted,cuda,5,no_encryption,0.05,5,,,,224,0.0001,3,logs_geosciences/dataset_slices_sorted_run_3_GoogLeNet,GoogLeNet,1,,2,2,4,,geosciences,static/plots_geosciences/dataset_slices_sorted_run_3_GoogLeNet,,run_dataset_geosciences/dataset_slices_sorted_run_3_GoogLeNet,,,266.3923773765564,True,3
4,FedProx,16,0.5904761904761905,0.4384374108925007,0.6882142076889673,0.34866213151927433,0.5904761904761905,0,-1,-1,csv_geosciences/runs/20260415-164938_dataset_slices_sorted_worker_1.csv,dataset_slices_sorted,dataset/dataset_slices_sorted,cuda,5,no_encryption,0.05,5,,,,224,0.01,3,logs_geosciences/dataset_slices_sorted_run_1_GoogLeNet,GoogLeNet,1,,2,4,2,,geosciences,static/plots_geosciences/dataset_slices_sorted_run_1_GoogLeNet,,run_dataset_geosciences/dataset_slices_sorted_run_1_GoogLeNet,,,179.12780618667603,True,1
4,FedProx,16,0.5904761904761905,0.4384374108925007,0.680285962990352,0.34866213151927433,0.5904761904761905,0,-1,-1,csv_geosciences/runs/20260415-165030_dataset_slices_sorted_worker_7.csv,dataset_slices_sorted,dataset/dataset_slices_sorted,cuda,5,no_encryption,0.05,5,,,,224,0.01,3,logs_geosciences/dataset_slices_sorted_run_7_GoogLeNet,GoogLeNet,1,,2,4,4,,geosciences,static/plots_geosciences/dataset_slices_sorted_run_7_GoogLeNet,,run_dataset_geosciences/dataset_slices_sorted_run_7_GoogLeNet,,,189.96099376678467,True,7
4,FedAvg,16,0.6642857142857143,0.6533879531262923,0.6570967611812409,0.6597562840757302,0.6642857142857143,1,-1,-1,csv_geosciences/runs/20260415-165053_dataset_slices_sorted_worker_10.csv,dataset_slices_sorted,dataset/dataset_slices_sorted,cuda,5,no_encryption,0.0,5,,,,224,0.001,3,logs_geosciences/dataset_slices_sorted_run_10_GoogLeNet,GoogLeNet,1,,2,4,2,,geosciences,static/plots_geosciences/dataset_slices_sorted_run_10_GoogLeNet,,run_dataset_geosciences/dataset_slices_sorted_run_10_GoogLeNet,,,181.4619905948639,True,10
4,FedAvg,16,0.6238095238095238,0.6198089293244968,0.6510259235189074,0.6193982208267923,0.6238095238095238,4,-1,-1,csv_geosciences/runs/20260415-165110_dataset_slices_sorted_worker_9.csv,dataset_slices_sorted,dataset/dataset_slices_sorted,cuda,5,no_encryption,0.0,5,,,,224,0.001,3,logs_geosciences/dataset_slices_sorted_run_9_GoogLeNet,GoogLeNet,1,,2,4,4,,geosciences,static/plots_geosciences/dataset_slices_sorted_run_9_GoogLeNet,,run_dataset_geosciences/dataset_slices_sorted_run_9_GoogLeNet,,,187.39494013786316,True,9
4,FedProx,16,0.6595238095238095,0.6154178259598276,0.6162140260140101,0.6708151062289718,0.6595238095238095,4,-1,-1,csv_geosciences/runs/20260415-165125_dataset_slices_sorted_worker_0.csv,dataset_slices_sorted,dataset/dataset_slices_sorted,cuda,5,no_encryption,0.05,5,,,,224,0.001,3,logs_geosciences/dataset_slices_sorted_run_0_GoogLeNet,GoogLeNet,1,,2,4,2,,geosciences,static/plots_geosciences/dataset_slices_sorted_run_0_GoogLeNet,,run_dataset_geosciences/dataset_slices_sorted_run_0_GoogLeNet,,,188.72098636627197,True,0
4,FedProx,16,0.5904761904761905,0.4384374108925007,0.6851727382058189,0.34866213151927433,0.5904761904761905,0,-1,-1,csv_geosciences/runs/20260415-165201_dataset_slices_sorted_worker_4.csv,dataset_slices_sorted,dataset/dataset_slices_sorted,cuda,5,no_encryption,0.05,5,,,,224,0.001,3,logs_geosciences/dataset_slices_sorted_run_4_GoogLeNet,GoogLeNet,1,,2,4,4,,geosciences,static/plots_geosciences/dataset_slices_sorted_run_4_GoogLeNet,,run_dataset_geosciences/dataset_slices_sorted_run_4_GoogLeNet,,,196.08440947532654,True,4
4,FedAvg,16,0.6428571428571429,0.5924457982586835,0.6241589424156008,0.6521315338101051,0.6428571428571429,4,-1,-1,csv_geosciences/runs/20260415-165234_dataset_slices_sorted_worker_6.csv,dataset_slices_sorted,dataset/dataset_slices_sorted,cuda,5,no_encryption,0.0,5,,,,224,0.0001,3,logs_geosciences/dataset_slices_sorted_run_6_GoogLeNet,GoogLeNet,1,,2,4,2,,geosciences,static/plots_geosciences/dataset_slices_sorted_run_6_GoogLeNet,,run_dataset_geosciences/dataset_slices_sorted_run_6_GoogLeNet,,,193.02287197113037,True,6
4,FedAvg,16,0.5904761904761905,0.4466073181665397,0.6571710816451481,0.48567739916479413,0.5904761904761905,4,-1,-1,csv_geosciences/runs/20260415-165237_dataset_slices_sorted_worker_3.csv,dataset_slices_sorted,dataset/dataset_slices_sorted,cuda,5,no_encryption,0.0,5,,,,224,0.0001,3,logs_geosciences/dataset_slices_sorted_run_3_GoogLeNet,GoogLeNet,1,,2,4,4,,geosciences,static/plots_geosciences/dataset_slices_sorted_run_3_GoogLeNet,,run_dataset_geosciences/dataset_slices_sorted_run_3_GoogLeNet,,,194.9375822544098,True,3
4,FedProx,16,0.6428571428571429,0.6007119806473934,0.6235088385286786,0.6436849198832604,0.6428571428571429,4,-1,-1,csv_geosciences/runs/20260415-165301_dataset_slices_sorted_worker_1.csv,dataset_slices_sorted,dataset/dataset_slices_sorted,cuda,5,no_encryption,0.05,5,,,,224,0.0001,3,logs_geosciences/dataset_slices_sorted_run_1_GoogLeNet,GoogLeNet,1,,2,4,2,,geosciences,static/plots_geosciences/dataset_slices_sorted_run_1_GoogLeNet,,run_dataset_geosciences/dataset_slices_sorted_run_1_GoogLeNet,,,199.87470602989197,True,1
4,FedProx,16,0.5904761904761905,0.4384374108925007,0.6781940377893902,0.34866213151927433,0.5904761904761905,0,-1,-1,csv_geosciences/runs/20260415-165400_dataset_slices_sorted_worker_7.csv,dataset_slices_sorted,dataset/dataset_slices_sorted,cuda,5,no_encryption,0.05,5,,,,224,0.0001,3,logs_geosciences/dataset_slices_sorted_run_7_GoogLeNet,GoogLeNet,1,,2,4,4,,geosciences,static/plots_geosciences/dataset_slices_sorted_run_7_GoogLeNet,,run_dataset_geosciences/dataset_slices_sorted_run_7_GoogLeNet,,,206.01209568977356,True,7
8,FedAvg,16,0.5849056603773585,0.4317160826594789,0.6856752364140637,0.3421146315414738,0.5849056603773585,0,-1,-1,csv_geosciences/runs/20260415-165419_dataset_slices_sorted_worker_10.csv,dataset_slices_sorted,dataset/dataset_slices_sorted,cuda,5,no_encryption,0.0,5,,,,224,0.01,3,logs_geosciences/dataset_slices_sorted_run_10_GoogLeNet,GoogLeNet,1,,2,8,2,,geosciences,static/plots_geosciences/dataset_slices_sorted_run_10_GoogLeNet,,run_dataset_geosciences/dataset_slices_sorted_run_10_GoogLeNet,,,203.06667470932007,True,10
8,FedAvg,16,0.5849056603773585,0.4317160826594789,0.6812390313958222,0.3421146315414738,0.5849056603773585,0,-1,-1,csv_geosciences/runs/20260415-165445_dataset_slices_sorted_worker_9.csv,dataset_slices_sorted,dataset/dataset_slices_sorted,cuda,5,no_encryption,0.0,5,,,,224,0.01,3,logs_geosciences/dataset_slices_sorted_run_9_GoogLeNet,GoogLeNet,1,,2,8,4,,geosciences,static/plots_geosciences/dataset_slices_sorted_run_9_GoogLeNet,,run_dataset_geosciences/dataset_slices_sorted_run_9_GoogLeNet,,,211.2507028579712,True,9
8,FedProx,16,0.5849056603773585,0.4317160826594789,0.6791743163792592,0.3421146315414738,0.5849056603773585,1,-1,-1,csv_geosciences/runs/20260415-165456_dataset_slices_sorted_worker_0.csv,dataset_slices_sorted,dataset/dataset_slices_sorted,cuda,5,no_encryption,0.05,5,,,,224,0.01,3,logs_geosciences/dataset_slices_sorted_run_0_GoogLeNet,GoogLeNet,1,,2,8,2,,geosciences,static/plots_geosciences/dataset_slices_sorted_run_0_GoogLeNet,,run_dataset_geosciences/dataset_slices_sorted_run_0_GoogLeNet,,,207.53686451911926,True,0
8,FedProx,16,0.5849056603773585,0.4317160826594789,0.6883121384483464,0.3421146315414738,0.5849056603773585,0,-1,-1,csv_geosciences/runs/20260415-165545_dataset_slices_sorted_worker_4.csv,dataset_slices_sorted,dataset/dataset_slices_sorted,cuda,5,no_encryption,0.05,5,,,,224,0.01,3,logs_geosciences/dataset_slices_sorted_run_4_GoogLeNet,GoogLeNet,1,,2,8,4,,geosciences,static/plots_geosciences/dataset_slices_sorted_run_4_GoogLeNet,,run_dataset_geosciences/dataset_slices_sorted_run_4_GoogLeNet,,,220.91054606437683,True,4
8,FedAvg,16,0.6485849056603774,0.6225322294869612,0.6811952627492401,0.6453017127796249,0.6485849056603774,1,-1,-1,csv_geosciences/runs/20260415-165603_dataset_slices_sorted_worker_6.csv,dataset_slices_sorted,dataset/dataset_slices_sorted,cuda,5,no_encryption,0.0,5,,,,224,0.001,3,logs_geosciences/dataset_slices_sorted_run_6_GoogLeNet,GoogLeNet,1,,2,8,2,,geosciences,static/plots_geosciences/dataset_slices_sorted_run_6_GoogLeNet,,run_dataset_geosciences/dataset_slices_sorted_run_6_GoogLeNet,,,205.71306347846985,True,6
8,FedAvg,16,0.625,0.54503149682621,0.6592575698247496,0.6793084893662839,0.625,4,-1,-1,csv_geosciences/runs/20260415-165612_dataset_slices_sorted_worker_3.csv,dataset_slices_sorted,dataset/dataset_slices_sorted,cuda,5,no_encryption,0.0,5,,,,224,0.001,3,logs_geosciences/dataset_slices_sorted_run_3_GoogLeNet,GoogLeNet,1,,2,8,4,,geosciences,static/plots_geosciences/dataset_slices_sorted_run_3_GoogLeNet,,run_dataset_geosciences/dataset_slices_sorted_run_3_GoogLeNet,,,211.5645260810852,True,3
8,FedProx,16,0.6415094339622641,0.6080726213837292,0.6245937435975615,0.6443936725154468,0.6415094339622641,4,-1,-1,csv_geosciences/runs/20260415-165642_dataset_slices_sorted_worker_1.csv,dataset_slices_sorted,dataset/dataset_slices_sorted,cuda,5,no_encryption,0.05,5,,,,224,0.001,3,logs_geosciences/dataset_slices_sorted_run_1_GoogLeNet,GoogLeNet,1,,2,8,2,,geosciences,static/plots_geosciences/dataset_slices_sorted_run_1_GoogLeNet,,run_dataset_geosciences/dataset_slices_sorted_run_1_GoogLeNet,,,217.93543076515198,True,1
8,FedProx,16,0.589622641509434,0.44204022229784024,0.6641453302131509,0.4475329983295451,0.589622641509434,4,-1,-1,csv_geosciences/runs/20260415-165748_dataset_slices_sorted_worker_7.csv,dataset_slices_sorted,dataset/dataset_slices_sorted,cuda,5,no_encryption,0.05,5,,,,224,0.001,3,logs_geosciences/dataset_slices_sorted_run_7_GoogLeNet,GoogLeNet,1,,2,8,4,,geosciences,static/plots_geosciences/dataset_slices_sorted_run_7_GoogLeNet,,run_dataset_geosciences/dataset_slices_sorted_run_7_GoogLeNet,,,224.67676305770874,True,7
8,FedAvg,16,0.6462264150943396,0.5788812531780363,0.637623261168318,0.707953486737407,0.6462264150943396,4,-1,-1,csv_geosciences/runs/20260415-165752_dataset_slices_sorted_worker_10.csv,dataset_slices_sorted,dataset/dataset_slices_sorted,cuda,5,no_encryption,0.0,5,,,,224,0.0001,3,logs_geosciences/dataset_slices_sorted_run_10_GoogLeNet,GoogLeNet,1,,2,8,2,,geosciences,static/plots_geosciences/dataset_slices_sorted_run_10_GoogLeNet,,run_dataset_geosciences/dataset_slices_sorted_run_10_GoogLeNet,,,209.58447313308716,True,10
8,FedAvg,16,0.5849056603773585,0.4317160826594789,0.6792792343306091,0.3421146315414738,0.5849056603773585,0,-1,-1,csv_geosciences/runs/20260415-165835_dataset_slices_sorted_worker_9.csv,dataset_slices_sorted,dataset/dataset_slices_sorted,cuda,5,no_encryption,0.0,5,,,,224,0.0001,3,logs_geosciences/dataset_slices_sorted_run_9_GoogLeNet,GoogLeNet,1,,2,8,4,,geosciences,static/plots_geosciences/dataset_slices_sorted_run_9_GoogLeNet,,run_dataset_geosciences/dataset_slices_sorted_run_9_GoogLeNet,,,227.50688910484314,True,9
8,FedProx,16,0.625,0.5344218094453697,0.6438567833799236,0.7008160701387472,0.625,4,-1,-1,csv_geosciences/runs/20260415-165839_dataset_slices_sorted_worker_0.csv,dataset_slices_sorted,dataset/dataset_slices_sorted,cuda,5,no_encryption,0.05,5,,,,224,0.0001,3,logs_geosciences/dataset_slices_sorted_run_0_GoogLeNet,GoogLeNet,1,,2,8,2,,geosciences,static/plots_geosciences/dataset_slices_sorted_run_0_GoogLeNet,,run_dataset_geosciences/dataset_slices_sorted_run_0_GoogLeNet,,,219.61228704452515,True,0
8,FedProx,16,0.5849056603773585,0.4317160826594789,0.68213310401957,0.3421146315414738,0.5849056603773585,0,-1,-1,csv_geosciences/runs/20260415-165942_dataset_slices_sorted_worker_4.csv,dataset_slices_sorted,dataset/dataset_slices_sorted,cuda,5,no_encryption,0.05,5,,,,224,0.0001,3,logs_geosciences/dataset_slices_sorted_run_4_GoogLeNet,GoogLeNet,1,,2,8,4,,geosciences,static/plots_geosciences/dataset_slices_sorted_run_4_GoogLeNet,,run_dataset_geosciences/dataset_slices_sorted_run_4_GoogLeNet,,,234.50176787376404,True,4
16,FedAvg,16,0.5925925925925926,0.4409991386735573,0.6764988744700396,0.3511659807956104,0.5925925925925926,1,-1,-1,csv_geosciences/runs/20260415-170043_dataset_slices_sorted_worker_6.csv,dataset_slices_sorted,dataset/dataset_slices_sorted,cuda,5,no_encryption,0.0,5,,,,224,0.01,3,logs_geosciences/dataset_slices_sorted_run_6_GoogLeNet,GoogLeNet,1,,2,16,2,,geosciences,static/plots_geosciences/dataset_slices_sorted_run_6_GoogLeNet,,run_dataset_geosciences/dataset_slices_sorted_run_6_GoogLeNet,,,277.38432931900024,True,6
16,FedAvg,16,0.5925925925925926,0.4409991386735573,0.6781863371531168,0.3511659807956104,0.5925925925925926,0,-1,-1,csv_geosciences/runs/20260415-170104_dataset_slices_sorted_worker_3.csv,dataset_slices_sorted,dataset/dataset_slices_sorted,cuda,5,no_encryption,0.0,5,,,,224,0.01,3,logs_geosciences/dataset_slices_sorted_run_3_GoogLeNet,GoogLeNet,1,,2,16,4,,geosciences,static/plots_geosciences/dataset_slices_sorted_run_3_GoogLeNet,,run_dataset_geosciences/dataset_slices_sorted_run_3_GoogLeNet,,,288.1010534763336,True,3
16,FedProx,16,0.5925925925925926,0.4409991386735573,0.677710422763118,0.3511659807956104,0.5925925925925926,1,-1,-1,csv_geosciences/runs/20260415-170116_dataset_slices_sorted_worker_1.csv,dataset_slices_sorted,dataset/dataset_slices_sorted,cuda,5,no_encryption,0.05,5,,,,224,0.01,3,logs_geosciences/dataset_slices_sorted_run_1_GoogLeNet,GoogLeNet,1,,2,16,2,,geosciences,static/plots_geosciences/dataset_slices_sorted_run_1_GoogLeNet,,run_dataset_geosciences/dataset_slices_sorted_run_1_GoogLeNet,,,270.53411889076233,True,1
16,FedAvg,16,0.6041666666666666,0.5986971566667202,0.6902011232795539,0.6619934314628695,0.6041666666666666,1,-1,-1,csv_geosciences/runs/20260415-170231_dataset_slices_sorted_worker_10.csv,dataset_slices_sorted,dataset/dataset_slices_sorted,cuda,5,no_encryption,0.0,5,,,,224,0.001,3,logs_geosciences/dataset_slices_sorted_run_10_GoogLeNet,GoogLeNet,1,,2,16,2,,geosciences,static/plots_geosciences/dataset_slices_sorted_run_10_GoogLeNet,,run_dataset_geosciences/dataset_slices_sorted_run_10_GoogLeNet,,,275.84255814552307,True,10
16,FedProx,16,0.5925925925925926,0.4409991386735573,0.6796289647894876,0.3511659807956104,0.5925925925925926,1,-1,-1,csv_geosciences/runs/20260415-170248_dataset_slices_sorted_worker_7.csv,dataset_slices_sorted,dataset/dataset_slices_sorted,cuda,5,no_encryption,0.05,5,,,,224,0.01,3,logs_geosciences/dataset_slices_sorted_run_7_GoogLeNet,GoogLeNet,1,,2,16,4,,geosciences,static/plots_geosciences/dataset_slices_sorted_run_7_GoogLeNet,,run_dataset_geosciences/dataset_slices_sorted_run_7_GoogLeNet,,,297.3807942867279,True,7
16,FedProx,16,0.6782407407407407,0.652620651916703,0.6365218395712199,0.6910843673519972,0.6782407407407407,4,-1,-1,csv_geosciences/runs/20260415-170311_dataset_slices_sorted_worker_0.csv,dataset_slices_sorted,dataset/dataset_slices_sorted,cuda,5,no_encryption,0.05,5,,,,224,0.001,3,logs_geosciences/dataset_slices_sorted_run_0_GoogLeNet,GoogLeNet,1,,2,16,2,,geosciences,static/plots_geosciences/dataset_slices_sorted_run_0_GoogLeNet,,run_dataset_geosciences/dataset_slices_sorted_run_0_GoogLeNet,,,268.0867450237274,True,0
16,FedAvg,16,0.5925925925925926,0.4409991386735573,0.6817049829772225,0.3511659807956104,0.5925925925925926,0,-1,-1,csv_geosciences/runs/20260415-170321_dataset_slices_sorted_worker_9.csv,dataset_slices_sorted,dataset/dataset_slices_sorted,cuda,5,no_encryption,0.0,5,,,,224,0.001,3,logs_geosciences/dataset_slices_sorted_run_9_GoogLeNet,GoogLeNet,1,,2,16,4,,geosciences,static/plots_geosciences/dataset_slices_sorted_run_9_GoogLeNet,,run_dataset_geosciences/dataset_slices_sorted_run_9_GoogLeNet,,,281.9526472091675,True,9
16,FedProx,16,0.5925925925925926,0.4409991386735573,0.6840356106835382,0.3511659807956104,0.5925925925925926,0,-1,-1,csv_geosciences/runs/20260415-170447_dataset_slices_sorted_worker_4.csv,dataset_slices_sorted,dataset/dataset_slices_sorted,cuda,5,no_encryption,0.05,5,,,,224,0.001,3,logs_geosciences/dataset_slices_sorted_run_4_GoogLeNet,GoogLeNet,1,,2,16,4,,geosciences,static/plots_geosciences/dataset_slices_sorted_run_4_GoogLeNet,,run_dataset_geosciences/dataset_slices_sorted_run_4_GoogLeNet,,,301.42568731307983,True,4
16,FedAvg,16,0.6111111111111112,0.4885615792616171,0.6536061231184889,0.5372509760472723,0.6111111111111112,4,-1,-1,csv_geosciences/runs/20260415-170524_dataset_slices_sorted_worker_6.csv,dataset_slices_sorted,dataset/dataset_slices_sorted,cuda,5,no_encryption,0.0,5,,,,224,0.0001,3,logs_geosciences/dataset_slices_sorted_run_6_GoogLeNet,GoogLeNet,1,,2,16,2,,geosciences,static/plots_geosciences/dataset_slices_sorted_run_6_GoogLeNet,,run_dataset_geosciences/dataset_slices_sorted_run_6_GoogLeNet,,,277.5093626976013,True,6
16,FedProx,16,0.5995370370370371,0.46707733480989294,0.6528664029858731,0.5072675952305582,0.5995370370370371,3,-1,-1,csv_geosciences/runs/20260415-170603_dataset_slices_sorted_worker_1.csv,dataset_slices_sorted,dataset/dataset_slices_sorted,cuda,5,no_encryption,0.05,5,,,,224,0.0001,3,logs_geosciences/dataset_slices_sorted_run_1_GoogLeNet,GoogLeNet,1,,2,16,2,,geosciences,static/plots_geosciences/dataset_slices_sorted_run_1_GoogLeNet,,run_dataset_geosciences/dataset_slices_sorted_run_1_GoogLeNet,,,282.64269828796387,True,1
16,FedAvg,16,0.5925925925925926,0.4409991386735573,0.6796307366479326,0.3511659807956104,0.5925925925925926,0,-1,-1,csv_geosciences/runs/20260415-170604_dataset_slices_sorted_worker_3.csv,dataset_slices_sorted,dataset/dataset_slices_sorted,cuda,5,no_encryption,0.0,5,,,,224,0.0001,3,logs_geosciences/dataset_slices_sorted_run_3_GoogLeNet,GoogLeNet,1,,2,16,4,,geosciences,static/plots_geosciences/dataset_slices_sorted_run_3_GoogLeNet,,run_dataset_geosciences/dataset_slices_sorted_run_3_GoogLeNet,,,296.92263650894165,True,3
16,FedProx,16,0.5925925925925926,0.4409991386735573,0.6768056946220221,0.3511659807956104,0.5925925925925926,0,-1,-1,csv_geosciences/runs/20260415-170748_dataset_slices_sorted_worker_10.csv,dataset_slices_sorted,dataset/dataset_slices_sorted,cuda,5,no_encryption,0.05,5,,,,224,0.0001,3,logs_geosciences/dataset_slices_sorted_run_10_GoogLeNet,GoogLeNet,1,,2,16,4,,geosciences,static/plots_geosciences/dataset_slices_sorted_run_10_GoogLeNet,,run_dataset_geosciences/dataset_slices_sorted_run_10_GoogLeNet,,,313.827353477478,True,10
32,FedAvg,16,0.5727069351230425,0.4171339473352896,0.6890000171576037,0.32804779113503946,0.5727069351230425,0,-1,-1,csv_geosciences/runs/20260415-170906_dataset_slices_sorted_worker_7.csv,dataset_slices_sorted,dataset/dataset_slices_sorted,cuda,5,no_encryption,0.0,5,,,,224,0.01,3,logs_geosciences/dataset_slices_sorted_run_7_GoogLeNet,GoogLeNet,1,,2,32,2,,geosciences,static/plots_geosciences/dataset_slices_sorted_run_7_GoogLeNet,,run_dataset_geosciences/dataset_slices_sorted_run_7_GoogLeNet,,,374.3141882419586,True,7
32,FedProx,16,0.5727069351230425,0.4171339473352896,0.6906608605811526,0.32804779113503946,0.5727069351230425,0,-1,-1,csv_geosciences/runs/20260415-170940_dataset_slices_sorted_worker_9.csv,dataset_slices_sorted,dataset/dataset_slices_sorted,cuda,5,no_encryption,0.05,5,,,,224,0.01,3,logs_geosciences/dataset_slices_sorted_run_9_GoogLeNet,GoogLeNet,1,,2,32,2,,geosciences,static/plots_geosciences/dataset_slices_sorted_run_9_GoogLeNet,,run_dataset_geosciences/dataset_slices_sorted_run_9_GoogLeNet,,,376.39307475090027,True,9
32,FedAvg,16,0.5727069351230425,0.4171339473352896,0.6826156133773343,0.32804779113503946,0.5727069351230425,1,-1,-1,csv_geosciences/runs/20260415-170953_dataset_slices_sorted_worker_0.csv,dataset_slices_sorted,dataset/dataset_slices_sorted,cuda,5,no_encryption,0.0,5,,,,224,0.01,3,logs_geosciences/dataset_slices_sorted_run_0_GoogLeNet,GoogLeNet,1,,2,32,4,,geosciences,static/plots_geosciences/dataset_slices_sorted_run_0_GoogLeNet,,run_dataset_geosciences/dataset_slices_sorted_run_0_GoogLeNet,,,398.866327047348,True,0
32,FedAvg,16,0.5727069351230425,0.4171339473352896,0.6839650101309654,0.32804779113503946,0.5727069351230425,0,-1,-1,csv_geosciences/runs/20260415-171144_dataset_slices_sorted_worker_6.csv,dataset_slices_sorted,dataset/dataset_slices_sorted,cuda,5,no_encryption,0.0,5,,,,224,0.001,3,logs_geosciences/dataset_slices_sorted_run_6_GoogLeNet,GoogLeNet,1,,2,32,2,,geosciences,static/plots_geosciences/dataset_slices_sorted_run_6_GoogLeNet,,run_dataset_geosciences/dataset_slices_sorted_run_6_GoogLeNet,,,376.30682349205017,True,6
32,FedProx,16,0.5727069351230425,0.4171339473352896,0.6837315392707551,0.32804779113503946,0.5727069351230425,1,-1,-1,csv_geosciences/runs/20260415-171149_dataset_slices_sorted_worker_4.csv,dataset_slices_sorted,dataset/dataset_slices_sorted,cuda,5,no_encryption,0.05,5,,,,224,0.01,3,logs_geosciences/dataset_slices_sorted_run_4_GoogLeNet,GoogLeNet,1,,2,32,4,,geosciences,static/plots_geosciences/dataset_slices_sorted_run_4_GoogLeNet,,run_dataset_geosciences/dataset_slices_sorted_run_4_GoogLeNet,,,418.224990606308,True,4
32,FedProx,16,0.6263982102908278,0.5889696262646996,0.6637313931313671,0.6341891764710557,0.6263982102908278,4,-1,-1,csv_geosciences/runs/20260415-171219_dataset_slices_sorted_worker_3.csv,dataset_slices_sorted,dataset/dataset_slices_sorted,cuda,5,no_encryption,0.05,5,,,,224,0.001,3,logs_geosciences/dataset_slices_sorted_run_3_GoogLeNet,GoogLeNet,1,,2,32,2,,geosciences,static/plots_geosciences/dataset_slices_sorted_run_3_GoogLeNet,,run_dataset_geosciences/dataset_slices_sorted_run_3_GoogLeNet,,,371.8220548629761,True,3
32,FedAvg,16,0.5727069351230425,0.4171339473352896,0.6840582552638896,0.32804779113503946,0.5727069351230425,0,-1,-1,csv_geosciences/runs/20260415-171239_dataset_slices_sorted_worker_1.csv,dataset_slices_sorted,dataset/dataset_slices_sorted,cuda,5,no_encryption,0.0,5,,,,224,0.001,3,logs_geosciences/dataset_slices_sorted_run_1_GoogLeNet,GoogLeNet,1,,2,32,4,,geosciences,static/plots_geosciences/dataset_slices_sorted_run_1_GoogLeNet,,run_dataset_geosciences/dataset_slices_sorted_run_1_GoogLeNet,,,393.48388957977295,True,1
32,FedProx,16,0.6286353467561522,0.6070351394618438,0.683233164567542,0.6360854780317867,0.6286353467561522,4,-1,-1,csv_geosciences/runs/20260415-171418_dataset_slices_sorted_worker_10.csv,dataset_slices_sorted,dataset/dataset_slices_sorted,cuda,5,no_encryption,0.05,5,,,,224,0.001,3,logs_geosciences/dataset_slices_sorted_run_10_GoogLeNet,GoogLeNet,1,,2,32,4,,geosciences,static/plots_geosciences/dataset_slices_sorted_run_10_GoogLeNet,,run_dataset_geosciences/dataset_slices_sorted_run_10_GoogLeNet,,,386.6394922733307,True,10
32,FedAvg,16,0.5749440715883669,0.4215888511190524,0.6662941111014193,0.3422572952774295,0.5749440715883669,4,-1,-1,csv_geosciences/runs/20260415-171503_dataset_slices_sorted_worker_7.csv,dataset_slices_sorted,dataset/dataset_slices_sorted,cuda,5,no_encryption,0.0,5,,,,224,0.0001,3,logs_geosciences/dataset_slices_sorted_run_7_GoogLeNet,GoogLeNet,1,,2,32,2,,geosciences,static/plots_geosciences/dataset_slices_sorted_run_7_GoogLeNet,,run_dataset_geosciences/dataset_slices_sorted_run_7_GoogLeNet,,,354.29199957847595,True,7
32,FedProx,16,0.5727069351230425,0.4171339473352896,0.6834982920279705,0.32804779113503946,0.5727069351230425,0,-1,-1,csv_geosciences/runs/20260415-171544_dataset_slices_sorted_worker_0.csv,dataset_slices_sorted,dataset/dataset_slices_sorted,cuda,5,no_encryption,0.05,5,,,,224,0.0001,3,logs_geosciences/dataset_slices_sorted_run_0_GoogLeNet,GoogLeNet,1,,2,32,2,,geosciences,static/plots_geosciences/dataset_slices_sorted_run_0_GoogLeNet,,run_dataset_geosciences/dataset_slices_sorted_run_0_GoogLeNet,,,347.94552087783813,True,0
32,FedAvg,16,0.5727069351230425,0.4171339473352896,0.6849014320362867,0.32804779113503946,0.5727069351230425,0,-1,-1,csv_geosciences/runs/20260415-171548_dataset_slices_sorted_worker_9.csv,dataset_slices_sorted,dataset/dataset_slices_sorted,cuda,5,no_encryption,0.0,5,,,,224,0.0001,3,logs_geosciences/dataset_slices_sorted_run_9_GoogLeNet,GoogLeNet,1,,2,32,4,,geosciences,static/plots_geosciences/dataset_slices_sorted_run_9_GoogLeNet,,run_dataset_geosciences/dataset_slices_sorted_run_9_GoogLeNet,,,364.29348587989807,True,9
32,FedProx,16,0.5727069351230425,0.4171339473352896,0.68562496761881,0.32804779113503946,0.5727069351230425,0,-1,-1,csv_geosciences/runs/20260415-171758_dataset_slices_sorted_worker_6.csv,dataset_slices_sorted,dataset/dataset_slices_sorted,cuda,5,no_encryption,0.05,5,,,,224,0.0001,3,logs_geosciences/dataset_slices_sorted_run_6_GoogLeNet,GoogLeNet,1,,2,32,4,,geosciences,static/plots_geosciences/dataset_slices_sorted_run_6_GoogLeNet,,run_dataset_geosciences/dataset_slices_sorted_run_6_GoogLeNet,,,370.84538531303406,True,6
2,FedAvg,16,0.5857142857142857,0.43268983268983274,0.6784732739130656,0.3430612244897959,0.5857142857142857,0,-1,-1,csv_geosciences/runs/20260415-171759_dataset_slices_sorted_worker_4.csv,dataset_slices_sorted,dataset/dataset_slices_sorted,cuda,5,no_encryption,0.0,5,,,,224,0.01,5,logs_geosciences/dataset_slices_sorted_run_4_GoogLeNet,GoogLeNet,1,,2,2,2,,geosciences,static/plots_geosciences/dataset_slices_sorted_run_4_GoogLeNet,,run_dataset_geosciences/dataset_slices_sorted_run_4_GoogLeNet,,,367.11792159080505,True,4
2,FedAvg,16,0.5857142857142857,0.43268983268983274,0.6784211022513253,0.3430612244897959,0.5857142857142857,0,-1,-1,csv_geosciences/runs/20260415-171829_dataset_slices_sorted_worker_3.csv,dataset_slices_sorted,dataset/dataset_slices_sorted,cuda,5,no_encryption,0.0,5,,,,224,0.01,5,logs_geosciences/dataset_slices_sorted_run_3_GoogLeNet,GoogLeNet,1,,2,2,4,,geosciences,static/plots_geosciences/dataset_slices_sorted_run_3_GoogLeNet,,run_dataset_geosciences/dataset_slices_sorted_run_3_GoogLeNet,,,366.3163754940033,True,3
2,FedProx,16,0.5857142857142857,0.43268983268983274,0.6679755665007092,0.3430612244897959,0.5857142857142857,0,-1,-1,csv_geosciences/runs/20260415-171853_dataset_slices_sorted_worker_1.csv,dataset_slices_sorted,dataset/dataset_slices_sorted,cuda,5,no_encryption,0.05,5,,,,224,0.01,5,logs_geosciences/dataset_slices_sorted_run_1_GoogLeNet,GoogLeNet,1,,2,2,2,,geosciences,static/plots_geosciences/dataset_slices_sorted_run_1_GoogLeNet,,run_dataset_geosciences/dataset_slices_sorted_run_1_GoogLeNet,,,369.94450306892395,True,1
2,FedProx,16,0.5857142857142857,0.43268983268983274,0.6789268232527234,0.3430612244897959,0.5857142857142857,0,-1,-1,csv_geosciences/runs/20260415-172031_dataset_slices_sorted_worker_10.csv,dataset_slices_sorted,dataset/dataset_slices_sorted,cuda,5,no_encryption,0.05,5,,,,224,0.01,5,logs_geosciences/dataset_slices_sorted_run_10_GoogLeNet,GoogLeNet,1,,2,2,4,,geosciences,static/plots_geosciences/dataset_slices_sorted_run_10_GoogLeNet,,run_dataset_geosciences/dataset_slices_sorted_run_10_GoogLeNet,,,370.08834767341614,True,10
2,FedAvg,16,0.6619047619047619,0.6596858563100052,0.5992524033501034,0.659013285697054,0.6619047619047619,4,-1,-1,csv_geosciences/runs/20260415-172106_dataset_slices_sorted_worker_7.csv,dataset_slices_sorted,dataset/dataset_slices_sorted,cuda,5,no_encryption,0.0,5,,,,224,0.001,5,logs_geosciences/dataset_slices_sorted_run_7_GoogLeNet,GoogLeNet,1,,2,2,2,,geosciences,static/plots_geosciences/dataset_slices_sorted_run_7_GoogLeNet,,run_dataset_geosciences/dataset_slices_sorted_run_7_GoogLeNet,,,359.56454157829285,True,7
2,FedAvg,16,0.6523809523809524,0.6526217017405858,0.6227543092909313,0.6531527564872103,0.6523809523809524,4,-1,-1,csv_geosciences/runs/20260415-172153_dataset_slices_sorted_worker_0.csv,dataset_slices_sorted,dataset/dataset_slices_sorted,cuda,5,no_encryption,0.0,5,,,,224,0.001,5,logs_geosciences/dataset_slices_sorted_run_0_GoogLeNet,GoogLeNet,1,,2,2,4,,geosciences,static/plots_geosciences/dataset_slices_sorted_run_0_GoogLeNet,,run_dataset_geosciences/dataset_slices_sorted_run_0_GoogLeNet,,,365.15002059936523,True,0
2,FedProx,16,0.6595238095238095,0.6587298593734389,0.6437306392760503,0.6583192690185831,0.6595238095238095,1,-1,-1,csv_geosciences/runs/20260415-172155_dataset_slices_sorted_worker_9.csv,dataset_slices_sorted,dataset/dataset_slices_sorted,cuda,5,no_encryption,0.05,5,,,,224,0.001,5,logs_geosciences/dataset_slices_sorted_run_9_GoogLeNet,GoogLeNet,1,,2,2,2,,geosciences,static/plots_geosciences/dataset_slices_sorted_run_9_GoogLeNet,,run_dataset_geosciences/dataset_slices_sorted_run_9_GoogLeNet,,,363.7351851463318,True,9
2,FedAvg,16,0.6714285714285714,0.6663048929785167,0.6155971844991048,0.6667410245389289,0.6714285714285714,4,-1,-1,csv_geosciences/runs/20260415-172406_dataset_slices_sorted_worker_4.csv,dataset_slices_sorted,dataset/dataset_slices_sorted,cuda,5,no_encryption,0.0,5,,,,224,0.0001,5,logs_geosciences/dataset_slices_sorted_run_4_GoogLeNet,GoogLeNet,1,,2,2,2,,geosciences,static/plots_geosciences/dataset_slices_sorted_run_4_GoogLeNet,,run_dataset_geosciences/dataset_slices_sorted_run_4_GoogLeNet,,,363.32990288734436,True,4
2,FedProx,16,0.5857142857142857,0.43268983268983274,0.6829242865244548,0.3430612244897959,0.5857142857142857,0,-1,-1,csv_geosciences/runs/20260415-172415_dataset_slices_sorted_worker_6.csv,dataset_slices_sorted,dataset/dataset_slices_sorted,cuda,5,no_encryption,0.05,5,,,,224,0.001,5,logs_geosciences/dataset_slices_sorted_run_6_GoogLeNet,GoogLeNet,1,,2,2,4,,geosciences,static/plots_geosciences/dataset_slices_sorted_run_6_GoogLeNet,,run_dataset_geosciences/dataset_slices_sorted_run_6_GoogLeNet,,,374.4026687145233,True,6
2,FedAvg,16,0.6571428571428571,0.6490321793933,0.6409988110973721,0.6509441100383816,0.6571428571428571,2,-1,-1,csv_geosciences/runs/20260415-172446_dataset_slices_sorted_worker_3.csv,dataset_slices_sorted,dataset/dataset_slices_sorted,cuda,5,no_encryption,0.0,5,,,,224,0.0001,5,logs_geosciences/dataset_slices_sorted_run_3_GoogLeNet,GoogLeNet,1,,2,2,4,,geosciences,static/plots_geosciences/dataset_slices_sorted_run_3_GoogLeNet,,run_dataset_geosciences/dataset_slices_sorted_run_3_GoogLeNet,,,373.7787997722626,True,3
4,FedAvg,16,0.5904761904761905,0.4384374108925007,0.6768429682368324,0.34866213151927433,0.5904761904761905,0,-1,-1,csv_geosciences/runs/20260415-172511_dataset_slices_sorted_worker_7.csv,dataset_slices_sorted,dataset/dataset_slices_sorted,cuda,5,no_encryption,0.0,5,,,,224,0.01,5,logs_geosciences/dataset_slices_sorted_run_7_GoogLeNet,GoogLeNet,1,,2,4,2,,geosciences,static/plots_geosciences/dataset_slices_sorted_run_7_GoogLeNet,,run_dataset_geosciences/dataset_slices_sorted_run_7_GoogLeNet,,,242.40702772140503,True,7
2,FedProx,16,0.6571428571428571,0.6457726434036695,0.6295899391174317,0.6516635378782997,0.6571428571428571,2,-1,-1,csv_geosciences/runs/20260415-172514_dataset_slices_sorted_worker_1.csv,dataset_slices_sorted,dataset/dataset_slices_sorted,cuda,5,no_encryption,0.05,5,,,,224,0.0001,5,logs_geosciences/dataset_slices_sorted_run_1_GoogLeNet,GoogLeNet,1,,2,2,2,,geosciences,static/plots_geosciences/dataset_slices_sorted_run_1_GoogLeNet,,run_dataset_geosciences/dataset_slices_sorted_run_1_GoogLeNet,,,377.5913178920746,True,1
4,FedProx,16,0.5904761904761905,0.4384374108925007,0.6905591713530677,0.34866213151927433,0.5904761904761905,0,-1,-1,csv_geosciences/runs/20260415-172610_dataset_slices_sorted_worker_9.csv,dataset_slices_sorted,dataset/dataset_slices_sorted,cuda,5,no_encryption,0.05,5,,,,224,0.01,5,logs_geosciences/dataset_slices_sorted_run_9_GoogLeNet,GoogLeNet,1,,2,4,2,,geosciences,static/plots_geosciences/dataset_slices_sorted_run_9_GoogLeNet,,run_dataset_geosciences/dataset_slices_sorted_run_9_GoogLeNet,,,251.00694346427917,True,9
4,FedAvg,16,0.5904761904761905,0.4384374108925007,0.6767069998241606,0.34866213151927433,0.5904761904761905,0,-1,-1,csv_geosciences/runs/20260415-172610_dataset_slices_sorted_worker_0.csv,dataset_slices_sorted,dataset/dataset_slices_sorted,cuda,5,no_encryption,0.0,5,,,,224,0.01,5,logs_geosciences/dataset_slices_sorted_run_0_GoogLeNet,GoogLeNet,1,,2,4,4,,geosciences,static/plots_geosciences/dataset_slices_sorted_run_0_GoogLeNet,,run_dataset_geosciences/dataset_slices_sorted_run_0_GoogLeNet,,,254.02792501449585,True,0
2,FedProx,16,0.6238095238095238,0.555459258483452,0.645877125433513,0.63950308763608,0.6238095238095238,4,-1,-1,csv_geosciences/runs/20260415-172719_dataset_slices_sorted_worker_10.csv,dataset_slices_sorted,dataset/dataset_slices_sorted,cuda,5,no_encryption,0.05,5,,,,224,0.0001,5,logs_geosciences/dataset_slices_sorted_run_10_GoogLeNet,GoogLeNet,1,,2,2,4,,geosciences,static/plots_geosciences/dataset_slices_sorted_run_10_GoogLeNet,,run_dataset_geosciences/dataset_slices_sorted_run_10_GoogLeNet,,,404.28156638145447,True,10
4,FedProx,16,0.5904761904761905,0.4384374108925007,0.6785469895317441,0.34866213151927433,0.5904761904761905,0,-1,-1,csv_geosciences/runs/20260415-172840_dataset_slices_sorted_worker_4.csv,dataset_slices_sorted,dataset/dataset_slices_sorted,cuda,5,no_encryption,0.05,5,,,,224,0.01,5,logs_geosciences/dataset_slices_sorted_run_4_GoogLeNet,GoogLeNet,1,,2,4,4,,geosciences,static/plots_geosciences/dataset_slices_sorted_run_4_GoogLeNet,,run_dataset_geosciences/dataset_slices_sorted_run_4_GoogLeNet,,,271.2940864562988,True,4
4,FedAvg,16,0.6857142857142857,0.6730515509695479,0.6063747973669142,0.6820022804702532,0.6857142857142857,4,-1,-1,csv_geosciences/runs/20260415-172843_dataset_slices_sorted_worker_6.csv,dataset_slices_sorted,dataset/dataset_slices_sorted,cuda,5,no_encryption,0.0,5,,,,224,0.001,5,logs_geosciences/dataset_slices_sorted_run_6_GoogLeNet,GoogLeNet,1,,2,4,2,,geosciences,static/plots_geosciences/dataset_slices_sorted_run_6_GoogLeNet,,run_dataset_geosciences/dataset_slices_sorted_run_6_GoogLeNet,,,264.9414689540863,True,6
4,FedAvg,16,0.6619047619047619,0.6570852473343647,0.6256800462802251,0.6596299278207174,0.6619047619047619,3,-1,-1,csv_geosciences/runs/20260415-172909_dataset_slices_sorted_worker_3.csv,dataset_slices_sorted,dataset/dataset_slices_sorted,cuda,5,no_encryption,0.0,5,,,,224,0.001,5,logs_geosciences/dataset_slices_sorted_run_3_GoogLeNet,GoogLeNet,1,,2,4,4,,geosciences,static/plots_geosciences/dataset_slices_sorted_run_3_GoogLeNet,,run_dataset_geosciences/dataset_slices_sorted_run_3_GoogLeNet,,,259.8477716445923,True,3
4,FedProx,16,0.6738095238095239,0.6724322780067766,0.6100251947130476,0.6729702639493889,0.6738095238095239,4,-1,-1,csv_geosciences/runs/20260415-172939_dataset_slices_sorted_worker_7.csv,dataset_slices_sorted,dataset/dataset_slices_sorted,cuda,5,no_encryption,0.05,5,,,,224,0.001,5,logs_geosciences/dataset_slices_sorted_run_7_GoogLeNet,GoogLeNet,1,,2,4,2,,geosciences,static/plots_geosciences/dataset_slices_sorted_run_7_GoogLeNet,,run_dataset_geosciences/dataset_slices_sorted_run_7_GoogLeNet,,,264.4377040863037,True,7
4,FedProx,16,0.5904761904761905,0.4384374108925007,0.6808399067038582,0.34866213151927433,0.5904761904761905,0,-1,-1,csv_geosciences/runs/20260415-172950_dataset_slices_sorted_worker_1.csv,dataset_slices_sorted,dataset/dataset_slices_sorted,cuda,5,no_encryption,0.05,5,,,,224,0.001,5,logs_geosciences/dataset_slices_sorted_run_1_GoogLeNet,GoogLeNet,1,,2,4,4,,geosciences,static/plots_geosciences/dataset_slices_sorted_run_1_GoogLeNet,,run_dataset_geosciences/dataset_slices_sorted_run_1_GoogLeNet,,,272.9396595954895,True,1
4,FedAvg,16,0.6714285714285714,0.6686222190106094,0.608837114913123,0.668639348841392,0.6714285714285714,4,-1,-1,csv_geosciences/runs/20260415-173044_dataset_slices_sorted_worker_9.csv,dataset_slices_sorted,dataset/dataset_slices_sorted,cuda,5,no_encryption,0.0,5,,,,224,0.0001,5,logs_geosciences/dataset_slices_sorted_run_9_GoogLeNet,GoogLeNet,1,,2,4,2,,geosciences,static/plots_geosciences/dataset_slices_sorted_run_9_GoogLeNet,,run_dataset_geosciences/dataset_slices_sorted_run_9_GoogLeNet,,,271.43527936935425,True,9
4,FedAvg,16,0.6357142857142857,0.6276910215003361,0.6220778402828034,0.6317539044027607,0.6357142857142857,4,-1,-1,csv_geosciences/runs/20260415-173049_dataset_slices_sorted_worker_0.csv,dataset_slices_sorted,dataset/dataset_slices_sorted,cuda,5,no_encryption,0.0,5,,,,224,0.0001,5,logs_geosciences/dataset_slices_sorted_run_0_GoogLeNet,GoogLeNet,1,,2,4,4,,geosciences,static/plots_geosciences/dataset_slices_sorted_run_0_GoogLeNet,,run_dataset_geosciences/dataset_slices_sorted_run_0_GoogLeNet,,,275.5896873474121,True,0
4,FedProx,16,0.669047619047619,0.6641379496403748,0.616807217541195,0.6658472468513777,0.669047619047619,4,-1,-1,csv_geosciences/runs/20260415-173152_dataset_slices_sorted_worker_10.csv,dataset_slices_sorted,dataset/dataset_slices_sorted,cuda,5,no_encryption,0.05,5,,,,224,0.0001,5,logs_geosciences/dataset_slices_sorted_run_10_GoogLeNet,GoogLeNet,1,,2,4,2,,geosciences,static/plots_geosciences/dataset_slices_sorted_run_10_GoogLeNet,,run_dataset_geosciences/dataset_slices_sorted_run_10_GoogLeNet,,,270.2471389770508,True,10
8,FedAvg,16,0.5849056603773585,0.4317160826594789,0.6806187112376375,0.3421146315414738,0.5849056603773585,0,-1,-1,csv_geosciences/runs/20260415-173317_dataset_slices_sorted_worker_6.csv,dataset_slices_sorted,dataset/dataset_slices_sorted,cuda,5,no_encryption,0.0,5,,,,224,0.01,5,logs_geosciences/dataset_slices_sorted_run_6_GoogLeNet,GoogLeNet,1,,2,8,2,,geosciences,static/plots_geosciences/dataset_slices_sorted_run_6_GoogLeNet,,run_dataset_geosciences/dataset_slices_sorted_run_6_GoogLeNet,,,269.92031598091125,True,6
4,FedProx,16,0.6023809523809524,0.4790258537758537,0.6520256119115012,0.668469482106296,0.6023809523809524,4,-1,-1,csv_geosciences/runs/20260415-173324_dataset_slices_sorted_worker_4.csv,dataset_slices_sorted,dataset/dataset_slices_sorted,cuda,5,no_encryption,0.05,5,,,,224,0.0001,5,logs_geosciences/dataset_slices_sorted_run_4_GoogLeNet,GoogLeNet,1,,2,4,4,,geosciences,static/plots_geosciences/dataset_slices_sorted_run_4_GoogLeNet,,run_dataset_geosciences/dataset_slices_sorted_run_4_GoogLeNet,,,280.9145529270172,True,4
8,FedAvg,16,0.5849056603773585,0.4317160826594789,0.6787882582196649,0.3421146315414738,0.5849056603773585,0,-1,-1,csv_geosciences/runs/20260415-173352_dataset_slices_sorted_worker_3.csv,dataset_slices_sorted,dataset/dataset_slices_sorted,cuda,5,no_encryption,0.0,5,,,,224,0.01,5,logs_geosciences/dataset_slices_sorted_run_3_GoogLeNet,GoogLeNet,1,,2,8,4,,geosciences,static/plots_geosciences/dataset_slices_sorted_run_3_GoogLeNet,,run_dataset_geosciences/dataset_slices_sorted_run_3_GoogLeNet,,,279.0867483615875,True,3
8,FedProx,16,0.5849056603773585,0.4317160826594789,0.6790772575252461,0.3421146315414738,0.5849056603773585,1,-1,-1,csv_geosciences/runs/20260415-173418_dataset_slices_sorted_worker_7.csv,dataset_slices_sorted,dataset/dataset_slices_sorted,cuda,5,no_encryption,0.05,5,,,,224,0.01,5,logs_geosciences/dataset_slices_sorted_run_7_GoogLeNet,GoogLeNet,1,,2,8,2,,geosciences,static/plots_geosciences/dataset_slices_sorted_run_7_GoogLeNet,,run_dataset_geosciences/dataset_slices_sorted_run_7_GoogLeNet,,,276.083886384964,True,7
8,FedProx,16,0.5849056603773585,0.4317160826594789,0.6845602128865584,0.3421146315414738,0.5849056603773585,0,-1,-1,csv_geosciences/runs/20260415-173448_dataset_slices_sorted_worker_1.csv,dataset_slices_sorted,dataset/dataset_slices_sorted,cuda,5,no_encryption,0.05,5,,,,224,0.01,5,logs_geosciences/dataset_slices_sorted_run_1_GoogLeNet,GoogLeNet,1,,2,8,4,,geosciences,static/plots_geosciences/dataset_slices_sorted_run_1_GoogLeNet,,run_dataset_geosciences/dataset_slices_sorted_run_1_GoogLeNet,,,294.735369682312,True,1
8,FedAvg,16,0.6485849056603774,0.6395708604053536,0.6267919065255039,0.6429133471074717,0.6485849056603774,4,-1,-1,csv_geosciences/runs/20260415-173521_dataset_slices_sorted_worker_9.csv,dataset_slices_sorted,dataset/dataset_slices_sorted,cuda,5,no_encryption,0.0,5,,,,224,0.001,5,logs_geosciences/dataset_slices_sorted_run_9_GoogLeNet,GoogLeNet,1,,2,8,2,,geosciences,static/plots_geosciences/dataset_slices_sorted_run_9_GoogLeNet,,run_dataset_geosciences/dataset_slices_sorted_run_9_GoogLeNet,,,274.02390933036804,True,9
8,FedAvg,16,0.6556603773584906,0.6574630112723143,0.657299816046121,0.6659388048074011,0.6556603773584906,3,-1,-1,csv_geosciences/runs/20260415-173535_dataset_slices_sorted_worker_0.csv,dataset_slices_sorted,dataset/dataset_slices_sorted,cuda,5,no_encryption,0.0,5,,,,224,0.001,5,logs_geosciences/dataset_slices_sorted_run_0_GoogLeNet,GoogLeNet,1,,2,8,4,,geosciences,static/plots_geosciences/dataset_slices_sorted_run_0_GoogLeNet,,run_dataset_geosciences/dataset_slices_sorted_run_0_GoogLeNet,,,282.6566572189331,True,0
8,FedProx,16,0.6556603773584906,0.6525064764951152,0.6226324961292293,0.6524542777710686,0.6556603773584906,4,-1,-1,csv_geosciences/runs/20260415-173639_dataset_slices_sorted_worker_10.csv,dataset_slices_sorted,dataset/dataset_slices_sorted,cuda,5,no_encryption,0.05,5,,,,224,0.001,5,logs_geosciences/dataset_slices_sorted_run_10_GoogLeNet,GoogLeNet,1,,2,8,2,,geosciences,static/plots_geosciences/dataset_slices_sorted_run_10_GoogLeNet,,run_dataset_geosciences/dataset_slices_sorted_run_10_GoogLeNet,,,283.7333438396454,True,10
8,FedAvg,16,0.6391509433962265,0.5976838957206811,0.6261778361392472,0.644622494309426,0.6391509433962265,4,-1,-1,csv_geosciences/runs/20260415-173807_dataset_slices_sorted_worker_4.csv,dataset_slices_sorted,dataset/dataset_slices_sorted,cuda,5,no_encryption,0.0,5,,,,224,0.0001,5,logs_geosciences/dataset_slices_sorted_run_4_GoogLeNet,GoogLeNet,1,,2,8,2,,geosciences,static/plots_geosciences/dataset_slices_sorted_run_4_GoogLeNet,,run_dataset_geosciences/dataset_slices_sorted_run_4_GoogLeNet,,,279.7481200695038,True,4
8,FedProx,16,0.6556603773584906,0.6536680589981141,0.6526289209723473,0.6537314077349148,0.6556603773584906,4,-1,-1,csv_geosciences/runs/20260415-173824_dataset_slices_sorted_worker_6.csv,dataset_slices_sorted,dataset/dataset_slices_sorted,cuda,5,no_encryption,0.05,5,,,,224,0.001,5,logs_geosciences/dataset_slices_sorted_run_6_GoogLeNet,GoogLeNet,1,,2,8,4,,geosciences,static/plots_geosciences/dataset_slices_sorted_run_6_GoogLeNet,,run_dataset_geosciences/dataset_slices_sorted_run_6_GoogLeNet,,,304.1563892364502,True,6
8,FedAvg,16,0.5919811320754716,0.4468421587898817,0.6540280037893439,0.44838763989589586,0.5919811320754716,4,-1,-1,csv_geosciences/runs/20260415-173847_dataset_slices_sorted_worker_3.csv,dataset_slices_sorted,dataset/dataset_slices_sorted,cuda,5,no_encryption,0.0,5,,,,224,0.0001,5,logs_geosciences/dataset_slices_sorted_run_3_GoogLeNet,GoogLeNet,1,,2,8,4,,geosciences,static/plots_geosciences/dataset_slices_sorted_run_3_GoogLeNet,,run_dataset_geosciences/dataset_slices_sorted_run_3_GoogLeNet,,,291.78902983665466,True,3
8,FedProx,16,0.6367924528301887,0.5895487355681871,0.6330613872071482,0.6447091925607705,0.6367924528301887,3,-1,-1,csv_geosciences/runs/20260415-173916_dataset_slices_sorted_worker_7.csv,dataset_slices_sorted,dataset/dataset_slices_sorted,cuda,5,no_encryption,0.05,5,,,,224,0.0001,5,logs_geosciences/dataset_slices_sorted_run_7_GoogLeNet,GoogLeNet,1,,2,8,2,,geosciences,static/plots_geosciences/dataset_slices_sorted_run_7_GoogLeNet,,run_dataset_geosciences/dataset_slices_sorted_run_7_GoogLeNet,,,294.61797285079956,True,7
8,FedProx,16,0.5849056603773585,0.4317160826594789,0.6783644178847097,0.3421146315414738,0.5849056603773585,0,-1,-1,csv_geosciences/runs/20260415-173958_dataset_slices_sorted_worker_1.csv,dataset_slices_sorted,dataset/dataset_slices_sorted,cuda,5,no_encryption,0.05,5,,,,224,0.0001,5,logs_geosciences/dataset_slices_sorted_run_1_GoogLeNet,GoogLeNet,1,,2,8,4,,geosciences,static/plots_geosciences/dataset_slices_sorted_run_1_GoogLeNet,,run_dataset_geosciences/dataset_slices_sorted_run_1_GoogLeNet,,,306.2367751598358,True,1
16,FedAvg,16,0.5925925925925926,0.4409991386735573,0.676008504849893,0.3511659807956104,0.5925925925925926,1,-1,-1,csv_geosciences/runs/20260415-174111_dataset_slices_sorted_worker_9.csv,dataset_slices_sorted,dataset/dataset_slices_sorted,cuda,5,no_encryption,0.0,5,,,,224,0.01,5,logs_geosciences/dataset_slices_sorted_run_9_GoogLeNet,GoogLeNet,1,,2,16,2,,geosciences,static/plots_geosciences/dataset_slices_sorted_run_9_GoogLeNet,,run_dataset_geosciences/dataset_slices_sorted_run_9_GoogLeNet,,,346.4218907356262,True,9
16,FedAvg,16,0.5925925925925926,0.4409991386735573,0.6791998103812888,0.3511659807956104,0.5925925925925926,0,-1,-1,csv_geosciences/runs/20260415-174135_dataset_slices_sorted_worker_0.csv,dataset_slices_sorted,dataset/dataset_slices_sorted,cuda,5,no_encryption,0.0,5,,,,224,0.01,5,logs_geosciences/dataset_slices_sorted_run_0_GoogLeNet,GoogLeNet,1,,2,16,4,,geosciences,static/plots_geosciences/dataset_slices_sorted_run_0_GoogLeNet,,run_dataset_geosciences/dataset_slices_sorted_run_0_GoogLeNet,,,357.4268834590912,True,0
16,FedProx,16,0.5925925925925926,0.4409991386735573,0.6773093894675926,0.3511659807956104,0.5925925925925926,1,-1,-1,csv_geosciences/runs/20260415-174232_dataset_slices_sorted_worker_10.csv,dataset_slices_sorted,dataset/dataset_slices_sorted,cuda,5,no_encryption,0.05,5,,,,224,0.01,5,logs_geosciences/dataset_slices_sorted_run_10_GoogLeNet,GoogLeNet,1,,2,16,2,,geosciences,static/plots_geosciences/dataset_slices_sorted_run_10_GoogLeNet,,run_dataset_geosciences/dataset_slices_sorted_run_10_GoogLeNet,,,349.35912561416626,True,10
16,FedAvg,16,0.6666666666666666,0.6630987055181358,0.6463347298127634,0.671108335121923,0.6666666666666666,4,-1,-1,csv_geosciences/runs/20260415-174403_dataset_slices_sorted_worker_6.csv,dataset_slices_sorted,dataset/dataset_slices_sorted,cuda,5,no_encryption,0.0,5,,,,224,0.001,5,logs_geosciences/dataset_slices_sorted_run_6_GoogLeNet,GoogLeNet,1,,2,16,2,,geosciences,static/plots_geosciences/dataset_slices_sorted_run_6_GoogLeNet,,run_dataset_geosciences/dataset_slices_sorted_run_6_GoogLeNet,,,335.7929904460907,True,6
16,FedProx,16,0.5925925925925926,0.4409991386735573,0.6784630089446351,0.3511659807956104,0.5925925925925926,1,-1,-1,csv_geosciences/runs/20260415-174411_dataset_slices_sorted_worker_4.csv,dataset_slices_sorted,dataset/dataset_slices_sorted,cuda,5,no_encryption,0.05,5,,,,224,0.01,5,logs_geosciences/dataset_slices_sorted_run_4_GoogLeNet,GoogLeNet,1,,2,16,4,,geosciences,static/plots_geosciences/dataset_slices_sorted_run_4_GoogLeNet,,run_dataset_geosciences/dataset_slices_sorted_run_4_GoogLeNet,,,360.37612414360046,True,4
16,FedAvg,16,0.5925925925925926,0.4409991386735573,0.6847451366484165,0.3511659807956104,0.5925925925925926,0,-1,-1,csv_geosciences/runs/20260415-174440_dataset_slices_sorted_worker_3.csv,dataset_slices_sorted,dataset/dataset_slices_sorted,cuda,5,no_encryption,0.0,5,,,,224,0.001,5,logs_geosciences/dataset_slices_sorted_run_3_GoogLeNet,GoogLeNet,1,,2,16,4,,geosciences,static/plots_geosciences/dataset_slices_sorted_run_3_GoogLeNet,,run_dataset_geosciences/dataset_slices_sorted_run_3_GoogLeNet,,,349.9948709011078,True,3
16,FedProx,16,0.6851851851851852,0.6627803587840783,0.6208855032368943,0.6938737420381709,0.6851851851851852,3,-1,-1,csv_geosciences/runs/20260415-174500_dataset_slices_sorted_worker_7.csv,dataset_slices_sorted,dataset/dataset_slices_sorted,cuda,5,no_encryption,0.05,5,,,,224,0.001,5,logs_geosciences/dataset_slices_sorted_run_7_GoogLeNet,GoogLeNet,1,,2,16,2,,geosciences,static/plots_geosciences/dataset_slices_sorted_run_7_GoogLeNet,,run_dataset_geosciences/dataset_slices_sorted_run_7_GoogLeNet,,,340.26908922195435,True,7
16,FedProx,16,0.6111111111111112,0.49345892333579044,0.6584085192945268,0.5083134166930463,0.6111111111111112,4,-1,-1,csv_geosciences/runs/20260415-174618_dataset_slices_sorted_worker_1.csv,dataset_slices_sorted,dataset/dataset_slices_sorted,cuda,5,no_encryption,0.05,5,,,,224,0.001,5,logs_geosciences/dataset_slices_sorted_run_1_GoogLeNet,GoogLeNet,1,,2,16,4,,geosciences,static/plots_geosciences/dataset_slices_sorted_run_1_GoogLeNet,,run_dataset_geosciences/dataset_slices_sorted_run_1_GoogLeNet,,,376.7589716911316,True,1
16,FedAvg,16,0.6504629629629629,0.5723652514302922,0.6389636934079506,0.7091274670713076,0.6504629629629629,4,-1,-1,csv_geosciences/runs/20260415-174708_dataset_slices_sorted_worker_9.csv,dataset_slices_sorted,dataset/dataset_slices_sorted,cuda,5,no_encryption,0.0,5,,,,224,0.0001,5,logs_geosciences/dataset_slices_sorted_run_9_GoogLeNet,GoogLeNet,1,,2,16,2,,geosciences,static/plots_geosciences/dataset_slices_sorted_run_9_GoogLeNet,,run_dataset_geosciences/dataset_slices_sorted_run_9_GoogLeNet,,,353.7158622741699,True,9
16,FedAvg,16,0.5925925925925926,0.4409991386735573,0.679869388954507,0.3511659807956104,0.5925925925925926,0,-1,-1,csv_geosciences/runs/20260415-174739_dataset_slices_sorted_worker_0.csv,dataset_slices_sorted,dataset/dataset_slices_sorted,cuda,5,no_encryption,0.0,5,,,,224,0.0001,5,logs_geosciences/dataset_slices_sorted_run_0_GoogLeNet,GoogLeNet,1,,2,16,4,,geosciences,static/plots_geosciences/dataset_slices_sorted_run_0_GoogLeNet,,run_dataset_geosciences/dataset_slices_sorted_run_0_GoogLeNet,,,359.77335023880005,True,0
16,FedProx,16,0.6504629629629629,0.5783643644476175,0.6364772027289426,0.705817450799335,0.6504629629629629,4,-1,-1,csv_geosciences/runs/20260415-174831_dataset_slices_sorted_worker_10.csv,dataset_slices_sorted,dataset/dataset_slices_sorted,cuda,5,no_encryption,0.05,5,,,,224,0.0001,5,logs_geosciences/dataset_slices_sorted_run_10_GoogLeNet,GoogLeNet,1,,2,16,2,,geosciences,static/plots_geosciences/dataset_slices_sorted_run_10_GoogLeNet,,run_dataset_geosciences/dataset_slices_sorted_run_10_GoogLeNet,,,355.73258876800537,True,10
16,FedProx,16,0.5949074074074074,0.44589921455231535,0.689211872578771,0.37747309275087054,0.5949074074074074,0,-1,-1,csv_geosciences/runs/20260415-175022_dataset_slices_sorted_worker_6.csv,dataset_slices_sorted,dataset/dataset_slices_sorted,cuda,5,no_encryption,0.05,5,,,,224,0.0001,5,logs_geosciences/dataset_slices_sorted_run_6_GoogLeNet,GoogLeNet,1,,2,16,4,,geosciences,static/plots_geosciences/dataset_slices_sorted_run_6_GoogLeNet,,run_dataset_geosciences/dataset_slices_sorted_run_6_GoogLeNet,,,375.094122171402,True,6
32,FedAvg,16,0.5727069351230425,0.4171339473352896,0.6900054668420114,0.32804779113503946,0.5727069351230425,0,-1,-1,csv_geosciences/runs/20260415-175144_dataset_slices_sorted_worker_4.csv,dataset_slices_sorted,dataset/dataset_slices_sorted,cuda,5,no_encryption,0.0,5,,,,224,0.01,5,logs_geosciences/dataset_slices_sorted_run_4_GoogLeNet,GoogLeNet,1,,2,32,2,,geosciences,static/plots_geosciences/dataset_slices_sorted_run_4_GoogLeNet,,run_dataset_geosciences/dataset_slices_sorted_run_4_GoogLeNet,,,449.8613669872284,True,4
32,FedProx,16,0.5727069351230425,0.4171339473352896,0.6927061967668384,0.32804779113503946,0.5727069351230425,0,-1,-1,csv_geosciences/runs/20260415-175230_dataset_slices_sorted_worker_7.csv,dataset_slices_sorted,dataset/dataset_slices_sorted,cuda,5,no_encryption,0.05,5,,,,224,0.01,5,logs_geosciences/dataset_slices_sorted_run_7_GoogLeNet,GoogLeNet,1,,2,32,2,,geosciences,static/plots_geosciences/dataset_slices_sorted_run_7_GoogLeNet,,run_dataset_geosciences/dataset_slices_sorted_run_7_GoogLeNet,,,447.19400358200073,True,7
32,FedAvg,16,0.5727069351230425,0.4171339473352896,0.6868751590417269,0.32804779113503946,0.5727069351230425,0,-1,-1,csv_geosciences/runs/20260415-175233_dataset_slices_sorted_worker_3.csv,dataset_slices_sorted,dataset/dataset_slices_sorted,cuda,5,no_encryption,0.0,5,,,,224,0.01,5,logs_geosciences/dataset_slices_sorted_run_3_GoogLeNet,GoogLeNet,1,,2,32,4,,geosciences,static/plots_geosciences/dataset_slices_sorted_run_3_GoogLeNet,,run_dataset_geosciences/dataset_slices_sorted_run_3_GoogLeNet,,,469.8984375,True,3
32,FedProx,16,0.5727069351230425,0.4171339473352896,0.6828479921524423,0.32804779113503946,0.5727069351230425,1,-1,-1,csv_geosciences/runs/20260415-175420_dataset_slices_sorted_worker_1.csv,dataset_slices_sorted,dataset/dataset_slices_sorted,cuda,5,no_encryption,0.05,5,,,,224,0.01,5,logs_geosciences/dataset_slices_sorted_run_1_GoogLeNet,GoogLeNet,1,,2,32,4,,geosciences,static/plots_geosciences/dataset_slices_sorted_run_1_GoogLeNet,,run_dataset_geosciences/dataset_slices_sorted_run_1_GoogLeNet,,,479.49461698532104,True,1
32,FedAvg,16,0.5324384787472036,0.5163122589442535,0.6901546255320777,0.58676982972285,0.5324384787472036,1,-1,-1,csv_geosciences/runs/20260415-175432_dataset_slices_sorted_worker_9.csv,dataset_slices_sorted,dataset/dataset_slices_sorted,cuda,5,no_encryption,0.0,5,,,,224,0.001,5,logs_geosciences/dataset_slices_sorted_run_9_GoogLeNet,GoogLeNet,1,,2,32,2,,geosciences,static/plots_geosciences/dataset_slices_sorted_run_9_GoogLeNet,,run_dataset_geosciences/dataset_slices_sorted_run_9_GoogLeNet,,,440.42306566238403,True,9
32,FedAvg,16,0.5950782997762863,0.5414700614650747,0.6893098837043882,0.5743790388085689,0.5950782997762863,1,-1,-1,csv_geosciences/runs/20260415-175520_dataset_slices_sorted_worker_0.csv,dataset_slices_sorted,dataset/dataset_slices_sorted,cuda,5,no_encryption,0.0,5,,,,224,0.001,5,logs_geosciences/dataset_slices_sorted_run_0_GoogLeNet,GoogLeNet,1,,2,32,4,,geosciences,static/plots_geosciences/dataset_slices_sorted_run_0_GoogLeNet,,run_dataset_geosciences/dataset_slices_sorted_run_0_GoogLeNet,,,458.36474895477295,True,0
32,FedProx,16,0.6331096196868009,0.6075453627222904,0.6484510870587906,0.6330734391137076,0.6331096196868009,4,-1,-1,csv_geosciences/runs/20260415-175549_dataset_slices_sorted_worker_10.csv,dataset_slices_sorted,dataset/dataset_slices_sorted,cuda,5,no_encryption,0.05,5,,,,224,0.001,5,logs_geosciences/dataset_slices_sorted_run_10_GoogLeNet,GoogLeNet,1,,2,32,2,,geosciences,static/plots_geosciences/dataset_slices_sorted_run_10_GoogLeNet,,run_dataset_geosciences/dataset_slices_sorted_run_10_GoogLeNet,,,434.3561532497406,True,10
32,FedProx,16,0.5816554809843401,0.4518524974900814,0.6767801234386112,0.43693241881161343,0.5816554809843401,4,-1,-1,csv_geosciences/runs/20260415-175801_dataset_slices_sorted_worker_6.csv,dataset_slices_sorted,dataset/dataset_slices_sorted,cuda,5,no_encryption,0.05,5,,,,224,0.001,5,logs_geosciences/dataset_slices_sorted_run_6_GoogLeNet,GoogLeNet,1,,2,32,4,,geosciences,static/plots_geosciences/dataset_slices_sorted_run_6_GoogLeNet,,run_dataset_geosciences/dataset_slices_sorted_run_6_GoogLeNet,,,455.7632157802582,True,6
32,FedAvg,16,0.5794183445190156,0.4417887814920665,0.6618682971470041,0.4007409443651054,0.5794183445190156,4,-1,-1,csv_geosciences/runs/20260415-175843_dataset_slices_sorted_worker_4.csv,dataset_slices_sorted,dataset/dataset_slices_sorted,cuda,5,no_encryption,0.0,5,,,,224,0.0001,5,logs_geosciences/dataset_slices_sorted_run_4_GoogLeNet,GoogLeNet,1,,2,32,2,,geosciences,static/plots_geosciences/dataset_slices_sorted_run_4_GoogLeNet,,run_dataset_geosciences/dataset_slices_sorted_run_4_GoogLeNet,,,415.57789397239685,True,4
32,FedProx,16,0.5771812080536913,0.4395724583644047,0.6605563357105725,0.39489392039727605,0.5771812080536913,4,-1,-1,csv_geosciences/runs/20260415-175932_dataset_slices_sorted_worker_3.csv,dataset_slices_sorted,dataset/dataset_slices_sorted,cuda,5,no_encryption,0.05,5,,,,224,0.0001,5,logs_geosciences/dataset_slices_sorted_run_3_GoogLeNet,GoogLeNet,1,,2,32,2,,geosciences,static/plots_geosciences/dataset_slices_sorted_run_3_GoogLeNet,,run_dataset_geosciences/dataset_slices_sorted_run_3_GoogLeNet,,,415.28580474853516,True,3
32,FedAvg,16,0.5727069351230425,0.4171339473352896,0.6829639625229291,0.32804779113503946,0.5727069351230425,0,-1,-1,csv_geosciences/runs/20260415-175945_dataset_slices_sorted_worker_7.csv,dataset_slices_sorted,dataset/dataset_slices_sorted,cuda,5,no_encryption,0.0,5,,,,224,0.0001,5,logs_geosciences/dataset_slices_sorted_run_7_GoogLeNet,GoogLeNet,1,,2,32,4,,geosciences,static/plots_geosciences/dataset_slices_sorted_run_7_GoogLeNet,,run_dataset_geosciences/dataset_slices_sorted_run_7_GoogLeNet,,,431.353444814682,True,7
32,FedProx,16,0.5727069351230425,0.4171339473352896,0.6851231030436437,0.32804779113503946,0.5727069351230425,0,-1,-1,csv_geosciences/runs/20260415-180135_dataset_slices_sorted_worker_1.csv,dataset_slices_sorted,dataset/dataset_slices_sorted,cuda,5,no_encryption,0.05,5,,,,224,0.0001,5,logs_geosciences/dataset_slices_sorted_run_1_GoogLeNet,GoogLeNet,1,,2,32,4,,geosciences,static/plots_geosciences/dataset_slices_sorted_run_1_GoogLeNet,,run_dataset_geosciences/dataset_slices_sorted_run_1_GoogLeNet,,,431.43052864074707,True,1
2,FedAvg,16,0.5857142857142857,0.43268983268983274,0.6785617612657093,0.3430612244897959,0.5857142857142857,0,-1,-1,csv_geosciences/runs/20260415-180513_dataset_slices_sorted_worker_9.csv,dataset_slices_sorted,dataset/dataset_slices_sorted,cuda,5,no_encryption,0.0,5,,,,224,0.01,10,logs_geosciences/dataset_slices_sorted_run_9_GoogLeNet,GoogLeNet,1,,2,2,2,,geosciences,static/plots_geosciences/dataset_slices_sorted_run_9_GoogLeNet,,run_dataset_geosciences/dataset_slices_sorted_run_9_GoogLeNet,,,637.4877924919128,True,9
2,FedAvg,16,0.5857142857142857,0.43268983268983274,0.6785824401038033,0.3430612244897959,0.5857142857142857,0,-1,-1,csv_geosciences/runs/20260415-180605_dataset_slices_sorted_worker_0.csv,dataset_slices_sorted,dataset/dataset_slices_sorted,cuda,5,no_encryption,0.0,5,,,,224,0.01,10,logs_geosciences/dataset_slices_sorted_run_0_GoogLeNet,GoogLeNet,1,,2,2,4,,geosciences,static/plots_geosciences/dataset_slices_sorted_run_0_GoogLeNet,,run_dataset_geosciences/dataset_slices_sorted_run_0_GoogLeNet,,,641.2139482498169,True,0
2,FedProx,16,0.5857142857142857,0.43268983268983274,0.6785158566066197,0.3430612244897959,0.5857142857142857,0,-1,-1,csv_geosciences/runs/20260415-180632_dataset_slices_sorted_worker_10.csv,dataset_slices_sorted,dataset/dataset_slices_sorted,cuda,5,no_encryption,0.05,5,,,,224,0.01,10,logs_geosciences/dataset_slices_sorted_run_10_GoogLeNet,GoogLeNet,1,,2,2,2,,geosciences,static/plots_geosciences/dataset_slices_sorted_run_10_GoogLeNet,,run_dataset_geosciences/dataset_slices_sorted_run_10_GoogLeNet,,,640.0695686340332,True,10
2,FedProx,16,0.5857142857142857,0.43268983268983274,0.6792984939756848,0.3430612244897959,0.5857142857142857,0,-1,-1,csv_geosciences/runs/20260415-180848_dataset_slices_sorted_worker_6.csv,dataset_slices_sorted,dataset/dataset_slices_sorted,cuda,5,no_encryption,0.05,5,,,,224,0.01,10,logs_geosciences/dataset_slices_sorted_run_6_GoogLeNet,GoogLeNet,1,,2,2,4,,geosciences,static/plots_geosciences/dataset_slices_sorted_run_6_GoogLeNet,,run_dataset_geosciences/dataset_slices_sorted_run_6_GoogLeNet,,,643.4256718158722,True,6
2,FedAvg,16,0.7238095238095238,0.7160023561278374,0.547440596137728,0.7232804746742334,0.7238095238095238,4,-1,-1,csv_geosciences/runs/20260415-180915_dataset_slices_sorted_worker_4.csv,dataset_slices_sorted,dataset/dataset_slices_sorted,cuda,5,no_encryption,0.0,5,,,,224,0.001,10,logs_geosciences/dataset_slices_sorted_run_4_GoogLeNet,GoogLeNet,1,,2,2,2,,geosciences,static/plots_geosciences/dataset_slices_sorted_run_4_GoogLeNet,,run_dataset_geosciences/dataset_slices_sorted_run_4_GoogLeNet,,,629.4328904151917,True,4
2,FedAvg,16,0.6666666666666666,0.6505902912988677,0.6029097801163084,0.6621485129388691,0.6666666666666666,3,-1,-1,csv_geosciences/runs/20260415-181006_dataset_slices_sorted_worker_3.csv,dataset_slices_sorted,dataset/dataset_slices_sorted,cuda,5,no_encryption,0.0,5,,,,224,0.001,10,logs_geosciences/dataset_slices_sorted_run_3_GoogLeNet,GoogLeNet,1,,2,2,4,,geosciences,static/plots_geosciences/dataset_slices_sorted_run_3_GoogLeNet,,run_dataset_geosciences/dataset_slices_sorted_run_3_GoogLeNet,,,630.813670873642,True,3
2,FedProx,16,0.6714285714285714,0.6394916714573806,0.609708590450741,0.682854735392611,0.6714285714285714,4,-1,-1,csv_geosciences/runs/20260415-181028_dataset_slices_sorted_worker_7.csv,dataset_slices_sorted,dataset/dataset_slices_sorted,cuda,5,no_encryption,0.05,5,,,,224,0.001,10,logs_geosciences/dataset_slices_sorted_run_7_GoogLeNet,GoogLeNet,1,,2,2,2,,geosciences,static/plots_geosciences/dataset_slices_sorted_run_7_GoogLeNet,,run_dataset_geosciences/dataset_slices_sorted_run_7_GoogLeNet,,,640.4536652565002,True,7
2,FedProx,16,0.65,0.6327993816013114,0.6500431639807565,0.6436590487421161,0.65,4,-1,-1,csv_geosciences/runs/20260415-181230_dataset_slices_sorted_worker_1.csv,dataset_slices_sorted,dataset/dataset_slices_sorted,cuda,5,no_encryption,0.05,5,,,,224,0.001,10,logs_geosciences/dataset_slices_sorted_run_1_GoogLeNet,GoogLeNet,1,,2,2,4,,geosciences,static/plots_geosciences/dataset_slices_sorted_run_1_GoogLeNet,,run_dataset_geosciences/dataset_slices_sorted_run_1_GoogLeNet,,,652.0598227977753,True,1
4,FedAvg,16,0.5904761904761905,0.4384374108925007,0.6766847678593226,0.34866213151927433,0.5904761904761905,0,-1,-1,csv_geosciences/runs/20260415-181601_dataset_slices_sorted_worker_4.csv,dataset_slices_sorted,dataset/dataset_slices_sorted,cuda,5,no_encryption,0.0,5,,,,224,0.01,10,logs_geosciences/dataset_slices_sorted_run_4_GoogLeNet,GoogLeNet,1,,2,4,2,,geosciences,static/plots_geosciences/dataset_slices_sorted_run_4_GoogLeNet,,run_dataset_geosciences/dataset_slices_sorted_run_4_GoogLeNet,,,402.8177185058594,True,4
2,FedAvg,16,0.7238095238095238,0.7157166986644845,0.5783165356942586,0.7232097763347763,0.7238095238095238,4,-1,-1,csv_geosciences/runs/20260415-181605_dataset_slices_sorted_worker_9.csv,dataset_slices_sorted,dataset/dataset_slices_sorted,cuda,5,no_encryption,0.0,5,,,,224,0.0001,10,logs_geosciences/dataset_slices_sorted_run_9_GoogLeNet,GoogLeNet,1,,2,2,2,,geosciences,static/plots_geosciences/dataset_slices_sorted_run_9_GoogLeNet,,run_dataset_geosciences/dataset_slices_sorted_run_9_GoogLeNet,,,649.1398873329163,True,9
4,FedAvg,16,0.5904761904761905,0.4384374108925007,0.6767499861263093,0.34866213151927433,0.5904761904761905,0,-1,-1,csv_geosciences/runs/20260415-181655_dataset_slices_sorted_worker_3.csv,dataset_slices_sorted,dataset/dataset_slices_sorted,cuda,5,no_encryption,0.0,5,,,,224,0.01,10,logs_geosciences/dataset_slices_sorted_run_3_GoogLeNet,GoogLeNet,1,,2,4,4,,geosciences,static/plots_geosciences/dataset_slices_sorted_run_3_GoogLeNet,,run_dataset_geosciences/dataset_slices_sorted_run_3_GoogLeNet,,,405.9759006500244,True,3
2,FedAvg,16,0.7023809523809523,0.6984314771754799,0.5788728469894046,0.6992899960962145,0.7023809523809523,4,-1,-1,csv_geosciences/runs/20260415-181705_dataset_slices_sorted_worker_0.csv,dataset_slices_sorted,dataset/dataset_slices_sorted,cuda,5,no_encryption,0.0,5,,,,224,0.0001,10,logs_geosciences/dataset_slices_sorted_run_0_GoogLeNet,GoogLeNet,1,,2,2,4,,geosciences,static/plots_geosciences/dataset_slices_sorted_run_0_GoogLeNet,,run_dataset_geosciences/dataset_slices_sorted_run_0_GoogLeNet,,,656.3500933647156,True,0
4,FedProx,16,0.5904761904761905,0.4384374108925007,0.6845160814977828,0.34866213151927433,0.5904761904761905,0,-1,-1,csv_geosciences/runs/20260415-181723_dataset_slices_sorted_worker_7.csv,dataset_slices_sorted,dataset/dataset_slices_sorted,cuda,5,no_encryption,0.05,5,,,,224,0.01,10,logs_geosciences/dataset_slices_sorted_run_7_GoogLeNet,GoogLeNet,1,,2,4,2,,geosciences,static/plots_geosciences/dataset_slices_sorted_run_7_GoogLeNet,,run_dataset_geosciences/dataset_slices_sorted_run_7_GoogLeNet,,,411.58890676498413,True,7
2,FedProx,16,0.65,0.6492343896338921,0.6254636168479919,0.6560919899799336,0.65,2,-1,-1,csv_geosciences/runs/20260415-181738_dataset_slices_sorted_worker_10.csv,dataset_slices_sorted,dataset/dataset_slices_sorted,cuda,5,no_encryption,0.05,5,,,,224,0.0001,10,logs_geosciences/dataset_slices_sorted_run_10_GoogLeNet,GoogLeNet,1,,2,2,2,,geosciences,static/plots_geosciences/dataset_slices_sorted_run_10_GoogLeNet,,run_dataset_geosciences/dataset_slices_sorted_run_10_GoogLeNet,,,663.0525934696198,True,10
4,FedProx,16,0.5904761904761905,0.4384374108925007,0.6775331769670759,0.34866213151927433,0.5904761904761905,0,-1,-1,csv_geosciences/runs/20260415-181949_dataset_slices_sorted_worker_1.csv,dataset_slices_sorted,dataset/dataset_slices_sorted,cuda,5,no_encryption,0.05,5,,,,224,0.01,10,logs_geosciences/dataset_slices_sorted_run_1_GoogLeNet,GoogLeNet,1,,2,4,4,,geosciences,static/plots_geosciences/dataset_slices_sorted_run_1_GoogLeNet,,run_dataset_geosciences/dataset_slices_sorted_run_1_GoogLeNet,,,435.73801159858704,True,1
2,FedProx,16,0.6547619047619048,0.6512042678074556,0.6317891223090035,0.6503628576936847,0.6547619047619048,4,-1,-1,csv_geosciences/runs/20260415-182017_dataset_slices_sorted_worker_6.csv,dataset_slices_sorted,dataset/dataset_slices_sorted,cuda,5,no_encryption,0.05,5,,,,224,0.0001,10,logs_geosciences/dataset_slices_sorted_run_6_GoogLeNet,GoogLeNet,1,,2,2,4,,geosciences,static/plots_geosciences/dataset_slices_sorted_run_6_GoogLeNet,,run_dataset_geosciences/dataset_slices_sorted_run_6_GoogLeNet,,,686.0306186676025,True,6
4,FedAvg,16,0.6928571428571428,0.690218382377153,0.5999043863444101,0.689615534810567,0.6928571428571428,3,-1,-1,csv_geosciences/runs/20260415-182309_dataset_slices_sorted_worker_4.csv,dataset_slices_sorted,dataset/dataset_slices_sorted,cuda,5,no_encryption,0.0,5,,,,224,0.001,10,logs_geosciences/dataset_slices_sorted_run_4_GoogLeNet,GoogLeNet,1,,2,4,2,,geosciences,static/plots_geosciences/dataset_slices_sorted_run_4_GoogLeNet,,run_dataset_geosciences/dataset_slices_sorted_run_4_GoogLeNet,,,424.6072163581848,True,4
4,FedAvg,16,0.6666666666666666,0.6680070172822906,0.6201320063500178,0.6720605652495538,0.6666666666666666,4,-1,-1,csv_geosciences/runs/20260415-182321_dataset_slices_sorted_worker_9.csv,dataset_slices_sorted,dataset/dataset_slices_sorted,cuda,5,no_encryption,0.0,5,,,,224,0.001,10,logs_geosciences/dataset_slices_sorted_run_9_GoogLeNet,GoogLeNet,1,,2,4,4,,geosciences,static/plots_geosciences/dataset_slices_sorted_run_9_GoogLeNet,,run_dataset_geosciences/dataset_slices_sorted_run_9_GoogLeNet,,,433.12629747390747,True,9
4,FedProx,16,0.6523809523809524,0.6549923683235073,0.6132878221216655,0.6724089363017932,0.6523809523809524,3,-1,-1,csv_geosciences/runs/20260415-182416_dataset_slices_sorted_worker_3.csv,dataset_slices_sorted,dataset/dataset_slices_sorted,cuda,5,no_encryption,0.05,5,,,,224,0.001,10,logs_geosciences/dataset_slices_sorted_run_3_GoogLeNet,GoogLeNet,1,,2,4,2,,geosciences,static/plots_geosciences/dataset_slices_sorted_run_3_GoogLeNet,,run_dataset_geosciences/dataset_slices_sorted_run_3_GoogLeNet,,,438.0734980106354,True,3
4,FedAvg,16,0.6928571428571428,0.6846538440874748,0.5799537110896338,0.6894119334787536,0.6928571428571428,4,-1,-1,csv_geosciences/runs/20260415-182438_dataset_slices_sorted_worker_7.csv,dataset_slices_sorted,dataset/dataset_slices_sorted,cuda,5,no_encryption,0.0,5,,,,224,0.0001,10,logs_geosciences/dataset_slices_sorted_run_7_GoogLeNet,GoogLeNet,1,,2,4,2,,geosciences,static/plots_geosciences/dataset_slices_sorted_run_7_GoogLeNet,,run_dataset_geosciences/dataset_slices_sorted_run_7_GoogLeNet,,,431.8509793281555,True,7
4,FedProx,16,0.6714285714285714,0.6607994472566272,0.6198528973829178,0.6665305756754427,0.6714285714285714,4,-1,-1,csv_geosciences/runs/20260415-182439_dataset_slices_sorted_worker_0.csv,dataset_slices_sorted,dataset/dataset_slices_sorted,cuda,5,no_encryption,0.05,5,,,,224,0.001,10,logs_geosciences/dataset_slices_sorted_run_0_GoogLeNet,GoogLeNet,1,,2,4,4,,geosciences,static/plots_geosciences/dataset_slices_sorted_run_0_GoogLeNet,,run_dataset_geosciences/dataset_slices_sorted_run_0_GoogLeNet,,,451.22190618515015,True,0
4,FedAvg,16,0.65,0.6524500527089442,0.6040992193278812,0.6599306749011379,0.65,4,-1,-1,csv_geosciences/runs/20260415-182501_dataset_slices_sorted_worker_10.csv,dataset_slices_sorted,dataset/dataset_slices_sorted,cuda,5,no_encryption,0.0,5,,,,224,0.0001,10,logs_geosciences/dataset_slices_sorted_run_10_GoogLeNet,GoogLeNet,1,,2,4,4,,geosciences,static/plots_geosciences/dataset_slices_sorted_run_10_GoogLeNet,,run_dataset_geosciences/dataset_slices_sorted_run_10_GoogLeNet,,,439.216943025589,True,10
4,FedProx,16,0.6738095238095239,0.6585221572201748,0.5928148949430102,0.6709743514906834,0.6738095238095239,4,-1,-1,csv_geosciences/runs/20260415-182732_dataset_slices_sorted_worker_1.csv,dataset_slices_sorted,dataset/dataset_slices_sorted,cuda,5,no_encryption,0.05,5,,,,224,0.0001,10,logs_geosciences/dataset_slices_sorted_run_1_GoogLeNet,GoogLeNet,1,,2,4,2,,geosciences,static/plots_geosciences/dataset_slices_sorted_run_1_GoogLeNet,,run_dataset_geosciences/dataset_slices_sorted_run_1_GoogLeNet,,,459.9371609687805,True,1
4,FedProx,16,0.6523809523809524,0.6379823535571831,0.6222305070786249,0.6481823307710992,0.6523809523809524,4,-1,-1,csv_geosciences/runs/20260415-182812_dataset_slices_sorted_worker_6.csv,dataset_slices_sorted,dataset/dataset_slices_sorted,cuda,5,no_encryption,0.05,5,,,,224,0.0001,10,logs_geosciences/dataset_slices_sorted_run_6_GoogLeNet,GoogLeNet,1,,2,4,4,,geosciences,static/plots_geosciences/dataset_slices_sorted_run_6_GoogLeNet,,run_dataset_geosciences/dataset_slices_sorted_run_6_GoogLeNet,,,472.34793519973755,True,6
8,FedAvg,16,0.5849056603773585,0.4317160826594789,0.6788043233583558,0.3421146315414738,0.5849056603773585,0,-1,-1,csv_geosciences/runs/20260415-183040_dataset_slices_sorted_worker_4.csv,dataset_slices_sorted,dataset/dataset_slices_sorted,cuda,5,no_encryption,0.0,5,,,,224,0.01,10,logs_geosciences/dataset_slices_sorted_run_4_GoogLeNet,GoogLeNet,1,,2,8,2,,geosciences,static/plots_geosciences/dataset_slices_sorted_run_4_GoogLeNet,,run_dataset_geosciences/dataset_slices_sorted_run_4_GoogLeNet,,,447.89607667922974,True,4
8,FedAvg,16,0.5849056603773585,0.4317160826594789,0.6786703242445892,0.3421146315414738,0.5849056603773585,0,-1,-1,csv_geosciences/runs/20260415-183110_dataset_slices_sorted_worker_9.csv,dataset_slices_sorted,dataset/dataset_slices_sorted,cuda,5,no_encryption,0.0,5,,,,224,0.01,10,logs_geosciences/dataset_slices_sorted_run_9_GoogLeNet,GoogLeNet,1,,2,8,4,,geosciences,static/plots_geosciences/dataset_slices_sorted_run_9_GoogLeNet,,run_dataset_geosciences/dataset_slices_sorted_run_9_GoogLeNet,,,465.44465041160583,True,9
8,FedProx,16,0.5849056603773585,0.4317160826594789,0.6896381828020204,0.3421146315414738,0.5849056603773585,0,-1,-1,csv_geosciences/runs/20260415-183208_dataset_slices_sorted_worker_3.csv,dataset_slices_sorted,dataset/dataset_slices_sorted,cuda,5,no_encryption,0.05,5,,,,224,0.01,10,logs_geosciences/dataset_slices_sorted_run_3_GoogLeNet,GoogLeNet,1,,2,8,2,,geosciences,static/plots_geosciences/dataset_slices_sorted_run_3_GoogLeNet,,run_dataset_geosciences/dataset_slices_sorted_run_3_GoogLeNet,,,468.4202356338501,True,3
8,FedAvg,16,0.6344339622641509,0.6298106062601576,0.6335164676859694,0.6891523867541682,0.6344339622641509,4,-1,-1,csv_geosciences/runs/20260415-183219_dataset_slices_sorted_worker_0.csv,dataset_slices_sorted,dataset/dataset_slices_sorted,cuda,5,no_encryption,0.0,5,,,,224,0.001,10,logs_geosciences/dataset_slices_sorted_run_0_GoogLeNet,GoogLeNet,1,,2,8,2,,geosciences,static/plots_geosciences/dataset_slices_sorted_run_0_GoogLeNet,,run_dataset_geosciences/dataset_slices_sorted_run_0_GoogLeNet,,,456.68370032310486,True,0
8,FedAvg,16,0.5825471698113207,0.5645409689261816,0.6711687328961661,0.6754744300941277,0.5825471698113207,3,-1,-1,csv_geosciences/runs/20260415-183247_dataset_slices_sorted_worker_10.csv,dataset_slices_sorted,dataset/dataset_slices_sorted,cuda,5,no_encryption,0.0,5,,,,224,0.001,10,logs_geosciences/dataset_slices_sorted_run_10_GoogLeNet,GoogLeNet,1,,2,8,4,,geosciences,static/plots_geosciences/dataset_slices_sorted_run_10_GoogLeNet,,run_dataset_geosciences/dataset_slices_sorted_run_10_GoogLeNet,,,462.8964705467224,True,10
8,FedProx,16,0.5849056603773585,0.4317160826594789,0.6796174296792948,0.3421146315414738,0.5849056603773585,0,-1,-1,csv_geosciences/runs/20260415-183310_dataset_slices_sorted_worker_7.csv,dataset_slices_sorted,dataset/dataset_slices_sorted,cuda,5,no_encryption,0.05,5,,,,224,0.01,10,logs_geosciences/dataset_slices_sorted_run_7_GoogLeNet,GoogLeNet,1,,2,8,4,,geosciences,static/plots_geosciences/dataset_slices_sorted_run_7_GoogLeNet,,run_dataset_geosciences/dataset_slices_sorted_run_7_GoogLeNet,,,508.6693696975708,True,7
8,FedProx,16,0.6957547169811321,0.6853819793424267,0.598807082845355,0.6966181176616218,0.6957547169811321,4,-1,-1,csv_geosciences/runs/20260415-183524_dataset_slices_sorted_worker_1.csv,dataset_slices_sorted,dataset/dataset_slices_sorted,cuda,5,no_encryption,0.05,5,,,,224,0.001,10,logs_geosciences/dataset_slices_sorted_run_1_GoogLeNet,GoogLeNet,1,,2,8,2,,geosciences,static/plots_geosciences/dataset_slices_sorted_run_1_GoogLeNet,,run_dataset_geosciences/dataset_slices_sorted_run_1_GoogLeNet,,,468.93878054618835,True,1
8,FedProx,16,0.660377358490566,0.6509642424116886,0.625227596681073,0.6550659574881564,0.660377358490566,3,-1,-1,csv_geosciences/runs/20260415-183627_dataset_slices_sorted_worker_6.csv,dataset_slices_sorted,dataset/dataset_slices_sorted,cuda,5,no_encryption,0.05,5,,,,224,0.001,10,logs_geosciences/dataset_slices_sorted_run_6_GoogLeNet,GoogLeNet,1,,2,8,4,,geosciences,static/plots_geosciences/dataset_slices_sorted_run_6_GoogLeNet,,run_dataset_geosciences/dataset_slices_sorted_run_6_GoogLeNet,,,490.94621777534485,True,6
8,FedAvg,16,0.660377358490566,0.6495127103295746,0.6075712883809827,0.6570041724826795,0.660377358490566,4,-1,-1,csv_geosciences/runs/20260415-183826_dataset_slices_sorted_worker_4.csv,dataset_slices_sorted,dataset/dataset_slices_sorted,cuda,5,no_encryption,0.0,5,,,,224,0.0001,10,logs_geosciences/dataset_slices_sorted_run_4_GoogLeNet,GoogLeNet,1,,2,8,2,,geosciences,static/plots_geosciences/dataset_slices_sorted_run_4_GoogLeNet,,run_dataset_geosciences/dataset_slices_sorted_run_4_GoogLeNet,,,462.14959025382996,True,4
8,FedAvg,16,0.660377358490566,0.6416654540386957,0.6205648822042177,0.6557859718973894,0.660377358490566,4,-1,-1,csv_geosciences/runs/20260415-183903_dataset_slices_sorted_worker_9.csv,dataset_slices_sorted,dataset/dataset_slices_sorted,cuda,5,no_encryption,0.0,5,,,,224,0.0001,10,logs_geosciences/dataset_slices_sorted_run_9_GoogLeNet,GoogLeNet,1,,2,8,4,,geosciences,static/plots_geosciences/dataset_slices_sorted_run_9_GoogLeNet,,run_dataset_geosciences/dataset_slices_sorted_run_9_GoogLeNet,,,469.670371055603,True,9
8,FedProx,16,0.6698113207547169,0.6550775834783368,0.6096016992375536,0.6686305180481973,0.6698113207547169,4,-1,-1,csv_geosciences/runs/20260415-184003_dataset_slices_sorted_worker_3.csv,dataset_slices_sorted,dataset/dataset_slices_sorted,cuda,5,no_encryption,0.05,5,,,,224,0.0001,10,logs_geosciences/dataset_slices_sorted_run_3_GoogLeNet,GoogLeNet,1,,2,8,2,,geosciences,static/plots_geosciences/dataset_slices_sorted_run_3_GoogLeNet,,run_dataset_geosciences/dataset_slices_sorted_run_3_GoogLeNet,,,471.8232386112213,True,3
8,FedProx,16,0.6273584905660378,0.554510113912163,0.6377861426686341,0.64868735148555,0.6273584905660378,4,-1,-1,csv_geosciences/runs/20260415-184037_dataset_slices_sorted_worker_0.csv,dataset_slices_sorted,dataset/dataset_slices_sorted,cuda,5,no_encryption,0.05,5,,,,224,0.0001,10,logs_geosciences/dataset_slices_sorted_run_0_GoogLeNet,GoogLeNet,1,,2,8,4,,geosciences,static/plots_geosciences/dataset_slices_sorted_run_0_GoogLeNet,,run_dataset_geosciences/dataset_slices_sorted_run_0_GoogLeNet,,,494.488587141037,True,0
16,FedAvg,16,0.5925925925925926,0.4409991386735573,0.6759434077474806,0.3511659807956104,0.5925925925925926,1,-1,-1,csv_geosciences/runs/20260415-184135_dataset_slices_sorted_worker_10.csv,dataset_slices_sorted,dataset/dataset_slices_sorted,cuda,5,no_encryption,0.0,5,,,,224,0.01,10,logs_geosciences/dataset_slices_sorted_run_10_GoogLeNet,GoogLeNet,1,,2,16,2,,geosciences,static/plots_geosciences/dataset_slices_sorted_run_10_GoogLeNet,,run_dataset_geosciences/dataset_slices_sorted_run_10_GoogLeNet,,,524.744514465332,True,10
16,FedAvg,16,0.5925925925925926,0.4409991386735573,0.6813993409827903,0.3511659807956104,0.5925925925925926,0,-1,-1,csv_geosciences/runs/20260415-184217_dataset_slices_sorted_worker_7.csv,dataset_slices_sorted,dataset/dataset_slices_sorted,cuda,5,no_encryption,0.0,5,,,,224,0.01,10,logs_geosciences/dataset_slices_sorted_run_7_GoogLeNet,GoogLeNet,1,,2,16,4,,geosciences,static/plots_geosciences/dataset_slices_sorted_run_7_GoogLeNet,,run_dataset_geosciences/dataset_slices_sorted_run_7_GoogLeNet,,,544.30339884758,True,7
16,FedProx,16,0.5925925925925926,0.4409991386735573,0.6919160507343434,0.3511659807956104,0.5925925925925926,0,-1,-1,csv_geosciences/runs/20260415-184429_dataset_slices_sorted_worker_1.csv,dataset_slices_sorted,dataset/dataset_slices_sorted,cuda,5,no_encryption,0.05,5,,,,224,0.01,10,logs_geosciences/dataset_slices_sorted_run_1_GoogLeNet,GoogLeNet,1,,2,16,2,,geosciences,static/plots_geosciences/dataset_slices_sorted_run_1_GoogLeNet,,run_dataset_geosciences/dataset_slices_sorted_run_1_GoogLeNet,,,541.4718792438507,True,1
16,FedProx,16,0.5925925925925926,0.4409991386735573,0.6831364982106067,0.3511659807956104,0.5925925925925926,0,-1,-1,csv_geosciences/runs/20260415-184553_dataset_slices_sorted_worker_6.csv,dataset_slices_sorted,dataset/dataset_slices_sorted,cuda,5,no_encryption,0.05,5,,,,224,0.01,10,logs_geosciences/dataset_slices_sorted_run_6_GoogLeNet,GoogLeNet,1,,2,16,4,,geosciences,static/plots_geosciences/dataset_slices_sorted_run_6_GoogLeNet,,run_dataset_geosciences/dataset_slices_sorted_run_6_GoogLeNet,,,563.5221772193909,True,6
16,FedAvg,16,0.6782407407407407,0.6785319006966248,0.6265260152242802,0.7068896999197244,0.6782407407407407,3,-1,-1,csv_geosciences/runs/20260415-184709_dataset_slices_sorted_worker_4.csv,dataset_slices_sorted,dataset/dataset_slices_sorted,cuda,5,no_encryption,0.0,5,,,,224,0.001,10,logs_geosciences/dataset_slices_sorted_run_4_GoogLeNet,GoogLeNet,1,,2,16,2,,geosciences,static/plots_geosciences/dataset_slices_sorted_run_4_GoogLeNet,,run_dataset_geosciences/dataset_slices_sorted_run_4_GoogLeNet,,,520.4649510383606,True,4
16,FedAvg,16,0.49537037037037035,0.42018267182068997,0.6936134774651792,0.6480878970547851,0.49537037037037035,2,-1,-1,csv_geosciences/runs/20260415-184812_dataset_slices_sorted_worker_9.csv,dataset_slices_sorted,dataset/dataset_slices_sorted,cuda,5,no_encryption,0.0,5,,,,224,0.001,10,logs_geosciences/dataset_slices_sorted_run_9_GoogLeNet,GoogLeNet,1,,2,16,4,,geosciences,static/plots_geosciences/dataset_slices_sorted_run_9_GoogLeNet,,run_dataset_geosciences/dataset_slices_sorted_run_9_GoogLeNet,,,545.231565952301,True,9
16,FedProx,16,0.6990740740740741,0.6878133941198312,0.5900853232101158,0.7049540148772606,0.6990740740740741,4,-1,-1,csv_geosciences/runs/20260415-184857_dataset_slices_sorted_worker_3.csv,dataset_slices_sorted,dataset/dataset_slices_sorted,cuda,5,no_encryption,0.05,5,,,,224,0.001,10,logs_geosciences/dataset_slices_sorted_run_3_GoogLeNet,GoogLeNet,1,,2,16,2,,geosciences,static/plots_geosciences/dataset_slices_sorted_run_3_GoogLeNet,,run_dataset_geosciences/dataset_slices_sorted_run_3_GoogLeNet,,,530.7810008525848,True,3
16,FedProx,16,0.6712962962962963,0.6649363331824079,0.6135189850573186,0.6703218763138784,0.6712962962962963,4,-1,-1,csv_geosciences/runs/20260415-184952_dataset_slices_sorted_worker_0.csv,dataset_slices_sorted,dataset/dataset_slices_sorted,cuda,5,no_encryption,0.05,5,,,,224,0.001,10,logs_geosciences/dataset_slices_sorted_run_0_GoogLeNet,GoogLeNet,1,,2,16,4,,geosciences,static/plots_geosciences/dataset_slices_sorted_run_0_GoogLeNet,,run_dataset_geosciences/dataset_slices_sorted_run_0_GoogLeNet,,,551.8324649333954,True,0
16,FedAvg,16,0.6805555555555556,0.6365266954324617,0.6147283971033715,0.724218123344506,0.6805555555555556,4,-1,-1,csv_geosciences/runs/20260415-185010_dataset_slices_sorted_worker_10.csv,dataset_slices_sorted,dataset/dataset_slices_sorted,cuda,5,no_encryption,0.0,5,,,,224,0.0001,10,logs_geosciences/dataset_slices_sorted_run_10_GoogLeNet,GoogLeNet,1,,2,16,2,,geosciences,static/plots_geosciences/dataset_slices_sorted_run_10_GoogLeNet,,run_dataset_geosciences/dataset_slices_sorted_run_10_GoogLeNet,,,511.3079032897949,True,10
16,FedAvg,16,0.6041666666666666,0.4822086729524336,0.6471257383624712,0.5223816872427983,0.6041666666666666,4,-1,-1,csv_geosciences/runs/20260415-185110_dataset_slices_sorted_worker_7.csv,dataset_slices_sorted,dataset/dataset_slices_sorted,cuda,5,no_encryption,0.0,5,,,,224,0.0001,10,logs_geosciences/dataset_slices_sorted_run_7_GoogLeNet,GoogLeNet,1,,2,16,4,,geosciences,static/plots_geosciences/dataset_slices_sorted_run_7_GoogLeNet,,run_dataset_geosciences/dataset_slices_sorted_run_7_GoogLeNet,,,528.9219760894775,True,7
16,FedProx,16,0.6736111111111112,0.6272833831092446,0.6210571978655126,0.6766075718068207,0.6736111111111112,4,-1,-1,csv_geosciences/runs/20260415-185323_dataset_slices_sorted_worker_1.csv,dataset_slices_sorted,dataset/dataset_slices_sorted,cuda,5,no_encryption,0.05,5,,,,224,0.0001,10,logs_geosciences/dataset_slices_sorted_run_1_GoogLeNet,GoogLeNet,1,,2,16,2,,geosciences,static/plots_geosciences/dataset_slices_sorted_run_1_GoogLeNet,,run_dataset_geosciences/dataset_slices_sorted_run_1_GoogLeNet,,,530.4567031860352,True,1
16,FedProx,16,0.5925925925925926,0.4409991386735573,0.6772970053608771,0.3511659807956104,0.5925925925925926,0,-1,-1,csv_geosciences/runs/20260415-185501_dataset_slices_sorted_worker_6.csv,dataset_slices_sorted,dataset/dataset_slices_sorted,cuda,5,no_encryption,0.05,5,,,,224,0.0001,10,logs_geosciences/dataset_slices_sorted_run_6_GoogLeNet,GoogLeNet,1,,2,16,4,,geosciences,static/plots_geosciences/dataset_slices_sorted_run_6_GoogLeNet,,run_dataset_geosciences/dataset_slices_sorted_run_6_GoogLeNet,,,543.9412062168121,True,6
32,FedAvg,16,0.5727069351230425,0.4171339473352896,0.6828436792830226,0.32804779113503946,0.5727069351230425,1,-1,-1,csv_geosciences/runs/20260415-185734_dataset_slices_sorted_worker_4.csv,dataset_slices_sorted,dataset/dataset_slices_sorted,cuda,5,no_encryption,0.0,5,,,,224,0.01,10,logs_geosciences/dataset_slices_sorted_run_4_GoogLeNet,GoogLeNet,1,,2,32,2,,geosciences,static/plots_geosciences/dataset_slices_sorted_run_4_GoogLeNet,,run_dataset_geosciences/dataset_slices_sorted_run_4_GoogLeNet,,,621.5945243835449,True,4
32,FedAvg,16,0.5727069351230425,0.4171339473352896,0.6921509430979189,0.32804779113503946,0.5727069351230425,0,-1,-1,csv_geosciences/runs/20260415-185853_dataset_slices_sorted_worker_9.csv,dataset_slices_sorted,dataset/dataset_slices_sorted,cuda,5,no_encryption,0.0,5,,,,224,0.01,10,logs_geosciences/dataset_slices_sorted_run_9_GoogLeNet,GoogLeNet,1,,2,32,4,,geosciences,static/plots_geosciences/dataset_slices_sorted_run_9_GoogLeNet,,run_dataset_geosciences/dataset_slices_sorted_run_9_GoogLeNet,,,638.2860684394836,True,9
32,FedProx,16,0.5727069351230425,0.4171339473352896,0.6825589006912521,0.32804779113503946,0.5727069351230425,1,-1,-1,csv_geosciences/runs/20260415-185936_dataset_slices_sorted_worker_3.csv,dataset_slices_sorted,dataset/dataset_slices_sorted,cuda,5,no_encryption,0.05,5,,,,224,0.01,10,logs_geosciences/dataset_slices_sorted_run_3_GoogLeNet,GoogLeNet,1,,2,32,2,,geosciences,static/plots_geosciences/dataset_slices_sorted_run_3_GoogLeNet,,run_dataset_geosciences/dataset_slices_sorted_run_3_GoogLeNet,,,635.9957039356232,True,3
32,FedAvg,16,0.6487695749440716,0.6412040114639487,0.6378269702262793,0.6554961568384388,0.6487695749440716,4,-1,-1,csv_geosciences/runs/20260415-190021_dataset_slices_sorted_worker_10.csv,dataset_slices_sorted,dataset/dataset_slices_sorted,cuda,5,no_encryption,0.0,5,,,,224,0.001,10,logs_geosciences/dataset_slices_sorted_run_10_GoogLeNet,GoogLeNet,1,,2,32,2,,geosciences,static/plots_geosciences/dataset_slices_sorted_run_10_GoogLeNet,,run_dataset_geosciences/dataset_slices_sorted_run_10_GoogLeNet,,,607.8299219608307,True,10
32,FedProx,16,0.5727069351230425,0.4171339473352896,0.6928490648333658,0.32804779113503946,0.5727069351230425,0,-1,-1,csv_geosciences/runs/20260415-190106_dataset_slices_sorted_worker_0.csv,dataset_slices_sorted,dataset/dataset_slices_sorted,cuda,5,no_encryption,0.05,5,,,,224,0.01,10,logs_geosciences/dataset_slices_sorted_run_0_GoogLeNet,GoogLeNet,1,,2,32,4,,geosciences,static/plots_geosciences/dataset_slices_sorted_run_0_GoogLeNet,,run_dataset_geosciences/dataset_slices_sorted_run_0_GoogLeNet,,,670.0206356048584,True,0
32,FedAvg,16,0.6152125279642058,0.6081409619901528,0.6642111938538434,0.6556165683682462,0.6152125279642058,3,-1,-1,csv_geosciences/runs/20260415-190159_dataset_slices_sorted_worker_7.csv,dataset_slices_sorted,dataset/dataset_slices_sorted,cuda,5,no_encryption,0.0,5,,,,224,0.001,10,logs_geosciences/dataset_slices_sorted_run_7_GoogLeNet,GoogLeNet,1,,2,32,4,,geosciences,static/plots_geosciences/dataset_slices_sorted_run_7_GoogLeNet,,run_dataset_geosciences/dataset_slices_sorted_run_7_GoogLeNet,,,645.6017851829529,True,7
32,FedProx,16,0.6510067114093959,0.6437861918984782,0.6295481986914172,0.6605634484829116,0.6510067114093959,4,-1,-1,csv_geosciences/runs/20260415-190405_dataset_slices_sorted_worker_1.csv,dataset_slices_sorted,dataset/dataset_slices_sorted,cuda,5,no_encryption,0.05,5,,,,224,0.001,10,logs_geosciences/dataset_slices_sorted_run_1_GoogLeNet,GoogLeNet,1,,2,32,2,,geosciences,static/plots_geosciences/dataset_slices_sorted_run_1_GoogLeNet,,run_dataset_geosciences/dataset_slices_sorted_run_1_GoogLeNet,,,639.0990765094757,True,1
2,FedAvg,16,0.5857142857142857,0.43268983268983274,0.6807727634906768,0.3430612244897959,0.5857142857142857,0,-1,-1,csv_geosciences/runs/20260415-190557_dataset_slices_sorted_worker_0.csv,dataset_slices_sorted,dataset/dataset_slices_sorted,cuda,5,no_encryption,0.0,10,,,,224,0.01,1,logs_geosciences/dataset_slices_sorted_run_0_GoogLeNet,GoogLeNet,1,,2,2,2,,geosciences,static/plots_geosciences/dataset_slices_sorted_run_0_GoogLeNet,,run_dataset_geosciences/dataset_slices_sorted_run_0_GoogLeNet,,,287.9522590637207,True,0
32,FedProx,16,0.6442953020134228,0.6232561135172975,0.6393369457599034,0.655967795565111,0.6442953020134228,4,-1,-1,csv_geosciences/runs/20260415-190607_dataset_slices_sorted_worker_6.csv,dataset_slices_sorted,dataset/dataset_slices_sorted,cuda,5,no_encryption,0.05,5,,,,224,0.001,10,logs_geosciences/dataset_slices_sorted_run_6_GoogLeNet,GoogLeNet,1,,2,32,4,,geosciences,static/plots_geosciences/dataset_slices_sorted_run_6_GoogLeNet,,run_dataset_geosciences/dataset_slices_sorted_run_6_GoogLeNet,,,662.9535000324249,True,6
2,FedAvg,16,0.5857142857142857,0.43268983268983274,0.6796393508002871,0.3430612244897959,0.5857142857142857,0,-1,-1,csv_geosciences/runs/20260415-190648_dataset_slices_sorted_worker_7.csv,dataset_slices_sorted,dataset/dataset_slices_sorted,cuda,5,no_encryption,0.0,10,,,,224,0.01,1,logs_geosciences/dataset_slices_sorted_run_7_GoogLeNet,GoogLeNet,1,,2,2,4,,geosciences,static/plots_geosciences/dataset_slices_sorted_run_7_GoogLeNet,,run_dataset_geosciences/dataset_slices_sorted_run_7_GoogLeNet,,,286.40536427497864,True,7
32,FedAvg,16,0.6017897091722595,0.5254013828431515,0.6454794288214954,0.578342909886534,0.6017897091722595,4,-1,-1,csv_geosciences/runs/20260415-190738_dataset_slices_sorted_worker_4.csv,dataset_slices_sorted,dataset/dataset_slices_sorted,cuda,5,no_encryption,0.0,5,,,,224,0.0001,10,logs_geosciences/dataset_slices_sorted_run_4_GoogLeNet,GoogLeNet,1,,2,32,2,,geosciences,static/plots_geosciences/dataset_slices_sorted_run_4_GoogLeNet,,run_dataset_geosciences/dataset_slices_sorted_run_4_GoogLeNet,,,600.5644912719727,True,4
2,FedProx,16,0.5857142857142857,0.43268983268983274,0.6767955740292867,0.3430612244897959,0.5857142857142857,0,-1,-1,csv_geosciences/runs/20260415-190849_dataset_slices_sorted_worker_1.csv,dataset_slices_sorted,dataset/dataset_slices_sorted,cuda,5,no_encryption,0.05,10,,,,224,0.01,1,logs_geosciences/dataset_slices_sorted_run_1_GoogLeNet,GoogLeNet,1,,2,2,2,,geosciences,static/plots_geosciences/dataset_slices_sorted_run_1_GoogLeNet,,run_dataset_geosciences/dataset_slices_sorted_run_1_GoogLeNet,,,280.2807922363281,True,1
32,FedAvg,16,0.5727069351230425,0.4171339473352896,0.6817662757248419,0.32804779113503946,0.5727069351230425,0,-1,-1,csv_geosciences/runs/20260415-190920_dataset_slices_sorted_worker_9.csv,dataset_slices_sorted,dataset/dataset_slices_sorted,cuda,5,no_encryption,0.0,5,,,,224,0.0001,10,logs_geosciences/dataset_slices_sorted_run_9_GoogLeNet,GoogLeNet,1,,2,32,4,,geosciences,static/plots_geosciences/dataset_slices_sorted_run_9_GoogLeNet,,run_dataset_geosciences/dataset_slices_sorted_run_9_GoogLeNet,,,623.5274143218994,True,9
32,FedProx,16,0.5973154362416108,0.49675456351542546,0.6459243522927799,0.5118269500819836,0.5973154362416108,4,-1,-1,csv_geosciences/runs/20260415-190948_dataset_slices_sorted_worker_3.csv,dataset_slices_sorted,dataset/dataset_slices_sorted,cuda,5,no_encryption,0.05,5,,,,224,0.0001,10,logs_geosciences/dataset_slices_sorted_run_3_GoogLeNet,GoogLeNet,1,,2,32,2,,geosciences,static/plots_geosciences/dataset_slices_sorted_run_3_GoogLeNet,,run_dataset_geosciences/dataset_slices_sorted_run_3_GoogLeNet,,,607.8045520782471,True,3
32,FedProx,16,0.5727069351230425,0.4171339473352896,0.6858800758984799,0.32804779113503946,0.5727069351230425,0,-1,-1,csv_geosciences/runs/20260415-191026_dataset_slices_sorted_worker_10.csv,dataset_slices_sorted,dataset/dataset_slices_sorted,cuda,5,no_encryption,0.05,5,,,,224,0.0001,10,logs_geosciences/dataset_slices_sorted_run_10_GoogLeNet,GoogLeNet,1,,2,32,4,,geosciences,static/plots_geosciences/dataset_slices_sorted_run_10_GoogLeNet,,run_dataset_geosciences/dataset_slices_sorted_run_10_GoogLeNet,,,602.2915332317352,True,10
2,FedProx,16,0.5857142857142857,0.43268983268983274,0.6873923103014629,0.3430612244897959,0.5857142857142857,0,-1,-1,csv_geosciences/runs/20260415-191042_dataset_slices_sorted_worker_0.csv,dataset_slices_sorted,dataset/dataset_slices_sorted,cuda,5,no_encryption,0.05,10,,,,224,0.01,1,logs_geosciences/dataset_slices_sorted_run_0_GoogLeNet,GoogLeNet,1,,2,2,4,,geosciences,static/plots_geosciences/dataset_slices_sorted_run_0_GoogLeNet,,run_dataset_geosciences/dataset_slices_sorted_run_0_GoogLeNet,,,282.34852862358093,True,0
2,FedAvg,16,0.6547619047619048,0.6428498097757313,0.6326444713842301,0.6482269049172181,0.6547619047619048,9,-1,-1,csv_geosciences/runs/20260415-191046_dataset_slices_sorted_worker_6.csv,dataset_slices_sorted,dataset/dataset_slices_sorted,cuda,5,no_encryption,0.0,10,,,,224,0.001,1,logs_geosciences/dataset_slices_sorted_run_6_GoogLeNet,GoogLeNet,1,,2,2,2,,geosciences,static/plots_geosciences/dataset_slices_sorted_run_6_GoogLeNet,,run_dataset_geosciences/dataset_slices_sorted_run_6_GoogLeNet,,,276.02755880355835,True,6
2,FedAvg,16,0.6357142857142857,0.620282353709498,0.65188161333402,0.6288172973591951,0.6357142857142857,7,-1,-1,csv_geosciences/runs/20260415-191131_dataset_slices_sorted_worker_7.csv,dataset_slices_sorted,dataset/dataset_slices_sorted,cuda,5,no_encryption,0.0,10,,,,224,0.001,1,logs_geosciences/dataset_slices_sorted_run_7_GoogLeNet,GoogLeNet,1,,2,2,4,,geosciences,static/plots_geosciences/dataset_slices_sorted_run_7_GoogLeNet,,run_dataset_geosciences/dataset_slices_sorted_run_7_GoogLeNet,,,279.1997880935669,True,7
2,FedProx,16,0.6547619047619048,0.648657946279124,0.6400566793623425,0.6489365845161514,0.6547619047619048,7,-1,-1,csv_geosciences/runs/20260415-191222_dataset_slices_sorted_worker_4.csv,dataset_slices_sorted,dataset/dataset_slices_sorted,cuda,5,no_encryption,0.05,10,,,,224,0.001,1,logs_geosciences/dataset_slices_sorted_run_4_GoogLeNet,GoogLeNet,1,,2,2,2,,geosciences,static/plots_geosciences/dataset_slices_sorted_run_4_GoogLeNet,,run_dataset_geosciences/dataset_slices_sorted_run_4_GoogLeNet,,,280.5200147628784,True,4
2,FedProx,16,0.6333333333333333,0.6107290448343081,0.647653583685557,0.6253269168291098,0.6333333333333333,9,-1,-1,csv_geosciences/runs/20260415-191338_dataset_slices_sorted_worker_1.csv,dataset_slices_sorted,dataset/dataset_slices_sorted,cuda,5,no_encryption,0.05,10,,,,224,0.001,1,logs_geosciences/dataset_slices_sorted_run_1_GoogLeNet,GoogLeNet,1,,2,2,4,,geosciences,static/plots_geosciences/dataset_slices_sorted_run_1_GoogLeNet,,run_dataset_geosciences/dataset_slices_sorted_run_1_GoogLeNet,,,285.8625855445862,True,1
2,FedAvg,16,0.6476190476190476,0.6444135648348381,0.6475534856319427,0.6438445197898979,0.6476190476190476,5,-1,-1,csv_geosciences/runs/20260415-191405_dataset_slices_sorted_worker_9.csv,dataset_slices_sorted,dataset/dataset_slices_sorted,cuda,5,no_encryption,0.0,10,,,,224,0.0001,1,logs_geosciences/dataset_slices_sorted_run_9_GoogLeNet,GoogLeNet,1,,2,2,2,,geosciences,static/plots_geosciences/dataset_slices_sorted_run_9_GoogLeNet,,run_dataset_geosciences/dataset_slices_sorted_run_9_GoogLeNet,,,281.39827013015747,True,9
4,FedAvg,16,0.5904761904761905,0.4384374108925007,0.6767501161212013,0.34866213151927433,0.5904761904761905,1,-1,-1,csv_geosciences/runs/20260415-191408_dataset_slices_sorted_worker_6.csv,dataset_slices_sorted,dataset/dataset_slices_sorted,cuda,5,no_encryption,0.0,10,,,,224,0.01,1,logs_geosciences/dataset_slices_sorted_run_6_GoogLeNet,GoogLeNet,1,,2,4,2,,geosciences,static/plots_geosciences/dataset_slices_sorted_run_6_GoogLeNet,,run_dataset_geosciences/dataset_slices_sorted_run_6_GoogLeNet,,,199.06047296524048,True,6
2,FedAvg,16,0.6404761904761904,0.626326623712504,0.6484975303922381,0.6329854130647474,0.6404761904761904,9,-1,-1,csv_geosciences/runs/20260415-191436_dataset_slices_sorted_worker_3.csv,dataset_slices_sorted,dataset/dataset_slices_sorted,cuda,5,no_encryption,0.0,10,,,,224,0.0001,1,logs_geosciences/dataset_slices_sorted_run_3_GoogLeNet,GoogLeNet,1,,2,2,4,,geosciences,static/plots_geosciences/dataset_slices_sorted_run_3_GoogLeNet,,run_dataset_geosciences/dataset_slices_sorted_run_3_GoogLeNet,,,284.9560775756836,True,3
4,FedAvg,16,0.5904761904761905,0.4384374108925007,0.690186273484003,0.34866213151927433,0.5904761904761905,0,-1,-1,csv_geosciences/runs/20260415-191457_dataset_slices_sorted_worker_7.csv,dataset_slices_sorted,dataset/dataset_slices_sorted,cuda,5,no_encryption,0.0,10,,,,224,0.01,1,logs_geosciences/dataset_slices_sorted_run_7_GoogLeNet,GoogLeNet,1,,2,4,4,,geosciences,static/plots_geosciences/dataset_slices_sorted_run_7_GoogLeNet,,run_dataset_geosciences/dataset_slices_sorted_run_7_GoogLeNet,,,203.08832430839539,True,7
2,FedProx,16,0.65,0.6481304538364068,0.6421976736613683,0.6472425235683584,0.65,9,-1,-1,csv_geosciences/runs/20260415-191537_dataset_slices_sorted_worker_10.csv,dataset_slices_sorted,dataset/dataset_slices_sorted,cuda,5,no_encryption,0.05,10,,,,224,0.0001,1,logs_geosciences/dataset_slices_sorted_run_10_GoogLeNet,GoogLeNet,1,,2,2,2,,geosciences,static/plots_geosciences/dataset_slices_sorted_run_10_GoogLeNet,,run_dataset_geosciences/dataset_slices_sorted_run_10_GoogLeNet,,,307.1621265411377,True,10
2,FedProx,16,0.6142857142857143,0.5371970715896707,0.6586252028033847,0.6243993688282601,0.6142857142857143,9,-1,-1,csv_geosciences/runs/20260415-191538_dataset_slices_sorted_worker_0.csv,dataset_slices_sorted,dataset/dataset_slices_sorted,cuda,5,no_encryption,0.05,10,,,,224,0.0001,1,logs_geosciences/dataset_slices_sorted_run_0_GoogLeNet,GoogLeNet,1,,2,2,4,,geosciences,static/plots_geosciences/dataset_slices_sorted_run_0_GoogLeNet,,run_dataset_geosciences/dataset_slices_sorted_run_0_GoogLeNet,,,292.3631012439728,True,0
4,FedProx,16,0.5952380952380952,0.4531549057867506,0.6919544745059241,0.6065501127012916,0.5952380952380952,0,-1,-1,csv_geosciences/runs/20260415-191544_dataset_slices_sorted_worker_4.csv,dataset_slices_sorted,dataset/dataset_slices_sorted,cuda,5,no_encryption,0.05,10,,,,224,0.01,1,logs_geosciences/dataset_slices_sorted_run_4_GoogLeNet,GoogLeNet,1,,2,4,2,,geosciences,static/plots_geosciences/dataset_slices_sorted_run_4_GoogLeNet,,run_dataset_geosciences/dataset_slices_sorted_run_4_GoogLeNet,,,198.35406827926636,True,4
4,FedProx,16,0.5904761904761905,0.4384374108925007,0.6892062574625015,0.34866213151927433,0.5904761904761905,0,-1,-1,csv_geosciences/runs/20260415-191712_dataset_slices_sorted_worker_1.csv,dataset_slices_sorted,dataset/dataset_slices_sorted,cuda,5,no_encryption,0.05,10,,,,224,0.01,1,logs_geosciences/dataset_slices_sorted_run_1_GoogLeNet,GoogLeNet,1,,2,4,4,,geosciences,static/plots_geosciences/dataset_slices_sorted_run_1_GoogLeNet,,run_dataset_geosciences/dataset_slices_sorted_run_1_GoogLeNet,,,210.7085735797882,True,1
4,FedAvg,16,0.6785714285714286,0.6737001250629071,0.6201867894047782,0.6745895739338751,0.6785714285714286,8,-1,-1,csv_geosciences/runs/20260415-191732_dataset_slices_sorted_worker_9.csv,dataset_slices_sorted,dataset/dataset_slices_sorted,cuda,5,no_encryption,0.0,10,,,,224,0.001,1,logs_geosciences/dataset_slices_sorted_run_9_GoogLeNet,GoogLeNet,1,,2,4,2,,geosciences,static/plots_geosciences/dataset_slices_sorted_run_9_GoogLeNet,,run_dataset_geosciences/dataset_slices_sorted_run_9_GoogLeNet,,,204.4017415046692,True,9
4,FedAvg,16,0.611904761904762,0.5353868119690904,0.6484343930369332,0.610011302232047,0.611904761904762,9,-1,-1,csv_geosciences/runs/20260415-191743_dataset_slices_sorted_worker_6.csv,dataset_slices_sorted,dataset/dataset_slices_sorted,cuda,5,no_encryption,0.0,10,,,,224,0.001,1,logs_geosciences/dataset_slices_sorted_run_6_GoogLeNet,GoogLeNet,1,,2,4,4,,geosciences,static/plots_geosciences/dataset_slices_sorted_run_6_GoogLeNet,,run_dataset_geosciences/dataset_slices_sorted_run_6_GoogLeNet,,,211.50074338912964,True,6
4,FedProx,16,0.6619047619047619,0.6224895697374574,0.619214581875574,0.6708856148372784,0.6619047619047619,9,-1,-1,csv_geosciences/runs/20260415-191807_dataset_slices_sorted_worker_3.csv,dataset_slices_sorted,dataset/dataset_slices_sorted,cuda,5,no_encryption,0.05,10,,,,224,0.001,1,logs_geosciences/dataset_slices_sorted_run_3_GoogLeNet,GoogLeNet,1,,2,4,2,,geosciences,static/plots_geosciences/dataset_slices_sorted_run_3_GoogLeNet,,run_dataset_geosciences/dataset_slices_sorted_run_3_GoogLeNet,,,208.19879937171936,True,3
4,FedProx,16,0.6142857142857143,0.5535717966840417,0.6527026978277025,0.6048550646568549,0.6142857142857143,9,-1,-1,csv_geosciences/runs/20260415-191839_dataset_slices_sorted_worker_7.csv,dataset_slices_sorted,dataset/dataset_slices_sorted,cuda,5,no_encryption,0.05,10,,,,224,0.001,1,logs_geosciences/dataset_slices_sorted_run_7_GoogLeNet,GoogLeNet,1,,2,4,4,,geosciences,static/plots_geosciences/dataset_slices_sorted_run_7_GoogLeNet,,run_dataset_geosciences/dataset_slices_sorted_run_7_GoogLeNet,,,218.90909004211426,True,7
4,FedAvg,16,0.6238095238095238,0.593683189380379,0.6507621983687083,0.6077400342235312,0.6238095238095238,6,-1,-1,csv_geosciences/runs/20260415-191914_dataset_slices_sorted_worker_10.csv,dataset_slices_sorted,dataset/dataset_slices_sorted,cuda,5,no_encryption,0.0,10,,,,224,0.0001,1,logs_geosciences/dataset_slices_sorted_run_10_GoogLeNet,GoogLeNet,1,,2,4,2,,geosciences,static/plots_geosciences/dataset_slices_sorted_run_10_GoogLeNet,,run_dataset_geosciences/dataset_slices_sorted_run_10_GoogLeNet,,,214.421968460083,True,10
4,FedProx,16,0.638095238095238,0.6133716215304659,0.6437279863016946,0.6286361331717542,0.638095238095238,8,-1,-1,csv_geosciences/runs/20260415-191919_dataset_slices_sorted_worker_4.csv,dataset_slices_sorted,dataset/dataset_slices_sorted,cuda,5,no_encryption,0.05,10,,,,224,0.0001,1,logs_geosciences/dataset_slices_sorted_run_4_GoogLeNet,GoogLeNet,1,,2,4,2,,geosciences,static/plots_geosciences/dataset_slices_sorted_run_4_GoogLeNet,,run_dataset_geosciences/dataset_slices_sorted_run_4_GoogLeNet,,,212.6118860244751,True,4
4,FedAvg,16,0.5904761904761905,0.4384374108925007,0.6796074272621245,0.34866213151927433,0.5904761904761905,0,-1,-1,csv_geosciences/runs/20260415-191923_dataset_slices_sorted_worker_0.csv,dataset_slices_sorted,dataset/dataset_slices_sorted,cuda,5,no_encryption,0.0,10,,,,224,0.0001,1,logs_geosciences/dataset_slices_sorted_run_0_GoogLeNet,GoogLeNet,1,,2,4,4,,geosciences,static/plots_geosciences/dataset_slices_sorted_run_0_GoogLeNet,,run_dataset_geosciences/dataset_slices_sorted_run_0_GoogLeNet,,,222.13202214241028,True,0
4,FedProx,16,0.5904761904761905,0.4384374108925007,0.6807409147421519,0.34866213151927433,0.5904761904761905,0,-1,-1,csv_geosciences/runs/20260415-192057_dataset_slices_sorted_worker_1.csv,dataset_slices_sorted,dataset/dataset_slices_sorted,cuda,5,no_encryption,0.05,10,,,,224,0.0001,1,logs_geosciences/dataset_slices_sorted_run_1_GoogLeNet,GoogLeNet,1,,2,4,4,,geosciences,static/plots_geosciences/dataset_slices_sorted_run_1_GoogLeNet,,run_dataset_geosciences/dataset_slices_sorted_run_1_GoogLeNet,,,221.82660818099976,True,1
8,FedAvg,16,0.5849056603773585,0.4317160826594789,0.6794428398024361,0.3421146315414738,0.5849056603773585,1,-1,-1,csv_geosciences/runs/20260415-192133_dataset_slices_sorted_worker_9.csv,dataset_slices_sorted,dataset/dataset_slices_sorted,cuda,5,no_encryption,0.0,10,,,,224,0.01,1,logs_geosciences/dataset_slices_sorted_run_9_GoogLeNet,GoogLeNet,1,,2,8,2,,geosciences,static/plots_geosciences/dataset_slices_sorted_run_9_GoogLeNet,,run_dataset_geosciences/dataset_slices_sorted_run_9_GoogLeNet,,,237.26712560653687,True,9
8,FedAvg,16,0.5849056603773585,0.4317160826594789,0.6856194599619452,0.3421146315414738,0.5849056603773585,0,-1,-1,csv_geosciences/runs/20260415-192158_dataset_slices_sorted_worker_6.csv,dataset_slices_sorted,dataset/dataset_slices_sorted,cuda,5,no_encryption,0.0,10,,,,224,0.01,1,logs_geosciences/dataset_slices_sorted_run_6_GoogLeNet,GoogLeNet,1,,2,8,4,,geosciences,static/plots_geosciences/dataset_slices_sorted_run_6_GoogLeNet,,run_dataset_geosciences/dataset_slices_sorted_run_6_GoogLeNet,,,251.22924661636353,True,6
8,FedProx,16,0.5849056603773585,0.4317160826594789,0.6808767138787035,0.3421146315414738,0.5849056603773585,1,-1,-1,csv_geosciences/runs/20260415-192212_dataset_slices_sorted_worker_3.csv,dataset_slices_sorted,dataset/dataset_slices_sorted,cuda,5,no_encryption,0.05,10,,,,224,0.01,1,logs_geosciences/dataset_slices_sorted_run_3_GoogLeNet,GoogLeNet,1,,2,8,2,,geosciences,static/plots_geosciences/dataset_slices_sorted_run_3_GoogLeNet,,run_dataset_geosciences/dataset_slices_sorted_run_3_GoogLeNet,,,241.67817378044128,True,3
8,FedProx,16,0.5849056603773585,0.4317160826594789,0.685420275437382,0.3421146315414738,0.5849056603773585,0,-1,-1,csv_geosciences/runs/20260415-192256_dataset_slices_sorted_worker_7.csv,dataset_slices_sorted,dataset/dataset_slices_sorted,cuda,5,no_encryption,0.05,10,,,,224,0.01,1,logs_geosciences/dataset_slices_sorted_run_7_GoogLeNet,GoogLeNet,1,,2,8,4,,geosciences,static/plots_geosciences/dataset_slices_sorted_run_7_GoogLeNet,,run_dataset_geosciences/dataset_slices_sorted_run_7_GoogLeNet,,,253.286230802536,True,7
8,FedAvg,16,0.660377358490566,0.6265825730480442,0.6685018608311437,0.6601857571996609,0.660377358490566,6,-1,-1,csv_geosciences/runs/20260415-192314_dataset_slices_sorted_worker_10.csv,dataset_slices_sorted,dataset/dataset_slices_sorted,cuda,5,no_encryption,0.0,10,,,,224,0.001,1,logs_geosciences/dataset_slices_sorted_run_10_GoogLeNet,GoogLeNet,1,,2,8,2,,geosciences,static/plots_geosciences/dataset_slices_sorted_run_10_GoogLeNet,,run_dataset_geosciences/dataset_slices_sorted_run_10_GoogLeNet,,,236.2204020023346,True,10
8,FedProx,16,0.6344339622641509,0.6336846633427969,0.6594201156272078,0.6344431316966086,0.6344339622641509,6,-1,-1,csv_geosciences/runs/20260415-192324_dataset_slices_sorted_worker_0.csv,dataset_slices_sorted,dataset/dataset_slices_sorted,cuda,5,no_encryption,0.05,10,,,,224,0.001,1,logs_geosciences/dataset_slices_sorted_run_0_GoogLeNet,GoogLeNet,1,,2,8,2,,geosciences,static/plots_geosciences/dataset_slices_sorted_run_0_GoogLeNet,,run_dataset_geosciences/dataset_slices_sorted_run_0_GoogLeNet,,,237.36435389518738,True,0
8,FedAvg,16,0.5849056603773585,0.4317160826594789,0.6850430464969491,0.3421146315414738,0.5849056603773585,0,-1,-1,csv_geosciences/runs/20260415-192336_dataset_slices_sorted_worker_4.csv,dataset_slices_sorted,dataset/dataset_slices_sorted,cuda,5,no_encryption,0.0,10,,,,224,0.001,1,logs_geosciences/dataset_slices_sorted_run_4_GoogLeNet,GoogLeNet,1,,2,8,4,,geosciences,static/plots_geosciences/dataset_slices_sorted_run_4_GoogLeNet,,run_dataset_geosciences/dataset_slices_sorted_run_4_GoogLeNet,,,252.86724209785461,True,4
8,FedProx,16,0.6580188679245284,0.651417702221257,0.6713105248955061,0.6546758056678504,0.6580188679245284,9,-1,-1,csv_geosciences/runs/20260415-192521_dataset_slices_sorted_worker_1.csv,dataset_slices_sorted,dataset/dataset_slices_sorted,cuda,5,no_encryption,0.05,10,,,,224,0.001,1,logs_geosciences/dataset_slices_sorted_run_1_GoogLeNet,GoogLeNet,1,,2,8,4,,geosciences,static/plots_geosciences/dataset_slices_sorted_run_1_GoogLeNet,,run_dataset_geosciences/dataset_slices_sorted_run_1_GoogLeNet,,,261.1526873111725,True,1
8,FedAvg,16,0.6061320754716981,0.49434222157886226,0.653381530687494,0.6839011119687352,0.6061320754716981,9,-1,-1,csv_geosciences/runs/20260415-192543_dataset_slices_sorted_worker_9.csv,dataset_slices_sorted,dataset/dataset_slices_sorted,cuda,5,no_encryption,0.0,10,,,,224,0.0001,1,logs_geosciences/dataset_slices_sorted_run_9_GoogLeNet,GoogLeNet,1,,2,8,2,,geosciences,static/plots_geosciences/dataset_slices_sorted_run_9_GoogLeNet,,run_dataset_geosciences/dataset_slices_sorted_run_9_GoogLeNet,,,246.66604828834534,True,9
8,FedAvg,16,0.5849056603773585,0.4317160826594789,0.6800416190669222,0.3421146315414738,0.5849056603773585,0,-1,-1,csv_geosciences/runs/20260415-192619_dataset_slices_sorted_worker_6.csv,dataset_slices_sorted,dataset/dataset_slices_sorted,cuda,5,no_encryption,0.0,10,,,,224,0.0001,1,logs_geosciences/dataset_slices_sorted_run_6_GoogLeNet,GoogLeNet,1,,2,8,4,,geosciences,static/plots_geosciences/dataset_slices_sorted_run_6_GoogLeNet,,run_dataset_geosciences/dataset_slices_sorted_run_6_GoogLeNet,,,258.0046901702881,True,6
8,FedProx,16,0.6061320754716981,0.5218276528848983,0.6484853704020662,0.6232462071145258,0.6061320754716981,9,-1,-1,csv_geosciences/runs/20260415-192622_dataset_slices_sorted_worker_3.csv,dataset_slices_sorted,dataset/dataset_slices_sorted,cuda,5,no_encryption,0.05,10,,,,224,0.0001,1,logs_geosciences/dataset_slices_sorted_run_3_GoogLeNet,GoogLeNet,1,,2,8,2,,geosciences,static/plots_geosciences/dataset_slices_sorted_run_3_GoogLeNet,,run_dataset_geosciences/dataset_slices_sorted_run_3_GoogLeNet,,,247.37759375572205,True,3
8,FedProx,16,0.5849056603773585,0.4317160826594789,0.6846837544778608,0.3421146315414738,0.5849056603773585,0,-1,-1,csv_geosciences/runs/20260415-192724_dataset_slices_sorted_worker_7.csv,dataset_slices_sorted,dataset/dataset_slices_sorted,cuda,5,no_encryption,0.05,10,,,,224,0.0001,1,logs_geosciences/dataset_slices_sorted_run_7_GoogLeNet,GoogLeNet,1,,2,8,4,,geosciences,static/plots_geosciences/dataset_slices_sorted_run_7_GoogLeNet,,run_dataset_geosciences/dataset_slices_sorted_run_7_GoogLeNet,,,265.42069721221924,True,7
16,FedAvg,16,0.5925925925925926,0.4409991386735573,0.6866446954232676,0.3511659807956104,0.5925925925925926,0,-1,-1,csv_geosciences/runs/20260415-192852_dataset_slices_sorted_worker_10.csv,dataset_slices_sorted,dataset/dataset_slices_sorted,cuda,5,no_encryption,0.0,10,,,,224,0.01,1,logs_geosciences/dataset_slices_sorted_run_10_GoogLeNet,GoogLeNet,1,,2,16,2,,geosciences,static/plots_geosciences/dataset_slices_sorted_run_10_GoogLeNet,,run_dataset_geosciences/dataset_slices_sorted_run_10_GoogLeNet,,,334.6877143383026,True,10
16,FedProx,16,0.5925925925925926,0.4409991386735573,0.6918479419416852,0.3511659807956104,0.5925925925925926,0,-1,-1,csv_geosciences/runs/20260415-192915_dataset_slices_sorted_worker_4.csv,dataset_slices_sorted,dataset/dataset_slices_sorted,cuda,5,no_encryption,0.05,10,,,,224,0.01,1,logs_geosciences/dataset_slices_sorted_run_4_GoogLeNet,GoogLeNet,1,,2,16,2,,geosciences,static/plots_geosciences/dataset_slices_sorted_run_4_GoogLeNet,,run_dataset_geosciences/dataset_slices_sorted_run_4_GoogLeNet,,,336.1481111049652,True,4
16,FedAvg,16,0.5925925925925926,0.4409991386735573,0.6929326027079865,0.3511659807956104,0.5925925925925926,0,-1,-1,csv_geosciences/runs/20260415-192933_dataset_slices_sorted_worker_0.csv,dataset_slices_sorted,dataset/dataset_slices_sorted,cuda,5,no_encryption,0.0,10,,,,224,0.01,1,logs_geosciences/dataset_slices_sorted_run_0_GoogLeNet,GoogLeNet,1,,2,16,4,,geosciences,static/plots_geosciences/dataset_slices_sorted_run_0_GoogLeNet,,run_dataset_geosciences/dataset_slices_sorted_run_0_GoogLeNet,,,365.97686100006104,True,0
16,FedProx,16,0.5925925925925926,0.4409991386735573,0.6887926191643432,0.3511659807956104,0.5925925925925926,1,-1,-1,csv_geosciences/runs/20260415-193119_dataset_slices_sorted_worker_1.csv,dataset_slices_sorted,dataset/dataset_slices_sorted,cuda,5,no_encryption,0.05,10,,,,224,0.01,1,logs_geosciences/dataset_slices_sorted_run_1_GoogLeNet,GoogLeNet,1,,2,16,4,,geosciences,static/plots_geosciences/dataset_slices_sorted_run_1_GoogLeNet,,run_dataset_geosciences/dataset_slices_sorted_run_1_GoogLeNet,,,354.81136083602905,True,1
16,FedAvg,16,0.5949074074074074,0.4534845268856897,0.6644481623338329,0.42892661179698216,0.5949074074074074,8,-1,-1,csv_geosciences/runs/20260415-193124_dataset_slices_sorted_worker_9.csv,dataset_slices_sorted,dataset/dataset_slices_sorted,cuda,5,no_encryption,0.0,10,,,,224,0.001,1,logs_geosciences/dataset_slices_sorted_run_9_GoogLeNet,GoogLeNet,1,,2,16,2,,geosciences,static/plots_geosciences/dataset_slices_sorted_run_9_GoogLeNet,,run_dataset_geosciences/dataset_slices_sorted_run_9_GoogLeNet,,,338.0552854537964,True,9
16,FedProx,16,0.6504629629629629,0.5868440532284954,0.6573900485204326,0.6734027767723421,0.6504629629629629,9,-1,-1,csv_geosciences/runs/20260415-193204_dataset_slices_sorted_worker_3.csv,dataset_slices_sorted,dataset/dataset_slices_sorted,cuda,5,no_encryption,0.05,10,,,,224,0.001,1,logs_geosciences/dataset_slices_sorted_run_3_GoogLeNet,GoogLeNet,1,,2,16,2,,geosciences,static/plots_geosciences/dataset_slices_sorted_run_3_GoogLeNet,,run_dataset_geosciences/dataset_slices_sorted_run_3_GoogLeNet,,,337.69650888442993,True,3
16,FedAvg,16,0.5925925925925926,0.4409991386735573,0.6782673383476557,0.3511659807956104,0.5925925925925926,0,-1,-1,csv_geosciences/runs/20260415-193229_dataset_slices_sorted_worker_6.csv,dataset_slices_sorted,dataset/dataset_slices_sorted,cuda,5,no_encryption,0.0,10,,,,224,0.001,1,logs_geosciences/dataset_slices_sorted_run_6_GoogLeNet,GoogLeNet,1,,2,16,4,,geosciences,static/plots_geosciences/dataset_slices_sorted_run_6_GoogLeNet,,run_dataset_geosciences/dataset_slices_sorted_run_6_GoogLeNet,,,367.3414750099182,True,6
16,FedProx,16,0.5925925925925926,0.4409991386735573,0.6845442700993132,0.3511659807956104,0.5925925925925926,0,-1,-1,csv_geosciences/runs/20260415-193348_dataset_slices_sorted_worker_7.csv,dataset_slices_sorted,dataset/dataset_slices_sorted,cuda,5,no_encryption,0.05,10,,,,224,0.001,1,logs_geosciences/dataset_slices_sorted_run_7_GoogLeNet,GoogLeNet,1,,2,16,4,,geosciences,static/plots_geosciences/dataset_slices_sorted_run_7_GoogLeNet,,run_dataset_geosciences/dataset_slices_sorted_run_7_GoogLeNet,,,381.0419912338257,True,7
16,FedAvg,16,0.5972222222222222,0.45459194659776053,0.6613288509349028,0.42950696422918644,0.5972222222222222,9,-1,-1,csv_geosciences/runs/20260415-193452_dataset_slices_sorted_worker_10.csv,dataset_slices_sorted,dataset/dataset_slices_sorted,cuda,5,no_encryption,0.0,10,,,,224,0.0001,1,logs_geosciences/dataset_slices_sorted_run_10_GoogLeNet,GoogLeNet,1,,2,16,2,,geosciences,static/plots_geosciences/dataset_slices_sorted_run_10_GoogLeNet,,run_dataset_geosciences/dataset_slices_sorted_run_10_GoogLeNet,,,357.02129912376404,True,10
16,FedProx,16,0.5949074074074074,0.44589921455231535,0.6665161206490464,0.37747309275087054,0.5949074074074074,8,-1,-1,csv_geosciences/runs/20260415-193523_dataset_slices_sorted_worker_0.csv,dataset_slices_sorted,dataset/dataset_slices_sorted,cuda,5,no_encryption,0.05,10,,,,224,0.0001,1,logs_geosciences/dataset_slices_sorted_run_0_GoogLeNet,GoogLeNet,1,,2,16,2,,geosciences,static/plots_geosciences/dataset_slices_sorted_run_0_GoogLeNet,,run_dataset_geosciences/dataset_slices_sorted_run_0_GoogLeNet,,,346.01660346984863,True,0
16,FedAvg,16,0.5925925925925926,0.4409991386735573,0.6814785228559265,0.3511659807956104,0.5925925925925926,0,-1,-1,csv_geosciences/runs/20260415-193534_dataset_slices_sorted_worker_4.csv,dataset_slices_sorted,dataset/dataset_slices_sorted,cuda,5,no_encryption,0.0,10,,,,224,0.0001,1,logs_geosciences/dataset_slices_sorted_run_4_GoogLeNet,GoogLeNet,1,,2,16,4,,geosciences,static/plots_geosciences/dataset_slices_sorted_run_4_GoogLeNet,,run_dataset_geosciences/dataset_slices_sorted_run_4_GoogLeNet,,,375.51113629341125,True,4
16,FedProx,16,0.5231481481481481,0.47612497975995827,0.6922729323031726,0.46639688504033466,0.5231481481481481,0,-1,-1,csv_geosciences/runs/20260415-193742_dataset_slices_sorted_worker_1.csv,dataset_slices_sorted,dataset/dataset_slices_sorted,cuda,5,no_encryption,0.05,10,,,,224,0.0001,1,logs_geosciences/dataset_slices_sorted_run_1_GoogLeNet,GoogLeNet,1,,2,16,4,,geosciences,static/plots_geosciences/dataset_slices_sorted_run_1_GoogLeNet,,run_dataset_geosciences/dataset_slices_sorted_run_1_GoogLeNet,,,379.6657409667969,True,1
32,FedAvg,16,0.46308724832214765,0.417978625882713,0.6932524821368906,0.49947214108287935,0.46308724832214765,0,-1,-1,csv_geosciences/runs/20260415-193957_dataset_slices_sorted_worker_9.csv,dataset_slices_sorted,dataset/dataset_slices_sorted,cuda,5,no_encryption,0.0,10,,,,224,0.01,1,logs_geosciences/dataset_slices_sorted_run_9_GoogLeNet,GoogLeNet,1,,2,32,2,,geosciences,static/plots_geosciences/dataset_slices_sorted_run_9_GoogLeNet,,run_dataset_geosciences/dataset_slices_sorted_run_9_GoogLeNet,,,509.7732582092285,True,9
32,FedProx,16,0.5727069351230425,0.4171339473352896,0.6907921848147774,0.32804779113503946,0.5727069351230425,0,-1,-1,csv_geosciences/runs/20260415-194045_dataset_slices_sorted_worker_6.csv,dataset_slices_sorted,dataset/dataset_slices_sorted,cuda,5,no_encryption,0.05,10,,,,224,0.01,1,logs_geosciences/dataset_slices_sorted_run_6_GoogLeNet,GoogLeNet,1,,2,32,2,,geosciences,static/plots_geosciences/dataset_slices_sorted_run_6_GoogLeNet,,run_dataset_geosciences/dataset_slices_sorted_run_6_GoogLeNet,,,492.0022077560425,True,6
32,FedAvg,16,0.5727069351230425,0.4171339473352896,0.6856918545644022,0.32804779113503946,0.5727069351230425,1,-1,-1,csv_geosciences/runs/20260415-194108_dataset_slices_sorted_worker_3.csv,dataset_slices_sorted,dataset/dataset_slices_sorted,cuda,5,no_encryption,0.0,10,,,,224,0.01,1,logs_geosciences/dataset_slices_sorted_run_3_GoogLeNet,GoogLeNet,1,,2,32,4,,geosciences,static/plots_geosciences/dataset_slices_sorted_run_3_GoogLeNet,,run_dataset_geosciences/dataset_slices_sorted_run_3_GoogLeNet,,,541.7302565574646,True,3
32,FedProx,16,0.5727069351230425,0.4171339473352896,0.6892551086359643,0.32804779113503946,0.5727069351230425,1,-1,-1,csv_geosciences/runs/20260415-194307_dataset_slices_sorted_worker_7.csv,dataset_slices_sorted,dataset/dataset_slices_sorted,cuda,5,no_encryption,0.05,10,,,,224,0.01,1,logs_geosciences/dataset_slices_sorted_run_7_GoogLeNet,GoogLeNet,1,,2,32,4,,geosciences,static/plots_geosciences/dataset_slices_sorted_run_7_GoogLeNet,,run_dataset_geosciences/dataset_slices_sorted_run_7_GoogLeNet,,,555.6434335708618,True,7
32,FedAvg,16,0.5727069351230425,0.4171339473352896,0.6815483390084849,0.32804779113503946,0.5727069351230425,0,-1,-1,csv_geosciences/runs/20260415-194312_dataset_slices_sorted_worker_10.csv,dataset_slices_sorted,dataset/dataset_slices_sorted,cuda,5,no_encryption,0.0,10,,,,224,0.001,1,logs_geosciences/dataset_slices_sorted_run_10_GoogLeNet,GoogLeNet,1,,2,32,2,,geosciences,static/plots_geosciences/dataset_slices_sorted_run_10_GoogLeNet,,run_dataset_geosciences/dataset_slices_sorted_run_10_GoogLeNet,,,496.92077112197876,True,10
32,FedProx,16,0.5727069351230425,0.4171339473352896,0.6800981199981382,0.32804779113503946,0.5727069351230425,0,-1,-1,csv_geosciences/runs/20260415-194400_dataset_slices_sorted_worker_4.csv,dataset_slices_sorted,dataset/dataset_slices_sorted,cuda,5,no_encryption,0.05,10,,,,224,0.001,1,logs_geosciences/dataset_slices_sorted_run_4_GoogLeNet,GoogLeNet,1,,2,32,2,,geosciences,static/plots_geosciences/dataset_slices_sorted_run_4_GoogLeNet,,run_dataset_geosciences/dataset_slices_sorted_run_4_GoogLeNet,,,503.0476357936859,True,4
32,FedAvg,16,0.5727069351230425,0.4171339473352896,0.6846092680690006,0.32804779113503946,0.5727069351230425,0,-1,-1,csv_geosciences/runs/20260415-194431_dataset_slices_sorted_worker_0.csv,dataset_slices_sorted,dataset/dataset_slices_sorted,cuda,5,no_encryption,0.0,10,,,,224,0.001,1,logs_geosciences/dataset_slices_sorted_run_0_GoogLeNet,GoogLeNet,1,,2,32,4,,geosciences,static/plots_geosciences/dataset_slices_sorted_run_0_GoogLeNet,,run_dataset_geosciences/dataset_slices_sorted_run_0_GoogLeNet,,,544.976185798645,True,0
32,FedProx,16,0.5727069351230425,0.4171339473352896,0.6832692281778493,0.32804779113503946,0.5727069351230425,0,-1,-1,csv_geosciences/runs/20260415-194648_dataset_slices_sorted_worker_1.csv,dataset_slices_sorted,dataset/dataset_slices_sorted,cuda,5,no_encryption,0.05,10,,,,224,0.001,1,logs_geosciences/dataset_slices_sorted_run_1_GoogLeNet,GoogLeNet,1,,2,32,4,,geosciences,static/plots_geosciences/dataset_slices_sorted_run_1_GoogLeNet,,run_dataset_geosciences/dataset_slices_sorted_run_1_GoogLeNet,,,543.4606742858887,True,1
32,FedAvg,16,0.5749440715883669,0.4215888511190524,0.6767997093648719,0.3422572952774295,0.5749440715883669,9,-1,-1,csv_geosciences/runs/20260415-194806_dataset_slices_sorted_worker_9.csv,dataset_slices_sorted,dataset/dataset_slices_sorted,cuda,5,no_encryption,0.0,10,,,,224,0.0001,1,logs_geosciences/dataset_slices_sorted_run_9_GoogLeNet,GoogLeNet,1,,2,32,2,,geosciences,static/plots_geosciences/dataset_slices_sorted_run_9_GoogLeNet,,run_dataset_geosciences/dataset_slices_sorted_run_9_GoogLeNet,,,486.28568172454834,True,9
32,FedProx,16,0.5749440715883669,0.4215888511190524,0.6799372890651626,0.3422572952774295,0.5749440715883669,7,-1,-1,csv_geosciences/runs/20260415-194903_dataset_slices_sorted_worker_3.csv,dataset_slices_sorted,dataset/dataset_slices_sorted,cuda,5,no_encryption,0.05,10,,,,224,0.0001,1,logs_geosciences/dataset_slices_sorted_run_3_GoogLeNet,GoogLeNet,1,,2,32,2,,geosciences,static/plots_geosciences/dataset_slices_sorted_run_3_GoogLeNet,,run_dataset_geosciences/dataset_slices_sorted_run_3_GoogLeNet,,,471.59711623191833,True,3
32,FedAvg,16,0.5794183445190156,0.5135395094066941,0.6903516844881727,0.5629577109442881,0.5794183445190156,4,-1,-1,csv_geosciences/runs/20260415-194922_dataset_slices_sorted_worker_6.csv,dataset_slices_sorted,dataset/dataset_slices_sorted,cuda,5,no_encryption,0.0,10,,,,224,0.0001,1,logs_geosciences/dataset_slices_sorted_run_6_GoogLeNet,GoogLeNet,1,,2,32,4,,geosciences,static/plots_geosciences/dataset_slices_sorted_run_6_GoogLeNet,,run_dataset_geosciences/dataset_slices_sorted_run_6_GoogLeNet,,,513.8954467773438,True,6
2,FedAvg,16,0.5857142857142857,0.43268983268983274,0.6749483409382048,0.3430612244897959,0.5857142857142857,0,-1,-1,csv_geosciences/runs/20260415-194925_dataset_slices_sorted_worker_10.csv,dataset_slices_sorted,dataset/dataset_slices_sorted,cuda,5,no_encryption,0.0,10,,,,224,0.01,2,logs_geosciences/dataset_slices_sorted_run_10_GoogLeNet,GoogLeNet,1,,2,2,2,,geosciences,static/plots_geosciences/dataset_slices_sorted_run_10_GoogLeNet,,run_dataset_geosciences/dataset_slices_sorted_run_10_GoogLeNet,,,369.9293215274811,True,10
2,FedAvg,16,0.5857142857142857,0.43268983268983274,0.6788250219254267,0.3430612244897959,0.5857142857142857,0,-1,-1,csv_geosciences/runs/20260415-195016_dataset_slices_sorted_worker_4.csv,dataset_slices_sorted,dataset/dataset_slices_sorted,cuda,5,no_encryption,0.0,10,,,,224,0.01,2,logs_geosciences/dataset_slices_sorted_run_4_GoogLeNet,GoogLeNet,1,,2,2,4,,geosciences,static/plots_geosciences/dataset_slices_sorted_run_4_GoogLeNet,,run_dataset_geosciences/dataset_slices_sorted_run_4_GoogLeNet,,,372.56218457221985,True,4
2,FedProx,16,0.5857142857142857,0.43268983268983274,0.6786503110613141,0.3430612244897959,0.5857142857142857,1,-1,-1,csv_geosciences/runs/20260415-195047_dataset_slices_sorted_worker_0.csv,dataset_slices_sorted,dataset/dataset_slices_sorted,cuda,5,no_encryption,0.05,10,,,,224,0.01,2,logs_geosciences/dataset_slices_sorted_run_0_GoogLeNet,GoogLeNet,1,,2,2,2,,geosciences,static/plots_geosciences/dataset_slices_sorted_run_0_GoogLeNet,,run_dataset_geosciences/dataset_slices_sorted_run_0_GoogLeNet,,,371.98182463645935,True,0
32,FedProx,16,0.5727069351230425,0.4171339473352896,0.6889697949358281,0.32804779113503946,0.5727069351230425,0,-1,-1,csv_geosciences/runs/20260415-195156_dataset_slices_sorted_worker_7.csv,dataset_slices_sorted,dataset/dataset_slices_sorted,cuda,5,no_encryption,0.05,10,,,,224,0.0001,1,logs_geosciences/dataset_slices_sorted_run_7_GoogLeNet,GoogLeNet,1,,2,32,4,,geosciences,static/plots_geosciences/dataset_slices_sorted_run_7_GoogLeNet,,run_dataset_geosciences/dataset_slices_sorted_run_7_GoogLeNet,,,525.3183193206787,True,7
2,FedProx,16,0.5857142857142857,0.43268983268983274,0.6804275399162656,0.3430612244897959,0.5857142857142857,0,-1,-1,csv_geosciences/runs/20260415-195309_dataset_slices_sorted_worker_1.csv,dataset_slices_sorted,dataset/dataset_slices_sorted,cuda,5,no_encryption,0.05,10,,,,224,0.01,2,logs_geosciences/dataset_slices_sorted_run_1_GoogLeNet,GoogLeNet,1,,2,2,4,,geosciences,static/plots_geosciences/dataset_slices_sorted_run_1_GoogLeNet,,run_dataset_geosciences/dataset_slices_sorted_run_1_GoogLeNet,,,377.4887716770172,True,1
2,FedAvg,16,0.6714285714285714,0.653295499359164,0.6369049398672013,0.6700393604501343,0.6714285714285714,3,-1,-1,csv_geosciences/runs/20260415-195420_dataset_slices_sorted_worker_9.csv,dataset_slices_sorted,dataset/dataset_slices_sorted,cuda,5,no_encryption,0.0,10,,,,224,0.001,2,logs_geosciences/dataset_slices_sorted_run_9_GoogLeNet,GoogLeNet,1,,2,2,2,,geosciences,static/plots_geosciences/dataset_slices_sorted_run_9_GoogLeNet,,run_dataset_geosciences/dataset_slices_sorted_run_9_GoogLeNet,,,370.85731625556946,True,9
2,FedAvg,16,0.6714285714285714,0.6581620377644776,0.6215485592683156,0.6670899618767058,0.6714285714285714,8,-1,-1,csv_geosciences/runs/20260415-195522_dataset_slices_sorted_worker_3.csv,dataset_slices_sorted,dataset/dataset_slices_sorted,cuda,5,no_encryption,0.0,10,,,,224,0.001,2,logs_geosciences/dataset_slices_sorted_run_3_GoogLeNet,GoogLeNet,1,,2,2,4,,geosciences,static/plots_geosciences/dataset_slices_sorted_run_3_GoogLeNet,,run_dataset_geosciences/dataset_slices_sorted_run_3_GoogLeNet,,,375.68425846099854,True,3
2,FedProx,16,0.6595238095238095,0.6584054689328713,0.6203814994721185,0.6578591737881561,0.6595238095238095,8,-1,-1,csv_geosciences/runs/20260415-195543_dataset_slices_sorted_worker_6.csv,dataset_slices_sorted,dataset/dataset_slices_sorted,cuda,5,no_encryption,0.05,10,,,,224,0.001,2,logs_geosciences/dataset_slices_sorted_run_6_GoogLeNet,GoogLeNet,1,,2,2,2,,geosciences,static/plots_geosciences/dataset_slices_sorted_run_6_GoogLeNet,,run_dataset_geosciences/dataset_slices_sorted_run_6_GoogLeNet,,,377.61951994895935,True,6
2,FedProx,16,0.65,0.6317373520381038,0.6483487949484871,0.6446895110141379,0.65,8,-1,-1,csv_geosciences/runs/20260415-195552_dataset_slices_sorted_worker_10.csv,dataset_slices_sorted,dataset/dataset_slices_sorted,cuda,5,no_encryption,0.05,10,,,,224,0.001,2,logs_geosciences/dataset_slices_sorted_run_10_GoogLeNet,GoogLeNet,1,,2,2,4,,geosciences,static/plots_geosciences/dataset_slices_sorted_run_10_GoogLeNet,,run_dataset_geosciences/dataset_slices_sorted_run_10_GoogLeNet,,,384.01674246788025,True,10
2,FedAvg,16,0.6619047619047619,0.6556703864789187,0.6246392707029979,0.6564229761758129,0.6619047619047619,7,-1,-1,csv_geosciences/runs/20260415-195636_dataset_slices_sorted_worker_4.csv,dataset_slices_sorted,dataset/dataset_slices_sorted,cuda,5,no_encryption,0.0,10,,,,224,0.0001,2,logs_geosciences/dataset_slices_sorted_run_4_GoogLeNet,GoogLeNet,1,,2,2,2,,geosciences,static/plots_geosciences/dataset_slices_sorted_run_4_GoogLeNet,,run_dataset_geosciences/dataset_slices_sorted_run_4_GoogLeNet,,,376.4816679954529,True,4
2,FedAvg,16,0.65,0.6506605293743278,0.6417622344834464,0.652870962726848,0.65,8,-1,-1,csv_geosciences/runs/20260415-195713_dataset_slices_sorted_worker_0.csv,dataset_slices_sorted,dataset/dataset_slices_sorted,cuda,5,no_encryption,0.0,10,,,,224,0.0001,2,logs_geosciences/dataset_slices_sorted_run_0_GoogLeNet,GoogLeNet,1,,2,2,4,,geosciences,static/plots_geosciences/dataset_slices_sorted_run_0_GoogLeNet,,run_dataset_geosciences/dataset_slices_sorted_run_0_GoogLeNet,,,383.07040452957153,True,0
2,FedProx,16,0.6714285714285714,0.6530879670708862,0.6245958433264778,0.6691373455329249,0.6714285714285714,9,-1,-1,csv_geosciences/runs/20260415-195826_dataset_slices_sorted_worker_7.csv,dataset_slices_sorted,dataset/dataset_slices_sorted,cuda,5,no_encryption,0.05,10,,,,224,0.0001,2,logs_geosciences/dataset_slices_sorted_run_7_GoogLeNet,GoogLeNet,1,,2,2,2,,geosciences,static/plots_geosciences/dataset_slices_sorted_run_7_GoogLeNet,,run_dataset_geosciences/dataset_slices_sorted_run_7_GoogLeNet,,,387.1240634918213,True,7
4,FedAvg,16,0.5904761904761905,0.4384374108925007,0.6857571108000619,0.34866213151927433,0.5904761904761905,0,-1,-1,csv_geosciences/runs/20260415-195846_dataset_slices_sorted_worker_9.csv,dataset_slices_sorted,dataset/dataset_slices_sorted,cuda,5,no_encryption,0.0,10,,,,224,0.01,2,logs_geosciences/dataset_slices_sorted_run_9_GoogLeNet,GoogLeNet,1,,2,4,2,,geosciences,static/plots_geosciences/dataset_slices_sorted_run_9_GoogLeNet,,run_dataset_geosciences/dataset_slices_sorted_run_9_GoogLeNet,,,262.57136607170105,True,9
2,FedProx,16,0.6261904761904762,0.5829243570587596,0.6511664532479786,0.6227019386914818,0.6261904761904762,9,-1,-1,csv_geosciences/runs/20260415-195951_dataset_slices_sorted_worker_1.csv,dataset_slices_sorted,dataset/dataset_slices_sorted,cuda,5,no_encryption,0.05,10,,,,224,0.0001,2,logs_geosciences/dataset_slices_sorted_run_1_GoogLeNet,GoogLeNet,1,,2,2,4,,geosciences,static/plots_geosciences/dataset_slices_sorted_run_1_GoogLeNet,,run_dataset_geosciences/dataset_slices_sorted_run_1_GoogLeNet,,,398.900666475296,True,1
4,FedAvg,16,0.5904761904761905,0.4384374108925007,0.6783043759209769,0.34866213151927433,0.5904761904761905,0,-1,-1,csv_geosciences/runs/20260415-195957_dataset_slices_sorted_worker_3.csv,dataset_slices_sorted,dataset/dataset_slices_sorted,cuda,5,no_encryption,0.0,10,,,,224,0.01,2,logs_geosciences/dataset_slices_sorted_run_3_GoogLeNet,GoogLeNet,1,,2,4,4,,geosciences,static/plots_geosciences/dataset_slices_sorted_run_3_GoogLeNet,,run_dataset_geosciences/dataset_slices_sorted_run_3_GoogLeNet,,,271.3911201953888,True,3
4,FedProx,16,0.5904761904761905,0.4384374108925007,0.6771358332463673,0.34866213151927433,0.5904761904761905,1,-1,-1,csv_geosciences/runs/20260415-200019_dataset_slices_sorted_worker_6.csv,dataset_slices_sorted,dataset/dataset_slices_sorted,cuda,5,no_encryption,0.05,10,,,,224,0.01,2,logs_geosciences/dataset_slices_sorted_run_6_GoogLeNet,GoogLeNet,1,,2,4,2,,geosciences,static/plots_geosciences/dataset_slices_sorted_run_6_GoogLeNet,,run_dataset_geosciences/dataset_slices_sorted_run_6_GoogLeNet,,,273.1177933216095,True,6
4,FedProx,16,0.5904761904761905,0.4384374108925007,0.6877553963945026,0.34866213151927433,0.5904761904761905,0,-1,-1,csv_geosciences/runs/20260415-200032_dataset_slices_sorted_worker_10.csv,dataset_slices_sorted,dataset/dataset_slices_sorted,cuda,5,no_encryption,0.05,10,,,,224,0.01,2,logs_geosciences/dataset_slices_sorted_run_10_GoogLeNet,GoogLeNet,1,,2,4,4,,geosciences,static/plots_geosciences/dataset_slices_sorted_run_10_GoogLeNet,,run_dataset_geosciences/dataset_slices_sorted_run_10_GoogLeNet,,,276.4348247051239,True,10
4,FedAvg,16,0.6857142857142857,0.6594966422645716,0.613746566431863,0.695490016277085,0.6857142857142857,9,-1,-1,csv_geosciences/runs/20260415-200108_dataset_slices_sorted_worker_4.csv,dataset_slices_sorted,dataset/dataset_slices_sorted,cuda,5,no_encryption,0.0,10,,,,224,0.001,2,logs_geosciences/dataset_slices_sorted_run_4_GoogLeNet,GoogLeNet,1,,2,4,2,,geosciences,static/plots_geosciences/dataset_slices_sorted_run_4_GoogLeNet,,run_dataset_geosciences/dataset_slices_sorted_run_4_GoogLeNet,,,268.9200782775879,True,4
4,FedAvg,16,0.6595238095238095,0.6563376701729644,0.6178147212380455,0.657653696189489,0.6595238095238095,9,-1,-1,csv_geosciences/runs/20260415-200157_dataset_slices_sorted_worker_0.csv,dataset_slices_sorted,dataset/dataset_slices_sorted,cuda,5,no_encryption,0.0,10,,,,224,0.001,2,logs_geosciences/dataset_slices_sorted_run_0_GoogLeNet,GoogLeNet,1,,2,4,4,,geosciences,static/plots_geosciences/dataset_slices_sorted_run_0_GoogLeNet,,run_dataset_geosciences/dataset_slices_sorted_run_0_GoogLeNet,,,281.03986263275146,True,0
4,FedProx,16,0.6666666666666666,0.65639258659445,0.6088961903538023,0.660530112979192,0.6666666666666666,9,-1,-1,csv_geosciences/runs/20260415-200312_dataset_slices_sorted_worker_7.csv,dataset_slices_sorted,dataset/dataset_slices_sorted,cuda,5,no_encryption,0.05,10,,,,224,0.001,2,logs_geosciences/dataset_slices_sorted_run_7_GoogLeNet,GoogLeNet,1,,2,4,2,,geosciences,static/plots_geosciences/dataset_slices_sorted_run_7_GoogLeNet,,run_dataset_geosciences/dataset_slices_sorted_run_7_GoogLeNet,,,282.45375084877014,True,7
4,FedProx,16,0.6619047619047619,0.6622996616004719,0.6399169148433776,0.6644498727565251,0.6619047619047619,8,-1,-1,csv_geosciences/runs/20260415-200344_dataset_slices_sorted_worker_9.csv,dataset_slices_sorted,dataset/dataset_slices_sorted,cuda,5,no_encryption,0.05,10,,,,224,0.001,2,logs_geosciences/dataset_slices_sorted_run_9_GoogLeNet,GoogLeNet,1,,2,4,4,,geosciences,static/plots_geosciences/dataset_slices_sorted_run_9_GoogLeNet,,run_dataset_geosciences/dataset_slices_sorted_run_9_GoogLeNet,,,293.890344619751,True,9
4,FedAvg,16,0.669047619047619,0.6493228060841193,0.6090123925890242,0.6643583675319963,0.669047619047619,9,-1,-1,csv_geosciences/runs/20260415-200439_dataset_slices_sorted_worker_1.csv,dataset_slices_sorted,dataset/dataset_slices_sorted,cuda,5,no_encryption,0.0,10,,,,224,0.0001,2,logs_geosciences/dataset_slices_sorted_run_1_GoogLeNet,GoogLeNet,1,,2,4,2,,geosciences,static/plots_geosciences/dataset_slices_sorted_run_1_GoogLeNet,,run_dataset_geosciences/dataset_slices_sorted_run_1_GoogLeNet,,,284.2620687484741,True,1
4,FedAvg,16,0.6238095238095238,0.565543961504772,0.6367105183147249,0.6219022299931208,0.6238095238095238,9,-1,-1,csv_geosciences/runs/20260415-200452_dataset_slices_sorted_worker_3.csv,dataset_slices_sorted,dataset/dataset_slices_sorted,cuda,5,no_encryption,0.0,10,,,,224,0.0001,2,logs_geosciences/dataset_slices_sorted_run_3_GoogLeNet,GoogLeNet,1,,2,4,4,,geosciences,static/plots_geosciences/dataset_slices_sorted_run_3_GoogLeNet,,run_dataset_geosciences/dataset_slices_sorted_run_3_GoogLeNet,,,291.87559604644775,True,3
4,FedProx,16,0.6642857142857143,0.65562479436654,0.6178908006066368,0.6588822685331831,0.6642857142857143,9,-1,-1,csv_geosciences/runs/20260415-200515_dataset_slices_sorted_worker_6.csv,dataset_slices_sorted,dataset/dataset_slices_sorted,cuda,5,no_encryption,0.05,10,,,,224,0.0001,2,logs_geosciences/dataset_slices_sorted_run_6_GoogLeNet,GoogLeNet,1,,2,4,2,,geosciences,static/plots_geosciences/dataset_slices_sorted_run_6_GoogLeNet,,run_dataset_geosciences/dataset_slices_sorted_run_6_GoogLeNet,,,293.44185972213745,True,6
4,FedProx,16,0.5976190476190476,0.4582700561428648,0.6558258906716392,0.6074045171964727,0.5976190476190476,9,-1,-1,csv_geosciences/runs/20260415-200538_dataset_slices_sorted_worker_10.csv,dataset_slices_sorted,dataset/dataset_slices_sorted,cuda,5,no_encryption,0.05,10,,,,224,0.0001,2,logs_geosciences/dataset_slices_sorted_run_10_GoogLeNet,GoogLeNet,1,,2,4,4,,geosciences,static/plots_geosciences/dataset_slices_sorted_run_10_GoogLeNet,,run_dataset_geosciences/dataset_slices_sorted_run_10_GoogLeNet,,,302.56308245658875,True,10
8,FedAvg,16,0.5849056603773585,0.4317160826594789,0.6885256407395849,0.3421146315414738,0.5849056603773585,0,-1,-1,csv_geosciences/runs/20260415-200621_dataset_slices_sorted_worker_4.csv,dataset_slices_sorted,dataset/dataset_slices_sorted,cuda,5,no_encryption,0.0,10,,,,224,0.01,2,logs_geosciences/dataset_slices_sorted_run_4_GoogLeNet,GoogLeNet,1,,2,8,2,,geosciences,static/plots_geosciences/dataset_slices_sorted_run_4_GoogLeNet,,run_dataset_geosciences/dataset_slices_sorted_run_4_GoogLeNet,,,310.59575152397156,True,4
8,FedAvg,16,0.5849056603773585,0.4317160826594789,0.6792639977527115,0.3421146315414738,0.5849056603773585,1,-1,-1,csv_geosciences/runs/20260415-200722_dataset_slices_sorted_worker_0.csv,dataset_slices_sorted,dataset/dataset_slices_sorted,cuda,5,no_encryption,0.0,10,,,,224,0.01,2,logs_geosciences/dataset_slices_sorted_run_0_GoogLeNet,GoogLeNet,1,,2,8,4,,geosciences,static/plots_geosciences/dataset_slices_sorted_run_0_GoogLeNet,,run_dataset_geosciences/dataset_slices_sorted_run_0_GoogLeNet,,,322.20793056488037,True,0
8,FedProx,16,0.5849056603773585,0.4317160826594789,0.6795134364434008,0.3421146315414738,0.5849056603773585,1,-1,-1,csv_geosciences/runs/20260415-200829_dataset_slices_sorted_worker_7.csv,dataset_slices_sorted,dataset/dataset_slices_sorted,cuda,5,no_encryption,0.05,10,,,,224,0.01,2,logs_geosciences/dataset_slices_sorted_run_7_GoogLeNet,GoogLeNet,1,,2,8,2,,geosciences,static/plots_geosciences/dataset_slices_sorted_run_7_GoogLeNet,,run_dataset_geosciences/dataset_slices_sorted_run_7_GoogLeNet,,,314.343505859375,True,7
8,FedProx,16,0.5849056603773585,0.4317160826594789,0.6835775656520195,0.3421146315414738,0.5849056603773585,0,-1,-1,csv_geosciences/runs/20260415-200919_dataset_slices_sorted_worker_9.csv,dataset_slices_sorted,dataset/dataset_slices_sorted,cuda,5,no_encryption,0.05,10,,,,224,0.01,2,logs_geosciences/dataset_slices_sorted_run_9_GoogLeNet,GoogLeNet,1,,2,8,4,,geosciences,static/plots_geosciences/dataset_slices_sorted_run_9_GoogLeNet,,run_dataset_geosciences/dataset_slices_sorted_run_9_GoogLeNet,,,332.0366220474243,True,9
8,FedAvg,16,0.660377358490566,0.6533633941850129,0.6394684032168029,0.654952938131351,0.660377358490566,7,-1,-1,csv_geosciences/runs/20260415-200952_dataset_slices_sorted_worker_1.csv,dataset_slices_sorted,dataset/dataset_slices_sorted,cuda,5,no_encryption,0.0,10,,,,224,0.001,2,logs_geosciences/dataset_slices_sorted_run_1_GoogLeNet,GoogLeNet,1,,2,8,2,,geosciences,static/plots_geosciences/dataset_slices_sorted_run_1_GoogLeNet,,run_dataset_geosciences/dataset_slices_sorted_run_1_GoogLeNet,,,309.42552852630615,True,1
8,FedAvg,16,0.660377358490566,0.6624814282441926,0.6568663072473598,0.6773840570816259,0.660377358490566,9,-1,-1,csv_geosciences/runs/20260415-201019_dataset_slices_sorted_worker_3.csv,dataset_slices_sorted,dataset/dataset_slices_sorted,cuda,5,no_encryption,0.0,10,,,,224,0.001,2,logs_geosciences/dataset_slices_sorted_run_3_GoogLeNet,GoogLeNet,1,,2,8,4,,geosciences,static/plots_geosciences/dataset_slices_sorted_run_3_GoogLeNet,,run_dataset_geosciences/dataset_slices_sorted_run_3_GoogLeNet,,,323.72883701324463,True,3
8,FedProx,16,0.6698113207547169,0.6623649711446145,0.6241974761744715,0.6646883932053187,0.6698113207547169,7,-1,-1,csv_geosciences/runs/20260415-201035_dataset_slices_sorted_worker_6.csv,dataset_slices_sorted,dataset/dataset_slices_sorted,cuda,5,no_encryption,0.05,10,,,,224,0.001,2,logs_geosciences/dataset_slices_sorted_run_6_GoogLeNet,GoogLeNet,1,,2,8,2,,geosciences,static/plots_geosciences/dataset_slices_sorted_run_6_GoogLeNet,,run_dataset_geosciences/dataset_slices_sorted_run_6_GoogLeNet,,,316.8019435405731,True,6
8,FedProx,16,0.5849056603773585,0.4317160826594789,0.6834507594412228,0.3421146315414738,0.5849056603773585,0,-1,-1,csv_geosciences/runs/20260415-201112_dataset_slices_sorted_worker_10.csv,dataset_slices_sorted,dataset/dataset_slices_sorted,cuda,5,no_encryption,0.05,10,,,,224,0.001,2,logs_geosciences/dataset_slices_sorted_run_10_GoogLeNet,GoogLeNet,1,,2,8,4,,geosciences,static/plots_geosciences/dataset_slices_sorted_run_10_GoogLeNet,,run_dataset_geosciences/dataset_slices_sorted_run_10_GoogLeNet,,,331.2016417980194,True,10
8,FedAvg,16,0.6391509433962265,0.5977745042236003,0.6386723944319869,0.6393658438082215,0.6391509433962265,7,-1,-1,csv_geosciences/runs/20260415-201138_dataset_slices_sorted_worker_4.csv,dataset_slices_sorted,dataset/dataset_slices_sorted,cuda,5,no_encryption,0.0,10,,,,224,0.0001,2,logs_geosciences/dataset_slices_sorted_run_4_GoogLeNet,GoogLeNet,1,,2,8,2,,geosciences,static/plots_geosciences/dataset_slices_sorted_run_4_GoogLeNet,,run_dataset_geosciences/dataset_slices_sorted_run_4_GoogLeNet,,,313.5168778896332,True,4
8,FedAvg,16,0.5849056603773585,0.4317160826594789,0.6812742612553093,0.3421146315414738,0.5849056603773585,0,-1,-1,csv_geosciences/runs/20260415-201251_dataset_slices_sorted_worker_0.csv,dataset_slices_sorted,dataset/dataset_slices_sorted,cuda,5,no_encryption,0.0,10,,,,224,0.0001,2,logs_geosciences/dataset_slices_sorted_run_0_GoogLeNet,GoogLeNet,1,,2,8,4,,geosciences,static/plots_geosciences/dataset_slices_sorted_run_0_GoogLeNet,,run_dataset_geosciences/dataset_slices_sorted_run_0_GoogLeNet,,,325.04817247390747,True,0
8,FedProx,16,0.6533018867924528,0.6173084762541593,0.6367396069866307,0.6561006551269636,0.6533018867924528,8,-1,-1,csv_geosciences/runs/20260415-201351_dataset_slices_sorted_worker_7.csv,dataset_slices_sorted,dataset/dataset_slices_sorted,cuda,5,no_encryption,0.05,10,,,,224,0.0001,2,logs_geosciences/dataset_slices_sorted_run_7_GoogLeNet,GoogLeNet,1,,2,8,2,,geosciences,static/plots_geosciences/dataset_slices_sorted_run_7_GoogLeNet,,run_dataset_geosciences/dataset_slices_sorted_run_7_GoogLeNet,,,318.848042011261,True,7
8,FedProx,16,0.5849056603773585,0.4317160826594789,0.6825781103293851,0.3421146315414738,0.5849056603773585,0,-1,-1,csv_geosciences/runs/20260415-201453_dataset_slices_sorted_worker_9.csv,dataset_slices_sorted,dataset/dataset_slices_sorted,cuda,5,no_encryption,0.05,10,,,,224,0.0001,2,logs_geosciences/dataset_slices_sorted_run_9_GoogLeNet,GoogLeNet,1,,2,8,4,,geosciences,static/plots_geosciences/dataset_slices_sorted_run_9_GoogLeNet,,run_dataset_geosciences/dataset_slices_sorted_run_9_GoogLeNet,,,331.12146830558777,True,9
16,FedAvg,16,0.5925925925925926,0.4409991386735573,0.6780376699235704,0.3511659807956104,0.5925925925925926,1,-1,-1,csv_geosciences/runs/20260415-201639_dataset_slices_sorted_worker_1.csv,dataset_slices_sorted,dataset/dataset_slices_sorted,cuda,5,no_encryption,0.0,10,,,,224,0.01,2,logs_geosciences/dataset_slices_sorted_run_1_GoogLeNet,GoogLeNet,1,,2,16,2,,geosciences,static/plots_geosciences/dataset_slices_sorted_run_1_GoogLeNet,,run_dataset_geosciences/dataset_slices_sorted_run_1_GoogLeNet,,,404.54719614982605,True,1
16,FedProx,16,0.5925925925925926,0.4409991386735573,0.6801417227144595,0.3511659807956104,0.5925925925925926,1,-1,-1,csv_geosciences/runs/20260415-201724_dataset_slices_sorted_worker_6.csv,dataset_slices_sorted,dataset/dataset_slices_sorted,cuda,5,no_encryption,0.05,10,,,,224,0.01,2,logs_geosciences/dataset_slices_sorted_run_6_GoogLeNet,GoogLeNet,1,,2,16,2,,geosciences,static/plots_geosciences/dataset_slices_sorted_run_6_GoogLeNet,,run_dataset_geosciences/dataset_slices_sorted_run_6_GoogLeNet,,,404.7997090816498,True,6
16,FedAvg,16,0.5925925925925926,0.4409991386735573,0.6892948945363363,0.3511659807956104,0.5925925925925926,0,-1,-1,csv_geosciences/runs/20260415-201726_dataset_slices_sorted_worker_3.csv,dataset_slices_sorted,dataset/dataset_slices_sorted,cuda,5,no_encryption,0.0,10,,,,224,0.01,2,logs_geosciences/dataset_slices_sorted_run_3_GoogLeNet,GoogLeNet,1,,2,16,4,,geosciences,static/plots_geosciences/dataset_slices_sorted_run_3_GoogLeNet,,run_dataset_geosciences/dataset_slices_sorted_run_3_GoogLeNet,,,424.4485282897949,True,3
16,FedAvg,16,0.5925925925925926,0.4485844510069316,0.6508192562118724,0.4026194998417221,0.5925925925925926,9,-1,-1,csv_geosciences/runs/20260415-201823_dataset_slices_sorted_worker_4.csv,dataset_slices_sorted,dataset/dataset_slices_sorted,cuda,5,no_encryption,0.0,10,,,,224,0.001,2,logs_geosciences/dataset_slices_sorted_run_4_GoogLeNet,GoogLeNet,1,,2,16,2,,geosciences,static/plots_geosciences/dataset_slices_sorted_run_4_GoogLeNet,,run_dataset_geosciences/dataset_slices_sorted_run_4_GoogLeNet,,,400.9226448535919,True,4
16,FedProx,16,0.5925925925925926,0.4409991386735573,0.6839477757888811,0.3511659807956104,0.5925925925925926,0,-1,-1,csv_geosciences/runs/20260415-201828_dataset_slices_sorted_worker_10.csv,dataset_slices_sorted,dataset/dataset_slices_sorted,cuda,5,no_encryption,0.05,10,,,,224,0.01,2,logs_geosciences/dataset_slices_sorted_run_10_GoogLeNet,GoogLeNet,1,,2,16,4,,geosciences,static/plots_geosciences/dataset_slices_sorted_run_10_GoogLeNet,,run_dataset_geosciences/dataset_slices_sorted_run_10_GoogLeNet,,,432.71714210510254,True,10
16,FedAvg,16,0.5925925925925926,0.4409991386735573,0.6772925416352572,0.3511659807956104,0.5925925925925926,0,-1,-1,csv_geosciences/runs/20260415-202000_dataset_slices_sorted_worker_0.csv,dataset_slices_sorted,dataset/dataset_slices_sorted,cuda,5,no_encryption,0.0,10,,,,224,0.001,2,logs_geosciences/dataset_slices_sorted_run_0_GoogLeNet,GoogLeNet,1,,2,16,4,,geosciences,static/plots_geosciences/dataset_slices_sorted_run_0_GoogLeNet,,run_dataset_geosciences/dataset_slices_sorted_run_0_GoogLeNet,,,426.3914670944214,True,0
16,FedProx,16,0.6643518518518519,0.6624093777503461,0.635785196804338,0.6680097596968513,0.6643518518518519,9,-1,-1,csv_geosciences/runs/20260415-202040_dataset_slices_sorted_worker_7.csv,dataset_slices_sorted,dataset/dataset_slices_sorted,cuda,5,no_encryption,0.05,10,,,,224,0.001,2,logs_geosciences/dataset_slices_sorted_run_7_GoogLeNet,GoogLeNet,1,,2,16,2,,geosciences,static/plots_geosciences/dataset_slices_sorted_run_7_GoogLeNet,,run_dataset_geosciences/dataset_slices_sorted_run_7_GoogLeNet,,,405.99373960494995,True,7
16,FedProx,16,0.5995370370370371,0.4667398823961974,0.6677263057618229,0.4945466656114804,0.5995370370370371,9,-1,-1,csv_geosciences/runs/20260415-202213_dataset_slices_sorted_worker_9.csv,dataset_slices_sorted,dataset/dataset_slices_sorted,cuda,5,no_encryption,0.05,10,,,,224,0.001,2,logs_geosciences/dataset_slices_sorted_run_9_GoogLeNet,GoogLeNet,1,,2,16,4,,geosciences,static/plots_geosciences/dataset_slices_sorted_run_9_GoogLeNet,,run_dataset_geosciences/dataset_slices_sorted_run_9_GoogLeNet,,,436.9763581752777,True,9
16,FedAvg,16,0.6203703703703703,0.5178038029297719,0.6513079988459746,0.6475626516830221,0.6203703703703703,9,-1,-1,csv_geosciences/runs/20260415-202327_dataset_slices_sorted_worker_1.csv,dataset_slices_sorted,dataset/dataset_slices_sorted,cuda,5,no_encryption,0.0,10,,,,224,0.0001,2,logs_geosciences/dataset_slices_sorted_run_1_GoogLeNet,GoogLeNet,1,,2,16,2,,geosciences,static/plots_geosciences/dataset_slices_sorted_run_1_GoogLeNet,,run_dataset_geosciences/dataset_slices_sorted_run_1_GoogLeNet,,,404.7707896232605,True,1
16,FedProx,16,0.6180555555555556,0.5067170106508828,0.6548185824520059,0.6291781418170307,0.6180555555555556,8,-1,-1,csv_geosciences/runs/20260415-202415_dataset_slices_sorted_worker_3.csv,dataset_slices_sorted,dataset/dataset_slices_sorted,cuda,5,no_encryption,0.05,10,,,,224,0.0001,2,logs_geosciences/dataset_slices_sorted_run_3_GoogLeNet,GoogLeNet,1,,2,16,2,,geosciences,static/plots_geosciences/dataset_slices_sorted_run_3_GoogLeNet,,run_dataset_geosciences/dataset_slices_sorted_run_3_GoogLeNet,,,405.49407505989075,True,3
16,FedAvg,16,0.5925925925925926,0.4409991386735573,0.6784860907053506,0.3511659807956104,0.5925925925925926,0,-1,-1,csv_geosciences/runs/20260415-202431_dataset_slices_sorted_worker_6.csv,dataset_slices_sorted,dataset/dataset_slices_sorted,cuda,5,no_encryption,0.0,10,,,,224,0.0001,2,logs_geosciences/dataset_slices_sorted_run_6_GoogLeNet,GoogLeNet,1,,2,16,4,,geosciences,static/plots_geosciences/dataset_slices_sorted_run_6_GoogLeNet,,run_dataset_geosciences/dataset_slices_sorted_run_6_GoogLeNet,,,424.2782337665558,True,6
16,FedProx,16,0.5162037037037037,0.4755281863743121,0.6922933824912265,0.46994349054282625,0.5162037037037037,1,-1,-1,csv_geosciences/runs/20260415-202548_dataset_slices_sorted_worker_4.csv,dataset_slices_sorted,dataset/dataset_slices_sorted,cuda,5,no_encryption,0.05,10,,,,224,0.0001,2,logs_geosciences/dataset_slices_sorted_run_4_GoogLeNet,GoogLeNet,1,,2,16,4,,geosciences,static/plots_geosciences/dataset_slices_sorted_run_4_GoogLeNet,,run_dataset_geosciences/dataset_slices_sorted_run_4_GoogLeNet,,,442.41553020477295,True,4
32,FedAvg,16,0.5727069351230425,0.4171339473352896,0.6877295406872794,0.32804779113503946,0.5727069351230425,0,-1,-1,csv_geosciences/runs/20260415-202645_dataset_slices_sorted_worker_10.csv,dataset_slices_sorted,dataset/dataset_slices_sorted,cuda,5,no_encryption,0.0,10,,,,224,0.01,2,logs_geosciences/dataset_slices_sorted_run_10_GoogLeNet,GoogLeNet,1,,2,32,2,,geosciences,static/plots_geosciences/dataset_slices_sorted_run_10_GoogLeNet,,run_dataset_geosciences/dataset_slices_sorted_run_10_GoogLeNet,,,494.2845458984375,True,10
32,FedAvg,16,0.5727069351230425,0.4171339473352896,0.6855766883899168,0.32804779113503946,0.5727069351230425,0,-1,-1,csv_geosciences/runs/20260415-202840_dataset_slices_sorted_worker_0.csv,dataset_slices_sorted,dataset/dataset_slices_sorted,cuda,5,no_encryption,0.0,10,,,,224,0.01,2,logs_geosciences/dataset_slices_sorted_run_0_GoogLeNet,GoogLeNet,1,,2,32,4,,geosciences,static/plots_geosciences/dataset_slices_sorted_run_0_GoogLeNet,,run_dataset_geosciences/dataset_slices_sorted_run_0_GoogLeNet,,,517.026437997818,True,0
32,FedProx,16,0.5727069351230425,0.4171339473352896,0.6877102850534239,0.32804779113503946,0.5727069351230425,0,-1,-1,csv_geosciences/runs/20260415-202944_dataset_slices_sorted_worker_7.csv,dataset_slices_sorted,dataset/dataset_slices_sorted,cuda,5,no_encryption,0.05,10,,,,224,0.01,2,logs_geosciences/dataset_slices_sorted_run_7_GoogLeNet,GoogLeNet,1,,2,32,2,,geosciences,static/plots_geosciences/dataset_slices_sorted_run_7_GoogLeNet,,run_dataset_geosciences/dataset_slices_sorted_run_7_GoogLeNet,,,539.7964646816254,True,7
32,FedProx,16,0.5727069351230425,0.4171339473352896,0.683776301158888,0.32804779113503946,0.5727069351230425,1,-1,-1,csv_geosciences/runs/20260415-203247_dataset_slices_sorted_worker_9.csv,dataset_slices_sorted,dataset/dataset_slices_sorted,cuda,5,no_encryption,0.05,10,,,,224,0.01,2,logs_geosciences/dataset_slices_sorted_run_9_GoogLeNet,GoogLeNet,1,,2,32,4,,geosciences,static/plots_geosciences/dataset_slices_sorted_run_9_GoogLeNet,,run_dataset_geosciences/dataset_slices_sorted_run_9_GoogLeNet,,,630.5340638160706,True,9
32,FedAvg,16,0.5749440715883669,0.4215888511190525,0.6690755986527308,0.3422572952774295,0.5749440715883669,9,-1,-1,csv_geosciences/runs/20260415-203257_dataset_slices_sorted_worker_1.csv,dataset_slices_sorted,dataset/dataset_slices_sorted,cuda,5,no_encryption,0.0,10,,,,224,0.001,2,logs_geosciences/dataset_slices_sorted_run_1_GoogLeNet,GoogLeNet,1,,2,32,2,,geosciences,static/plots_geosciences/dataset_slices_sorted_run_1_GoogLeNet,,run_dataset_geosciences/dataset_slices_sorted_run_1_GoogLeNet,,,565.9014472961426,True,1
32,FedProx,16,0.6308724832214765,0.5920620998435947,0.663999012919347,0.6411603559254566,0.6308724832214765,8,-1,-1,csv_geosciences/runs/20260415-203349_dataset_slices_sorted_worker_6.csv,dataset_slices_sorted,dataset/dataset_slices_sorted,cuda,5,no_encryption,0.05,10,,,,224,0.001,2,logs_geosciences/dataset_slices_sorted_run_6_GoogLeNet,GoogLeNet,1,,2,32,2,,geosciences,static/plots_geosciences/dataset_slices_sorted_run_6_GoogLeNet,,run_dataset_geosciences/dataset_slices_sorted_run_6_GoogLeNet,,,554.5355567932129,True,6
32,FedAvg,16,0.5727069351230425,0.4171339473352896,0.6835772360464604,0.32804779113503946,0.5727069351230425,0,-1,-1,csv_geosciences/runs/20260415-203416_dataset_slices_sorted_worker_3.csv,dataset_slices_sorted,dataset/dataset_slices_sorted,cuda,5,no_encryption,0.0,10,,,,224,0.001,2,logs_geosciences/dataset_slices_sorted_run_3_GoogLeNet,GoogLeNet,1,,2,32,4,,geosciences,static/plots_geosciences/dataset_slices_sorted_run_3_GoogLeNet,,run_dataset_geosciences/dataset_slices_sorted_run_3_GoogLeNet,,,596.9834821224213,True,3
32,FedAvg,16,0.5771812080536913,0.42941398646096635,0.670005625526377,0.3700862895493768,0.5771812080536913,9,-1,-1,csv_geosciences/runs/20260415-203548_dataset_slices_sorted_worker_10.csv,dataset_slices_sorted,dataset/dataset_slices_sorted,cuda,5,no_encryption,0.0,10,,,,224,0.0001,2,logs_geosciences/dataset_slices_sorted_run_10_GoogLeNet,GoogLeNet,1,,2,32,2,,geosciences,static/plots_geosciences/dataset_slices_sorted_run_10_GoogLeNet,,run_dataset_geosciences/dataset_slices_sorted_run_10_GoogLeNet,,,539.2559609413147,True,10
32,FedProx,16,0.5749440715883669,0.4215888511190525,0.6768201506911241,0.3422572952774295,0.5749440715883669,9,-1,-1,csv_geosciences/runs/20260415-203551_dataset_slices_sorted_worker_4.csv,dataset_slices_sorted,dataset/dataset_slices_sorted,cuda,5,no_encryption,0.05,10,,,,224,0.001,2,logs_geosciences/dataset_slices_sorted_run_4_GoogLeNet,GoogLeNet,1,,2,32,4,,geosciences,static/plots_geosciences/dataset_slices_sorted_run_4_GoogLeNet,,run_dataset_geosciences/dataset_slices_sorted_run_4_GoogLeNet,,,599.7383408546448,True,4
32,FedAvg,16,0.5727069351230425,0.4171339473352896,0.6876710281276063,0.32804779113503946,0.5727069351230425,0,-1,-1,csv_geosciences/runs/20260415-203835_dataset_slices_sorted_worker_0.csv,dataset_slices_sorted,dataset/dataset_slices_sorted,cuda,5,no_encryption,0.0,10,,,,224,0.0001,2,logs_geosciences/dataset_slices_sorted_run_0_GoogLeNet,GoogLeNet,1,,2,32,4,,geosciences,static/plots_geosciences/dataset_slices_sorted_run_0_GoogLeNet,,run_dataset_geosciences/dataset_slices_sorted_run_0_GoogLeNet,,,590.9690940380096,True,0
32,FedProx,16,0.5816554809843401,0.43405677096952267,0.6673853293361279,0.3715941031377273,0.5816554809843401,9,-1,-1,csv_geosciences/runs/20260415-203909_dataset_slices_sorted_worker_7.csv,dataset_slices_sorted,dataset/dataset_slices_sorted,cuda,5,no_encryption,0.05,10,,,,224,0.0001,2,logs_geosciences/dataset_slices_sorted_run_7_GoogLeNet,GoogLeNet,1,,2,32,2,,geosciences,static/plots_geosciences/dataset_slices_sorted_run_7_GoogLeNet,,run_dataset_geosciences/dataset_slices_sorted_run_7_GoogLeNet,,,562.0316789150238,True,7
2,FedAvg,16,0.5857142857142857,0.43268983268983274,0.6808613743100848,0.3430612244897959,0.5857142857142857,0,-1,-1,csv_geosciences/runs/20260415-204103_dataset_slices_sorted_worker_1.csv,dataset_slices_sorted,dataset/dataset_slices_sorted,cuda,5,no_encryption,0.0,10,,,,224,0.01,3,logs_geosciences/dataset_slices_sorted_run_1_GoogLeNet,GoogLeNet,1,,2,2,2,,geosciences,static/plots_geosciences/dataset_slices_sorted_run_1_GoogLeNet,,run_dataset_geosciences/dataset_slices_sorted_run_1_GoogLeNet,,,483.26990604400635,True,1
2,FedAvg,16,0.5857142857142857,0.43268983268983274,0.6783806874638512,0.3430612244897959,0.5857142857142857,0,-1,-1,csv_geosciences/runs/20260415-204156_dataset_slices_sorted_worker_6.csv,dataset_slices_sorted,dataset/dataset_slices_sorted,cuda,5,no_encryption,0.0,10,,,,224,0.01,3,logs_geosciences/dataset_slices_sorted_run_6_GoogLeNet,GoogLeNet,1,,2,2,4,,geosciences,static/plots_geosciences/dataset_slices_sorted_run_6_GoogLeNet,,run_dataset_geosciences/dataset_slices_sorted_run_6_GoogLeNet,,,483.56418204307556,True,6
2,FedProx,16,0.48095238095238096,0.4490657066572239,0.6995121882075355,0.5406156812039884,0.48095238095238096,0,-1,-1,csv_geosciences/runs/20260415-204221_dataset_slices_sorted_worker_3.csv,dataset_slices_sorted,dataset/dataset_slices_sorted,cuda,5,no_encryption,0.05,10,,,,224,0.01,3,logs_geosciences/dataset_slices_sorted_run_3_GoogLeNet,GoogLeNet,1,,2,2,2,,geosciences,static/plots_geosciences/dataset_slices_sorted_run_3_GoogLeNet,,run_dataset_geosciences/dataset_slices_sorted_run_3_GoogLeNet,,,482.19363617897034,True,3
32,FedProx,16,0.5659955257270693,0.439279253655799,0.6922373754332797,0.41741256506357177,0.5659955257270693,0,-1,-1,csv_geosciences/runs/20260415-204242_dataset_slices_sorted_worker_9.csv,dataset_slices_sorted,dataset/dataset_slices_sorted,cuda,5,no_encryption,0.05,10,,,,224,0.0001,2,logs_geosciences/dataset_slices_sorted_run_9_GoogLeNet,GoogLeNet,1,,2,32,4,,geosciences,static/plots_geosciences/dataset_slices_sorted_run_9_GoogLeNet,,run_dataset_geosciences/dataset_slices_sorted_run_9_GoogLeNet,,,592.20370054245,True,9
2,FedAvg,16,0.6880952380952381,0.6844191884803492,0.5891584495703379,0.6844838255544676,0.6880952380952381,9,-1,-1,csv_geosciences/runs/20260415-204355_dataset_slices_sorted_worker_4.csv,dataset_slices_sorted,dataset/dataset_slices_sorted,cuda,5,no_encryption,0.0,10,,,,224,0.001,3,logs_geosciences/dataset_slices_sorted_run_4_GoogLeNet,GoogLeNet,1,,2,2,2,,geosciences,static/plots_geosciences/dataset_slices_sorted_run_4_GoogLeNet,,run_dataset_geosciences/dataset_slices_sorted_run_4_GoogLeNet,,,480.4302113056183,True,4
2,FedProx,16,0.5857142857142857,0.43268983268983274,0.6791475647971743,0.3430612244897959,0.5857142857142857,0,-1,-1,csv_geosciences/runs/20260415-204400_dataset_slices_sorted_worker_10.csv,dataset_slices_sorted,dataset/dataset_slices_sorted,cuda,5,no_encryption,0.05,10,,,,224,0.01,3,logs_geosciences/dataset_slices_sorted_run_10_GoogLeNet,GoogLeNet,1,,2,2,4,,geosciences,static/plots_geosciences/dataset_slices_sorted_run_10_GoogLeNet,,run_dataset_geosciences/dataset_slices_sorted_run_10_GoogLeNet,,,489.3402581214905,True,10
2,FedAvg,16,0.6761904761904762,0.6772901390402095,0.6179519079980396,0.6808512533977651,0.6761904761904762,9,-1,-1,csv_geosciences/runs/20260415-204645_dataset_slices_sorted_worker_0.csv,dataset_slices_sorted,dataset/dataset_slices_sorted,cuda,5,no_encryption,0.0,10,,,,224,0.001,3,logs_geosciences/dataset_slices_sorted_run_0_GoogLeNet,GoogLeNet,1,,2,2,4,,geosciences,static/plots_geosciences/dataset_slices_sorted_run_0_GoogLeNet,,run_dataset_geosciences/dataset_slices_sorted_run_0_GoogLeNet,,,486.91407775878906,True,0
2,FedProx,16,0.6595238095238095,0.6447137669665497,0.6085845263231369,0.6546979617188347,0.6595238095238095,6,-1,-1,csv_geosciences/runs/20260415-204722_dataset_slices_sorted_worker_7.csv,dataset_slices_sorted,dataset/dataset_slices_sorted,cuda,5,no_encryption,0.05,10,,,,224,0.001,3,logs_geosciences/dataset_slices_sorted_run_7_GoogLeNet,GoogLeNet,1,,2,2,2,,geosciences,static/plots_geosciences/dataset_slices_sorted_run_7_GoogLeNet,,run_dataset_geosciences/dataset_slices_sorted_run_7_GoogLeNet,,,489.6241674423218,True,7
4,FedAvg,16,0.5904761904761905,0.4384374108925007,0.684805298986889,0.34866213151927433,0.5904761904761905,0,-1,-1,csv_geosciences/runs/20260415-204917_dataset_slices_sorted_worker_10.csv,dataset_slices_sorted,dataset/dataset_slices_sorted,cuda,5,no_encryption,0.0,10,,,,224,0.01,3,logs_geosciences/dataset_slices_sorted_run_10_GoogLeNet,GoogLeNet,1,,2,4,2,,geosciences,static/plots_geosciences/dataset_slices_sorted_run_10_GoogLeNet,,run_dataset_geosciences/dataset_slices_sorted_run_10_GoogLeNet,,,313.7673227787018,True,10
2,FedProx,16,0.6452380952380953,0.6469826464141146,0.6378695414179847,0.6503747682229915,0.6452380952380953,9,-1,-1,csv_geosciences/runs/20260415-204929_dataset_slices_sorted_worker_1.csv,dataset_slices_sorted,dataset/dataset_slices_sorted,cuda,5,no_encryption,0.05,10,,,,224,0.001,3,logs_geosciences/dataset_slices_sorted_run_1_GoogLeNet,GoogLeNet,1,,2,2,4,,geosciences,static/plots_geosciences/dataset_slices_sorted_run_1_GoogLeNet,,run_dataset_geosciences/dataset_slices_sorted_run_1_GoogLeNet,,,502.54291439056396,True,1
2,FedAvg,16,0.6666666666666666,0.6587995337995337,0.6116190524328322,0.6611162503854455,0.6666666666666666,9,-1,-1,csv_geosciences/runs/20260415-205011_dataset_slices_sorted_worker_6.csv,dataset_slices_sorted,dataset/dataset_slices_sorted,cuda,5,no_encryption,0.0,10,,,,224,0.0001,3,logs_geosciences/dataset_slices_sorted_run_6_GoogLeNet,GoogLeNet,1,,2,2,2,,geosciences,static/plots_geosciences/dataset_slices_sorted_run_6_GoogLeNet,,run_dataset_geosciences/dataset_slices_sorted_run_6_GoogLeNet,,,491.5989465713501,True,6
2,FedAvg,16,0.669047619047619,0.6677259384807019,0.6166894560768491,0.6681248711605854,0.669047619047619,9,-1,-1,csv_geosciences/runs/20260415-205040_dataset_slices_sorted_worker_3.csv,dataset_slices_sorted,dataset/dataset_slices_sorted,cuda,5,no_encryption,0.0,10,,,,224,0.0001,3,logs_geosciences/dataset_slices_sorted_run_3_GoogLeNet,GoogLeNet,1,,2,2,4,,geosciences,static/plots_geosciences/dataset_slices_sorted_run_3_GoogLeNet,,run_dataset_geosciences/dataset_slices_sorted_run_3_GoogLeNet,,,495.5204372406006,True,3
2,FedProx,16,0.6738095238095239,0.674230336099148,0.6189199788229806,0.6754745753620597,0.6738095238095239,9,-1,-1,csv_geosciences/runs/20260415-205108_dataset_slices_sorted_worker_9.csv,dataset_slices_sorted,dataset/dataset_slices_sorted,cuda,5,no_encryption,0.05,10,,,,224,0.0001,3,logs_geosciences/dataset_slices_sorted_run_9_GoogLeNet,GoogLeNet,1,,2,2,2,,geosciences,static/plots_geosciences/dataset_slices_sorted_run_9_GoogLeNet,,run_dataset_geosciences/dataset_slices_sorted_run_9_GoogLeNet,,,501.96189284324646,True,9
4,FedAvg,16,0.5904761904761905,0.4384374108925007,0.677330194342704,0.34866213151927433,0.5904761904761905,0,-1,-1,csv_geosciences/runs/20260415-205225_dataset_slices_sorted_worker_0.csv,dataset_slices_sorted,dataset/dataset_slices_sorted,cuda,5,no_encryption,0.0,10,,,,224,0.01,3,logs_geosciences/dataset_slices_sorted_run_0_GoogLeNet,GoogLeNet,1,,2,4,4,,geosciences,static/plots_geosciences/dataset_slices_sorted_run_0_GoogLeNet,,run_dataset_geosciences/dataset_slices_sorted_run_0_GoogLeNet,,,337.2046763896942,True,0
2,FedProx,16,0.6595238095238095,0.6540085337429266,0.6400008826028734,0.65454569866224,0.6595238095238095,7,-1,-1,csv_geosciences/runs/20260415-205235_dataset_slices_sorted_worker_4.csv,dataset_slices_sorted,dataset/dataset_slices_sorted,cuda,5,no_encryption,0.05,10,,,,224,0.0001,3,logs_geosciences/dataset_slices_sorted_run_4_GoogLeNet,GoogLeNet,1,,2,2,4,,geosciences,static/plots_geosciences/dataset_slices_sorted_run_4_GoogLeNet,,run_dataset_geosciences/dataset_slices_sorted_run_4_GoogLeNet,,,517.0180730819702,True,4
4,FedProx,16,0.5904761904761905,0.4384374108925007,0.685719957947731,0.34866213151927433,0.5904761904761905,0,-1,-1,csv_geosciences/runs/20260415-205304_dataset_slices_sorted_worker_7.csv,dataset_slices_sorted,dataset/dataset_slices_sorted,cuda,5,no_encryption,0.05,10,,,,224,0.01,3,logs_geosciences/dataset_slices_sorted_run_7_GoogLeNet,GoogLeNet,1,,2,4,2,,geosciences,static/plots_geosciences/dataset_slices_sorted_run_7_GoogLeNet,,run_dataset_geosciences/dataset_slices_sorted_run_7_GoogLeNet,,,339.43913173675537,True,7
4,FedAvg,16,0.6952380952380952,0.6791736201362634,0.5911115040381749,0.6963092917141641,0.6952380952380952,9,-1,-1,csv_geosciences/runs/20260415-205517_dataset_slices_sorted_worker_1.csv,dataset_slices_sorted,dataset/dataset_slices_sorted,cuda,5,no_encryption,0.0,10,,,,224,0.001,3,logs_geosciences/dataset_slices_sorted_run_1_GoogLeNet,GoogLeNet,1,,2,4,2,,geosciences,static/plots_geosciences/dataset_slices_sorted_run_1_GoogLeNet,,run_dataset_geosciences/dataset_slices_sorted_run_1_GoogLeNet,,,344.94285345077515,True,1
4,FedProx,16,0.5904761904761905,0.4384374108925007,0.68206258614858,0.34866213151927433,0.5904761904761905,0,-1,-1,csv_geosciences/runs/20260415-205519_dataset_slices_sorted_worker_10.csv,dataset_slices_sorted,dataset/dataset_slices_sorted,cuda,5,no_encryption,0.05,10,,,,224,0.01,3,logs_geosciences/dataset_slices_sorted_run_10_GoogLeNet,GoogLeNet,1,,2,4,4,,geosciences,static/plots_geosciences/dataset_slices_sorted_run_10_GoogLeNet,,run_dataset_geosciences/dataset_slices_sorted_run_10_GoogLeNet,,,358.604496717453,True,10
4,FedAvg,16,0.6785714285714286,0.6770196185945431,0.628318882272357,0.6804914948780817,0.6785714285714286,6,-1,-1,csv_geosciences/runs/20260415-205611_dataset_slices_sorted_worker_6.csv,dataset_slices_sorted,dataset/dataset_slices_sorted,cuda,5,no_encryption,0.0,10,,,,224,0.001,3,logs_geosciences/dataset_slices_sorted_run_6_GoogLeNet,GoogLeNet,1,,2,4,4,,geosciences,static/plots_geosciences/dataset_slices_sorted_run_6_GoogLeNet,,run_dataset_geosciences/dataset_slices_sorted_run_6_GoogLeNet,,,356.2828724384308,True,6
4,FedProx,16,0.6904761904761905,0.6808063123538769,0.604266404963675,0.6866830290200973,0.6904761904761905,7,-1,-1,csv_geosciences/runs/20260415-205638_dataset_slices_sorted_worker_3.csv,dataset_slices_sorted,dataset/dataset_slices_sorted,cuda,5,no_encryption,0.05,10,,,,224,0.001,3,logs_geosciences/dataset_slices_sorted_run_3_GoogLeNet,GoogLeNet,1,,2,4,2,,geosciences,static/plots_geosciences/dataset_slices_sorted_run_3_GoogLeNet,,run_dataset_geosciences/dataset_slices_sorted_run_3_GoogLeNet,,,355.551251411438,True,3
4,FedProx,16,0.6523809523809524,0.651543732537075,0.6215494524864923,0.6530375510722273,0.6523809523809524,9,-1,-1,csv_geosciences/runs/20260415-205720_dataset_slices_sorted_worker_9.csv,dataset_slices_sorted,dataset/dataset_slices_sorted,cuda,5,no_encryption,0.05,10,,,,224,0.001,3,logs_geosciences/dataset_slices_sorted_run_9_GoogLeNet,GoogLeNet,1,,2,4,4,,geosciences,static/plots_geosciences/dataset_slices_sorted_run_9_GoogLeNet,,run_dataset_geosciences/dataset_slices_sorted_run_9_GoogLeNet,,,369.5210747718811,True,9
4,FedAvg,16,0.680952380952381,0.6722103790896823,0.601465512457348,0.6757562341290994,0.680952380952381,9,-1,-1,csv_geosciences/runs/20260415-205825_dataset_slices_sorted_worker_0.csv,dataset_slices_sorted,dataset/dataset_slices_sorted,cuda,5,no_encryption,0.0,10,,,,224,0.0001,3,logs_geosciences/dataset_slices_sorted_run_0_GoogLeNet,GoogLeNet,1,,2,4,2,,geosciences,static/plots_geosciences/dataset_slices_sorted_run_0_GoogLeNet,,run_dataset_geosciences/dataset_slices_sorted_run_0_GoogLeNet,,,357.2621717453003,True,0
4,FedAvg,16,0.638095238095238,0.6311292672062925,0.6168590750013079,0.6310888266885397,0.638095238095238,9,-1,-1,csv_geosciences/runs/20260415-205843_dataset_slices_sorted_worker_4.csv,dataset_slices_sorted,dataset/dataset_slices_sorted,cuda,5,no_encryption,0.0,10,,,,224,0.0001,3,logs_geosciences/dataset_slices_sorted_run_4_GoogLeNet,GoogLeNet,1,,2,4,4,,geosciences,static/plots_geosciences/dataset_slices_sorted_run_4_GoogLeNet,,run_dataset_geosciences/dataset_slices_sorted_run_4_GoogLeNet,,,364.9897925853729,True,4
4,FedProx,16,0.6642857142857143,0.6638224937700619,0.617070036416962,0.6677830018277163,0.6642857142857143,8,-1,-1,csv_geosciences/runs/20260415-205912_dataset_slices_sorted_worker_7.csv,dataset_slices_sorted,dataset/dataset_slices_sorted,cuda,5,no_encryption,0.05,10,,,,224,0.0001,3,logs_geosciences/dataset_slices_sorted_run_7_GoogLeNet,GoogLeNet,1,,2,4,2,,geosciences,static/plots_geosciences/dataset_slices_sorted_run_7_GoogLeNet,,run_dataset_geosciences/dataset_slices_sorted_run_7_GoogLeNet,,,364.686913728714,True,7
8,FedAvg,16,0.5849056603773585,0.4317160826594789,0.6888657437180573,0.3421146315414738,0.5849056603773585,0,-1,-1,csv_geosciences/runs/20260415-210132_dataset_slices_sorted_worker_10.csv,dataset_slices_sorted,dataset/dataset_slices_sorted,cuda,5,no_encryption,0.0,10,,,,224,0.01,3,logs_geosciences/dataset_slices_sorted_run_10_GoogLeNet,GoogLeNet,1,,2,8,2,,geosciences,static/plots_geosciences/dataset_slices_sorted_run_10_GoogLeNet,,run_dataset_geosciences/dataset_slices_sorted_run_10_GoogLeNet,,,370.1756782531738,True,10
4,FedProx,16,0.6238095238095238,0.5461160501693432,0.641044614144734,0.6439135467784699,0.6238095238095238,9,-1,-1,csv_geosciences/runs/20260415-210140_dataset_slices_sorted_worker_1.csv,dataset_slices_sorted,dataset/dataset_slices_sorted,cuda,5,no_encryption,0.05,10,,,,224,0.0001,3,logs_geosciences/dataset_slices_sorted_run_1_GoogLeNet,GoogLeNet,1,,2,4,4,,geosciences,static/plots_geosciences/dataset_slices_sorted_run_1_GoogLeNet,,run_dataset_geosciences/dataset_slices_sorted_run_1_GoogLeNet,,,380.26823139190674,True,1
8,FedAvg,16,0.5849056603773585,0.4317160826594789,0.6828287120135326,0.3421146315414738,0.5849056603773585,0,-1,-1,csv_geosciences/runs/20260415-210241_dataset_slices_sorted_worker_6.csv,dataset_slices_sorted,dataset/dataset_slices_sorted,cuda,5,no_encryption,0.0,10,,,,224,0.01,3,logs_geosciences/dataset_slices_sorted_run_6_GoogLeNet,GoogLeNet,1,,2,8,4,,geosciences,static/plots_geosciences/dataset_slices_sorted_run_6_GoogLeNet,,run_dataset_geosciences/dataset_slices_sorted_run_6_GoogLeNet,,,387.39821314811707,True,6
8,FedProx,16,0.5849056603773585,0.4317160826594789,0.6850360137111736,0.3421146315414738,0.5849056603773585,0,-1,-1,csv_geosciences/runs/20260415-210305_dataset_slices_sorted_worker_3.csv,dataset_slices_sorted,dataset/dataset_slices_sorted,cuda,5,no_encryption,0.05,10,,,,224,0.01,3,logs_geosciences/dataset_slices_sorted_run_3_GoogLeNet,GoogLeNet,1,,2,8,2,,geosciences,static/plots_geosciences/dataset_slices_sorted_run_3_GoogLeNet,,run_dataset_geosciences/dataset_slices_sorted_run_3_GoogLeNet,,,383.12519550323486,True,3
8,FedProx,16,0.5849056603773585,0.4317160826594789,0.6855273113216994,0.3421146315414738,0.5849056603773585,0,-1,-1,csv_geosciences/runs/20260415-210409_dataset_slices_sorted_worker_9.csv,dataset_slices_sorted,dataset/dataset_slices_sorted,cuda,5,no_encryption,0.05,10,,,,224,0.01,3,logs_geosciences/dataset_slices_sorted_run_9_GoogLeNet,GoogLeNet,1,,2,8,4,,geosciences,static/plots_geosciences/dataset_slices_sorted_run_9_GoogLeNet,,run_dataset_geosciences/dataset_slices_sorted_run_9_GoogLeNet,,,405.87720489501953,True,9
8,FedAvg,16,0.6698113207547169,0.6713520357284922,0.6257890171880992,0.6754159507231202,0.6698113207547169,8,-1,-1,csv_geosciences/runs/20260415-210445_dataset_slices_sorted_worker_0.csv,dataset_slices_sorted,dataset/dataset_slices_sorted,cuda,5,no_encryption,0.0,10,,,,224,0.001,3,logs_geosciences/dataset_slices_sorted_run_0_GoogLeNet,GoogLeNet,1,,2,8,2,,geosciences,static/plots_geosciences/dataset_slices_sorted_run_0_GoogLeNet,,run_dataset_geosciences/dataset_slices_sorted_run_0_GoogLeNet,,,375.89913749694824,True,0
8,FedAvg,16,0.6627358490566038,0.6606183523979072,0.6497573652919734,0.6611744510181925,0.6627358490566038,5,-1,-1,csv_geosciences/runs/20260415-210517_dataset_slices_sorted_worker_4.csv,dataset_slices_sorted,dataset/dataset_slices_sorted,cuda,5,no_encryption,0.0,10,,,,224,0.001,3,logs_geosciences/dataset_slices_sorted_run_4_GoogLeNet,GoogLeNet,1,,2,8,4,,geosciences,static/plots_geosciences/dataset_slices_sorted_run_4_GoogLeNet,,run_dataset_geosciences/dataset_slices_sorted_run_4_GoogLeNet,,,390.0022451877594,True,4
8,FedProx,16,0.6698113207547169,0.6611452883134697,0.6139277063731877,0.6660064160626401,0.6698113207547169,6,-1,-1,csv_geosciences/runs/20260415-210543_dataset_slices_sorted_worker_7.csv,dataset_slices_sorted,dataset/dataset_slices_sorted,cuda,5,no_encryption,0.05,10,,,,224,0.001,3,logs_geosciences/dataset_slices_sorted_run_7_GoogLeNet,GoogLeNet,1,,2,8,2,,geosciences,static/plots_geosciences/dataset_slices_sorted_run_7_GoogLeNet,,run_dataset_geosciences/dataset_slices_sorted_run_7_GoogLeNet,,,387.3445544242859,True,7
8,FedAvg,16,0.6462264150943396,0.6162500790731228,0.6198730048424793,0.6461032462540799,0.6462264150943396,9,-1,-1,csv_geosciences/runs/20260415-210802_dataset_slices_sorted_worker_1.csv,dataset_slices_sorted,dataset/dataset_slices_sorted,cuda,5,no_encryption,0.0,10,,,,224,0.0001,3,logs_geosciences/dataset_slices_sorted_run_1_GoogLeNet,GoogLeNet,1,,2,8,2,,geosciences,static/plots_geosciences/dataset_slices_sorted_run_1_GoogLeNet,,run_dataset_geosciences/dataset_slices_sorted_run_1_GoogLeNet,,,378.471435546875,True,1
8,FedProx,16,0.6674528301886793,0.6602511419086928,0.6446554393700834,0.6636673548111259,0.6674528301886793,8,-1,-1,csv_geosciences/runs/20260415-210821_dataset_slices_sorted_worker_10.csv,dataset_slices_sorted,dataset/dataset_slices_sorted,cuda,5,no_encryption,0.05,10,,,,224,0.001,3,logs_geosciences/dataset_slices_sorted_run_10_GoogLeNet,GoogLeNet,1,,2,8,4,,geosciences,static/plots_geosciences/dataset_slices_sorted_run_10_GoogLeNet,,run_dataset_geosciences/dataset_slices_sorted_run_10_GoogLeNet,,,405.0699853897095,True,10
8,FedAvg,16,0.5849056603773585,0.4317160826594789,0.6780897217257967,0.3421146315414738,0.5849056603773585,0,-1,-1,csv_geosciences/runs/20260415-210918_dataset_slices_sorted_worker_6.csv,dataset_slices_sorted,dataset/dataset_slices_sorted,cuda,5,no_encryption,0.0,10,,,,224,0.0001,3,logs_geosciences/dataset_slices_sorted_run_6_GoogLeNet,GoogLeNet,1,,2,8,4,,geosciences,static/plots_geosciences/dataset_slices_sorted_run_6_GoogLeNet,,run_dataset_geosciences/dataset_slices_sorted_run_6_GoogLeNet,,,392.74417662620544,True,6
8,FedProx,16,0.6627358490566038,0.6464758130644798,0.6234286791592274,0.6592376762875614,0.6627358490566038,8,-1,-1,csv_geosciences/runs/20260415-210941_dataset_slices_sorted_worker_3.csv,dataset_slices_sorted,dataset/dataset_slices_sorted,cuda,5,no_encryption,0.05,10,,,,224,0.0001,3,logs_geosciences/dataset_slices_sorted_run_3_GoogLeNet,GoogLeNet,1,,2,8,2,,geosciences,static/plots_geosciences/dataset_slices_sorted_run_3_GoogLeNet,,run_dataset_geosciences/dataset_slices_sorted_run_3_GoogLeNet,,,393.2518708705902,True,3
8,FedProx,16,0.5849056603773585,0.4317160826594789,0.6788305643032182,0.3421146315414738,0.5849056603773585,0,-1,-1,csv_geosciences/runs/20260415-211102_dataset_slices_sorted_worker_9.csv,dataset_slices_sorted,dataset/dataset_slices_sorted,cuda,5,no_encryption,0.05,10,,,,224,0.0001,3,logs_geosciences/dataset_slices_sorted_run_9_GoogLeNet,GoogLeNet,1,,2,8,4,,geosciences,static/plots_geosciences/dataset_slices_sorted_run_9_GoogLeNet,,run_dataset_geosciences/dataset_slices_sorted_run_9_GoogLeNet,,,409.09699296951294,True,9
16,FedAvg,16,0.5925925925925926,0.4409991386735573,0.6873764130804274,0.3511659807956104,0.5925925925925926,0,-1,-1,csv_geosciences/runs/20260415-211253_dataset_slices_sorted_worker_0.csv,dataset_slices_sorted,dataset/dataset_slices_sorted,cuda,5,no_encryption,0.0,10,,,,224,0.01,3,logs_geosciences/dataset_slices_sorted_run_0_GoogLeNet,GoogLeNet,1,,2,16,2,,geosciences,static/plots_geosciences/dataset_slices_sorted_run_0_GoogLeNet,,run_dataset_geosciences/dataset_slices_sorted_run_0_GoogLeNet,,,485.3641028404236,True,0
16,FedAvg,16,0.5925925925925926,0.4409991386735573,0.685495776158792,0.3511659807956104,0.5925925925925926,0,-1,-1,csv_geosciences/runs/20260415-211341_dataset_slices_sorted_worker_4.csv,dataset_slices_sorted,dataset/dataset_slices_sorted,cuda,5,no_encryption,0.0,10,,,,224,0.01,3,logs_geosciences/dataset_slices_sorted_run_4_GoogLeNet,GoogLeNet,1,,2,16,4,,geosciences,static/plots_geosciences/dataset_slices_sorted_run_4_GoogLeNet,,run_dataset_geosciences/dataset_slices_sorted_run_4_GoogLeNet,,,500.4833719730377,True,4
16,FedProx,16,0.5925925925925926,0.4409991386735573,0.677554377803096,0.3511659807956104,0.5925925925925926,1,-1,-1,csv_geosciences/runs/20260415-211349_dataset_slices_sorted_worker_7.csv,dataset_slices_sorted,dataset/dataset_slices_sorted,cuda,5,no_encryption,0.05,10,,,,224,0.01,3,logs_geosciences/dataset_slices_sorted_run_7_GoogLeNet,GoogLeNet,1,,2,16,2,,geosciences,static/plots_geosciences/dataset_slices_sorted_run_7_GoogLeNet,,run_dataset_geosciences/dataset_slices_sorted_run_7_GoogLeNet,,,483.3238024711609,True,7
16,FedAvg,16,0.6782407407407407,0.6630811794953249,0.6350699329265842,0.6900029577000036,0.6782407407407407,8,-1,-1,csv_geosciences/runs/20260415-211614_dataset_slices_sorted_worker_10.csv,dataset_slices_sorted,dataset/dataset_slices_sorted,cuda,5,no_encryption,0.0,10,,,,224,0.001,3,logs_geosciences/dataset_slices_sorted_run_10_GoogLeNet,GoogLeNet,1,,2,16,2,,geosciences,static/plots_geosciences/dataset_slices_sorted_run_10_GoogLeNet,,run_dataset_geosciences/dataset_slices_sorted_run_10_GoogLeNet,,,469.7894380092621,True,10
16,FedProx,16,0.5925925925925926,0.4409991386735573,0.6826873370618732,0.3511659807956104,0.5925925925925926,1,-1,-1,csv_geosciences/runs/20260415-211643_dataset_slices_sorted_worker_1.csv,dataset_slices_sorted,dataset/dataset_slices_sorted,cuda,5,no_encryption,0.05,10,,,,224,0.01,3,logs_geosciences/dataset_slices_sorted_run_1_GoogLeNet,GoogLeNet,1,,2,16,4,,geosciences,static/plots_geosciences/dataset_slices_sorted_run_1_GoogLeNet,,run_dataset_geosciences/dataset_slices_sorted_run_1_GoogLeNet,,,517.8451211452484,True,1
16,FedProx,16,0.7037037037037037,0.6879731380010878,0.6070204930448974,0.7119199957718488,0.7037037037037037,8,-1,-1,csv_geosciences/runs/20260415-211741_dataset_slices_sorted_worker_3.csv,dataset_slices_sorted,dataset/dataset_slices_sorted,cuda,5,no_encryption,0.05,10,,,,224,0.001,3,logs_geosciences/dataset_slices_sorted_run_3_GoogLeNet,GoogLeNet,1,,2,16,2,,geosciences,static/plots_geosciences/dataset_slices_sorted_run_3_GoogLeNet,,run_dataset_geosciences/dataset_slices_sorted_run_3_GoogLeNet,,,477.16475462913513,True,3
16,FedAvg,16,0.6527777777777778,0.6524071768986711,0.6586331754095025,0.6805685798179671,0.6527777777777778,9,-1,-1,csv_geosciences/runs/20260415-211746_dataset_slices_sorted_worker_6.csv,dataset_slices_sorted,dataset/dataset_slices_sorted,cuda,5,no_encryption,0.0,10,,,,224,0.001,3,logs_geosciences/dataset_slices_sorted_run_6_GoogLeNet,GoogLeNet,1,,2,16,4,,geosciences,static/plots_geosciences/dataset_slices_sorted_run_6_GoogLeNet,,run_dataset_geosciences/dataset_slices_sorted_run_6_GoogLeNet,,,504.81314039230347,True,6
16,FedProx,16,0.6828703703703703,0.659565803364178,0.664936059465011,0.6934790900160053,0.6828703703703703,9,-1,-1,csv_geosciences/runs/20260415-211947_dataset_slices_sorted_worker_9.csv,dataset_slices_sorted,dataset/dataset_slices_sorted,cuda,5,no_encryption,0.05,10,,,,224,0.001,3,logs_geosciences/dataset_slices_sorted_run_9_GoogLeNet,GoogLeNet,1,,2,16,4,,geosciences,static/plots_geosciences/dataset_slices_sorted_run_9_GoogLeNet,,run_dataset_geosciences/dataset_slices_sorted_run_9_GoogLeNet,,,521.7210330963135,True,9
16,FedAvg,16,0.6412037037037037,0.5569690715665853,0.638452208980366,0.6550472453904419,0.6412037037037037,8,-1,-1,csv_geosciences/runs/20260415-212102_dataset_slices_sorted_worker_0.csv,dataset_slices_sorted,dataset/dataset_slices_sorted,cuda,5,no_encryption,0.0,10,,,,224,0.0001,3,logs_geosciences/dataset_slices_sorted_run_0_GoogLeNet,GoogLeNet,1,,2,16,2,,geosciences,static/plots_geosciences/dataset_slices_sorted_run_0_GoogLeNet,,run_dataset_geosciences/dataset_slices_sorted_run_0_GoogLeNet,,,485.3253424167633,True,0
16,FedProx,16,0.6481481481481481,0.5903813309992911,0.6390506114672732,0.6617313121660948,0.6481481481481481,9,-1,-1,csv_geosciences/runs/20260415-212200_dataset_slices_sorted_worker_7.csv,dataset_slices_sorted,dataset/dataset_slices_sorted,cuda,5,no_encryption,0.05,10,,,,224,0.0001,3,logs_geosciences/dataset_slices_sorted_run_7_GoogLeNet,GoogLeNet,1,,2,16,2,,geosciences,static/plots_geosciences/dataset_slices_sorted_run_7_GoogLeNet,,run_dataset_geosciences/dataset_slices_sorted_run_7_GoogLeNet,,,487.90971779823303,True,7
16,FedAvg,16,0.5925925925925926,0.4409991386735573,0.6787000688965674,0.3511659807956104,0.5925925925925926,0,-1,-1,csv_geosciences/runs/20260415-212208_dataset_slices_sorted_worker_4.csv,dataset_slices_sorted,dataset/dataset_slices_sorted,cuda,5,no_encryption,0.0,10,,,,224,0.0001,3,logs_geosciences/dataset_slices_sorted_run_4_GoogLeNet,GoogLeNet,1,,2,16,4,,geosciences,static/plots_geosciences/dataset_slices_sorted_run_4_GoogLeNet,,run_dataset_geosciences/dataset_slices_sorted_run_4_GoogLeNet,,,503.30910181999207,True,4
16,FedProx,16,0.5925925925925926,0.4409991386735573,0.6822575634276425,0.3511659807956104,0.5925925925925926,0,-1,-1,csv_geosciences/runs/20260415-212431_dataset_slices_sorted_worker_10.csv,dataset_slices_sorted,dataset/dataset_slices_sorted,cuda,5,no_encryption,0.05,10,,,,224,0.0001,3,logs_geosciences/dataset_slices_sorted_run_10_GoogLeNet,GoogLeNet,1,,2,16,4,,geosciences,static/plots_geosciences/dataset_slices_sorted_run_10_GoogLeNet,,run_dataset_geosciences/dataset_slices_sorted_run_10_GoogLeNet,,,494.004891872406,True,10
32,FedAvg,16,0.5727069351230425,0.4171339473352896,0.6835085986977989,0.32804779113503946,0.5727069351230425,1,-1,-1,csv_geosciences/runs/20260415-212735_dataset_slices_sorted_worker_1.csv,dataset_slices_sorted,dataset/dataset_slices_sorted,cuda,5,no_encryption,0.0,10,,,,224,0.01,3,logs_geosciences/dataset_slices_sorted_run_1_GoogLeNet,GoogLeNet,1,,2,32,2,,geosciences,static/plots_geosciences/dataset_slices_sorted_run_1_GoogLeNet,,run_dataset_geosciences/dataset_slices_sorted_run_1_GoogLeNet,,,648.7646772861481,True,1
32,FedProx,16,0.5727069351230425,0.4171339473352896,0.692701222512546,0.32804779113503946,0.5727069351230425,0,-1,-1,csv_geosciences/runs/20260415-212824_dataset_slices_sorted_worker_6.csv,dataset_slices_sorted,dataset/dataset_slices_sorted,cuda,5,no_encryption,0.05,10,,,,224,0.01,3,logs_geosciences/dataset_slices_sorted_run_6_GoogLeNet,GoogLeNet,1,,2,32,2,,geosciences,static/plots_geosciences/dataset_slices_sorted_run_6_GoogLeNet,,run_dataset_geosciences/dataset_slices_sorted_run_6_GoogLeNet,,,634.6886296272278,True,6
32,FedAvg,16,0.5727069351230425,0.4171339473352896,0.6829620173046786,0.32804779113503946,0.5727069351230425,1,-1,-1,csv_geosciences/runs/20260415-212912_dataset_slices_sorted_worker_3.csv,dataset_slices_sorted,dataset/dataset_slices_sorted,cuda,5,no_encryption,0.0,10,,,,224,0.01,3,logs_geosciences/dataset_slices_sorted_run_3_GoogLeNet,GoogLeNet,1,,2,32,4,,geosciences,static/plots_geosciences/dataset_slices_sorted_run_3_GoogLeNet,,run_dataset_geosciences/dataset_slices_sorted_run_3_GoogLeNet,,,687.4324746131897,True,3
32,FedProx,16,0.5727069351230425,0.4171339473352896,0.6861409752960973,0.32804779113503946,0.5727069351230425,0,-1,-1,csv_geosciences/runs/20260415-213122_dataset_slices_sorted_worker_9.csv,dataset_slices_sorted,dataset/dataset_slices_sorted,cuda,5,no_encryption,0.05,10,,,,224,0.01,3,logs_geosciences/dataset_slices_sorted_run_9_GoogLeNet,GoogLeNet,1,,2,32,4,,geosciences,static/plots_geosciences/dataset_slices_sorted_run_9_GoogLeNet,,run_dataset_geosciences/dataset_slices_sorted_run_9_GoogLeNet,,,692.2067785263062,True,9
32,FedAvg,16,0.6196868008948546,0.5624223938600483,0.662648320731434,0.6288003569882764,0.6196868008948546,8,-1,-1,csv_geosciences/runs/20260415-213130_dataset_slices_sorted_worker_0.csv,dataset_slices_sorted,dataset/dataset_slices_sorted,cuda,5,no_encryption,0.0,10,,,,224,0.001,3,logs_geosciences/dataset_slices_sorted_run_0_GoogLeNet,GoogLeNet,1,,2,32,2,,geosciences,static/plots_geosciences/dataset_slices_sorted_run_0_GoogLeNet,,run_dataset_geosciences/dataset_slices_sorted_run_0_GoogLeNet,,,624.8376777172089,True,0
32,FedProx,16,0.6599552572706935,0.6447732086895135,0.650819342541748,0.6689123330062927,0.6599552572706935,9,-1,-1,csv_geosciences/runs/20260415-213249_dataset_slices_sorted_worker_4.csv,dataset_slices_sorted,dataset/dataset_slices_sorted,cuda,5,no_encryption,0.05,10,,,,224,0.001,3,logs_geosciences/dataset_slices_sorted_run_4_GoogLeNet,GoogLeNet,1,,2,32,2,,geosciences,static/plots_geosciences/dataset_slices_sorted_run_4_GoogLeNet,,run_dataset_geosciences/dataset_slices_sorted_run_4_GoogLeNet,,,637.9633193016052,True,4
32,FedAvg,16,0.5727069351230425,0.4171339473352896,0.6870594710044946,0.32804779113503946,0.5727069351230425,0,-1,-1,csv_geosciences/runs/20260415-213318_dataset_slices_sorted_worker_7.csv,dataset_slices_sorted,dataset/dataset_slices_sorted,cuda,5,no_encryption,0.0,10,,,,224,0.001,3,logs_geosciences/dataset_slices_sorted_run_7_GoogLeNet,GoogLeNet,1,,2,32,4,,geosciences,static/plots_geosciences/dataset_slices_sorted_run_7_GoogLeNet,,run_dataset_geosciences/dataset_slices_sorted_run_7_GoogLeNet,,,674.3895497322083,True,7
32,FedProx,16,0.6062639821029083,0.5455580434615073,0.669890744574118,0.6180280321219919,0.6062639821029083,8,-1,-1,csv_geosciences/runs/20260415-213553_dataset_slices_sorted_worker_10.csv,dataset_slices_sorted,dataset/dataset_slices_sorted,cuda,5,no_encryption,0.05,10,,,,224,0.001,3,logs_geosciences/dataset_slices_sorted_run_10_GoogLeNet,GoogLeNet,1,,2,32,4,,geosciences,static/plots_geosciences/dataset_slices_sorted_run_10_GoogLeNet,,run_dataset_geosciences/dataset_slices_sorted_run_10_GoogLeNet,,,678.3360390663147,True,10
32,FedAvg,16,0.5794183445190156,0.4389211792956053,0.6640673217090718,0.39381647435338707,0.5794183445190156,9,-1,-1,csv_geosciences/runs/20260415-213758_dataset_slices_sorted_worker_1.csv,dataset_slices_sorted,dataset/dataset_slices_sorted,cuda,5,no_encryption,0.0,10,,,,224,0.0001,3,logs_geosciences/dataset_slices_sorted_run_1_GoogLeNet,GoogLeNet,1,,2,32,2,,geosciences,static/plots_geosciences/dataset_slices_sorted_run_1_GoogLeNet,,run_dataset_geosciences/dataset_slices_sorted_run_1_GoogLeNet,,,620.0949676036835,True,1
32,FedAvg,16,0.5727069351230425,0.4171339473352896,0.6867460775162016,0.32804779113503946,0.5727069351230425,0,-1,-1,csv_geosciences/runs/20260415-213929_dataset_slices_sorted_worker_6.csv,dataset_slices_sorted,dataset/dataset_slices_sorted,cuda,5,no_encryption,0.0,10,,,,224,0.0001,3,logs_geosciences/dataset_slices_sorted_run_6_GoogLeNet,GoogLeNet,1,,2,32,4,,geosciences,static/plots_geosciences/dataset_slices_sorted_run_6_GoogLeNet,,run_dataset_geosciences/dataset_slices_sorted_run_6_GoogLeNet,,,661.9469385147095,True,6
32,FedProx,16,0.5928411633109619,0.45727585861814046,0.6607300657820648,0.4398824888757774,0.5928411633109619,9,-1,-1,csv_geosciences/runs/20260415-213929_dataset_slices_sorted_worker_3.csv,dataset_slices_sorted,dataset/dataset_slices_sorted,cuda,5,no_encryption,0.05,10,,,,224,0.0001,3,logs_geosciences/dataset_slices_sorted_run_3_GoogLeNet,GoogLeNet,1,,2,32,2,,geosciences,static/plots_geosciences/dataset_slices_sorted_run_3_GoogLeNet,,run_dataset_geosciences/dataset_slices_sorted_run_3_GoogLeNet,,,614.2293381690979,True,3
32,FedProx,16,0.5727069351230425,0.4171339473352896,0.6838962911759447,0.32804779113503946,0.5727069351230425,0,-1,-1,csv_geosciences/runs/20260415-214234_dataset_slices_sorted_worker_9.csv,dataset_slices_sorted,dataset/dataset_slices_sorted,cuda,5,no_encryption,0.05,10,,,,224,0.0001,3,logs_geosciences/dataset_slices_sorted_run_9_GoogLeNet,GoogLeNet,1,,2,32,4,,geosciences,static/plots_geosciences/dataset_slices_sorted_run_9_GoogLeNet,,run_dataset_geosciences/dataset_slices_sorted_run_9_GoogLeNet,,,669.2983906269073,True,9
2,FedAvg,16,0.5857142857142857,0.43268983268983274,0.6793790641285125,0.3430612244897959,0.5857142857142857,0,-1,-1,csv_geosciences/runs/20260415-214323_dataset_slices_sorted_worker_0.csv,dataset_slices_sorted,dataset/dataset_slices_sorted,cuda,5,no_encryption,0.0,10,,,,224,0.01,5,logs_geosciences/dataset_slices_sorted_run_0_GoogLeNet,GoogLeNet,1,,2,2,2,,geosciences,static/plots_geosciences/dataset_slices_sorted_run_0_GoogLeNet,,run_dataset_geosciences/dataset_slices_sorted_run_0_GoogLeNet,,,709.4906349182129,True,0
2,FedAvg,16,0.5857142857142857,0.43268983268983274,0.678416785739717,0.3430612244897959,0.5857142857142857,0,-1,-1,csv_geosciences/runs/20260415-214441_dataset_slices_sorted_worker_4.csv,dataset_slices_sorted,dataset/dataset_slices_sorted,cuda,5,no_encryption,0.0,10,,,,224,0.01,5,logs_geosciences/dataset_slices_sorted_run_4_GoogLeNet,GoogLeNet,1,,2,2,4,,geosciences,static/plots_geosciences/dataset_slices_sorted_run_4_GoogLeNet,,run_dataset_geosciences/dataset_slices_sorted_run_4_GoogLeNet,,,709.6467974185944,True,4
2,FedProx,16,0.5857142857142857,0.43268983268983274,0.6829321214130947,0.3430612244897959,0.5857142857142857,0,-1,-1,csv_geosciences/runs/20260415-214515_dataset_slices_sorted_worker_7.csv,dataset_slices_sorted,dataset/dataset_slices_sorted,cuda,5,no_encryption,0.05,10,,,,224,0.01,5,logs_geosciences/dataset_slices_sorted_run_7_GoogLeNet,GoogLeNet,1,,2,2,2,,geosciences,static/plots_geosciences/dataset_slices_sorted_run_7_GoogLeNet,,run_dataset_geosciences/dataset_slices_sorted_run_7_GoogLeNet,,,713.6845092773438,True,7
2,FedProx,16,0.5857142857142857,0.43268983268983274,0.6809923864546277,0.3430612244897959,0.5857142857142857,0,-1,-1,csv_geosciences/runs/20260415-214753_dataset_slices_sorted_worker_10.csv,dataset_slices_sorted,dataset/dataset_slices_sorted,cuda,5,no_encryption,0.05,10,,,,224,0.01,5,logs_geosciences/dataset_slices_sorted_run_10_GoogLeNet,GoogLeNet,1,,2,2,4,,geosciences,static/plots_geosciences/dataset_slices_sorted_run_10_GoogLeNet,,run_dataset_geosciences/dataset_slices_sorted_run_10_GoogLeNet,,,717.0658400058746,True,10
2,FedAvg,16,0.7095238095238096,0.7059388822010865,0.5734029454844338,0.7063657277522164,0.7095238095238096,8,-1,-1,csv_geosciences/runs/20260415-214949_dataset_slices_sorted_worker_1.csv,dataset_slices_sorted,dataset/dataset_slices_sorted,cuda,5,no_encryption,0.0,10,,,,224,0.001,5,logs_geosciences/dataset_slices_sorted_run_1_GoogLeNet,GoogLeNet,1,,2,2,2,,geosciences,static/plots_geosciences/dataset_slices_sorted_run_1_GoogLeNet,,run_dataset_geosciences/dataset_slices_sorted_run_1_GoogLeNet,,,707.8911557197571,True,1
2,FedProx,16,0.6952380952380952,0.6815861271015754,0.595000448964891,0.6951782306816543,0.6952380952380952,9,-1,-1,csv_geosciences/runs/20260415-215128_dataset_slices_sorted_worker_3.csv,dataset_slices_sorted,dataset/dataset_slices_sorted,cuda,5,no_encryption,0.05,10,,,,224,0.001,5,logs_geosciences/dataset_slices_sorted_run_3_GoogLeNet,GoogLeNet,1,,2,2,2,,geosciences,static/plots_geosciences/dataset_slices_sorted_run_3_GoogLeNet,,run_dataset_geosciences/dataset_slices_sorted_run_3_GoogLeNet,,,715.6587460041046,True,3
2,FedAvg,16,0.680952380952381,0.6796777899177536,0.5885048684619721,0.6791851912153862,0.680952380952381,9,-1,-1,csv_geosciences/runs/20260415-215129_dataset_slices_sorted_worker_6.csv,dataset_slices_sorted,dataset/dataset_slices_sorted,cuda,5,no_encryption,0.0,10,,,,224,0.001,5,logs_geosciences/dataset_slices_sorted_run_6_GoogLeNet,GoogLeNet,1,,2,2,4,,geosciences,static/plots_geosciences/dataset_slices_sorted_run_6_GoogLeNet,,run_dataset_geosciences/dataset_slices_sorted_run_6_GoogLeNet,,,716.7040803432465,True,6
2,FedProx,16,0.669047619047619,0.6617330676131272,0.6258867990402949,0.664505631531796,0.669047619047619,8,-1,-1,csv_geosciences/runs/20260415-215453_dataset_slices_sorted_worker_9.csv,dataset_slices_sorted,dataset/dataset_slices_sorted,cuda,5,no_encryption,0.05,10,,,,224,0.001,5,logs_geosciences/dataset_slices_sorted_run_9_GoogLeNet,GoogLeNet,1,,2,2,4,,geosciences,static/plots_geosciences/dataset_slices_sorted_run_9_GoogLeNet,,run_dataset_geosciences/dataset_slices_sorted_run_9_GoogLeNet,,,735.3537042140961,True,9
2,FedAvg,16,0.7166666666666667,0.7080388778304695,0.5753874968914758,0.7156457548087264,0.7166666666666667,9,-1,-1,csv_geosciences/runs/20260415-215530_dataset_slices_sorted_worker_0.csv,dataset_slices_sorted,dataset/dataset_slices_sorted,cuda,5,no_encryption,0.0,10,,,,224,0.0001,5,logs_geosciences/dataset_slices_sorted_run_0_GoogLeNet,GoogLeNet,1,,2,2,2,,geosciences,static/plots_geosciences/dataset_slices_sorted_run_0_GoogLeNet,,run_dataset_geosciences/dataset_slices_sorted_run_0_GoogLeNet,,,723.9650781154633,True,0
2,FedAvg,16,0.6976190476190476,0.6959614116085838,0.5819335110130764,0.6954895436127232,0.6976190476190476,9,-1,-1,csv_geosciences/runs/20260415-215657_dataset_slices_sorted_worker_4.csv,dataset_slices_sorted,dataset/dataset_slices_sorted,cuda,5,no_encryption,0.0,10,,,,224,0.0001,5,logs_geosciences/dataset_slices_sorted_run_4_GoogLeNet,GoogLeNet,1,,2,2,4,,geosciences,static/plots_geosciences/dataset_slices_sorted_run_4_GoogLeNet,,run_dataset_geosciences/dataset_slices_sorted_run_4_GoogLeNet,,,732.7498605251312,True,4
2,FedProx,16,0.680952380952381,0.6775127343227982,0.6090801846413385,0.6774334396237962,0.680952380952381,7,-1,-1,csv_geosciences/runs/20260415-215728_dataset_slices_sorted_worker_7.csv,dataset_slices_sorted,dataset/dataset_slices_sorted,cuda,5,no_encryption,0.05,10,,,,224,0.0001,5,logs_geosciences/dataset_slices_sorted_run_7_GoogLeNet,GoogLeNet,1,,2,2,2,,geosciences,static/plots_geosciences/dataset_slices_sorted_run_7_GoogLeNet,,run_dataset_geosciences/dataset_slices_sorted_run_7_GoogLeNet,,,729.9516956806183,True,7
4,FedAvg,16,0.5904761904761905,0.4384374108925007,0.6779987511180696,0.34866213151927433,0.5904761904761905,0,-1,-1,csv_geosciences/runs/20260415-215734_dataset_slices_sorted_worker_1.csv,dataset_slices_sorted,dataset/dataset_slices_sorted,cuda,5,no_encryption,0.0,10,,,,224,0.01,5,logs_geosciences/dataset_slices_sorted_run_1_GoogLeNet,GoogLeNet,1,,2,4,2,,geosciences,static/plots_geosciences/dataset_slices_sorted_run_1_GoogLeNet,,run_dataset_geosciences/dataset_slices_sorted_run_1_GoogLeNet,,,461.21664595603943,True,1
4,FedAvg,16,0.5904761904761905,0.4384374108925007,0.676936449891045,0.34866213151927433,0.5904761904761905,0,-1,-1,csv_geosciences/runs/20260415-215929_dataset_slices_sorted_worker_3.csv,dataset_slices_sorted,dataset/dataset_slices_sorted,cuda,5,no_encryption,0.0,10,,,,224,0.01,5,logs_geosciences/dataset_slices_sorted_run_3_GoogLeNet,GoogLeNet,1,,2,4,4,,geosciences,static/plots_geosciences/dataset_slices_sorted_run_3_GoogLeNet,,run_dataset_geosciences/dataset_slices_sorted_run_3_GoogLeNet,,,477.19375252723694,True,3
4,FedProx,16,0.5904761904761905,0.4384374108925007,0.6797346149172102,0.34866213151927433,0.5904761904761905,1,-1,-1,csv_geosciences/runs/20260415-215931_dataset_slices_sorted_worker_6.csv,dataset_slices_sorted,dataset/dataset_slices_sorted,cuda,5,no_encryption,0.05,10,,,,224,0.01,5,logs_geosciences/dataset_slices_sorted_run_6_GoogLeNet,GoogLeNet,1,,2,4,2,,geosciences,static/plots_geosciences/dataset_slices_sorted_run_6_GoogLeNet,,run_dataset_geosciences/dataset_slices_sorted_run_6_GoogLeNet,,,478.9941716194153,True,6
2,FedProx,16,0.6666666666666666,0.663958565699626,0.6295398697966621,0.6634601929660753,0.6666666666666666,8,-1,-1,csv_geosciences/runs/20260415-220032_dataset_slices_sorted_worker_10.csv,dataset_slices_sorted,dataset/dataset_slices_sorted,cuda,5,no_encryption,0.05,10,,,,224,0.0001,5,logs_geosciences/dataset_slices_sorted_run_10_GoogLeNet,GoogLeNet,1,,2,2,4,,geosciences,static/plots_geosciences/dataset_slices_sorted_run_10_GoogLeNet,,run_dataset_geosciences/dataset_slices_sorted_run_10_GoogLeNet,,,755.4370808601379,True,10
4,FedProx,16,0.5904761904761905,0.4384374108925007,0.6803098758061726,0.34866213151927433,0.5904761904761905,0,-1,-1,csv_geosciences/runs/20260415-220319_dataset_slices_sorted_worker_9.csv,dataset_slices_sorted,dataset/dataset_slices_sorted,cuda,5,no_encryption,0.05,10,,,,224,0.01,5,logs_geosciences/dataset_slices_sorted_run_9_GoogLeNet,GoogLeNet,1,,2,4,4,,geosciences,static/plots_geosciences/dataset_slices_sorted_run_9_GoogLeNet,,run_dataset_geosciences/dataset_slices_sorted_run_9_GoogLeNet,,,502.83946204185486,True,9
4,FedAvg,16,0.6857142857142857,0.6866097870071436,0.604932066088631,0.6900454714540176,0.6857142857142857,6,-1,-1,csv_geosciences/runs/20260415-220334_dataset_slices_sorted_worker_0.csv,dataset_slices_sorted,dataset/dataset_slices_sorted,cuda,5,no_encryption,0.0,10,,,,224,0.001,5,logs_geosciences/dataset_slices_sorted_run_0_GoogLeNet,GoogLeNet,1,,2,4,2,,geosciences,static/plots_geosciences/dataset_slices_sorted_run_0_GoogLeNet,,run_dataset_geosciences/dataset_slices_sorted_run_0_GoogLeNet,,,480.17730498313904,True,0
4,FedAvg,16,0.6571428571428571,0.6589927542275207,0.6390251064584369,0.682289252635133,0.6571428571428571,4,-1,-1,csv_geosciences/runs/20260415-220512_dataset_slices_sorted_worker_4.csv,dataset_slices_sorted,dataset/dataset_slices_sorted,cuda,5,no_encryption,0.0,10,,,,224,0.001,5,logs_geosciences/dataset_slices_sorted_run_4_GoogLeNet,GoogLeNet,1,,2,4,4,,geosciences,static/plots_geosciences/dataset_slices_sorted_run_4_GoogLeNet,,run_dataset_geosciences/dataset_slices_sorted_run_4_GoogLeNet,,,491.48464584350586,True,4
4,FedProx,16,0.6857142857142857,0.6779426262949778,0.5984674561591375,0.6816994710438359,0.6857142857142857,5,-1,-1,csv_geosciences/runs/20260415-220546_dataset_slices_sorted_worker_7.csv,dataset_slices_sorted,dataset/dataset_slices_sorted,cuda,5,no_encryption,0.05,10,,,,224,0.001,5,logs_geosciences/dataset_slices_sorted_run_7_GoogLeNet,GoogLeNet,1,,2,4,2,,geosciences,static/plots_geosciences/dataset_slices_sorted_run_7_GoogLeNet,,run_dataset_geosciences/dataset_slices_sorted_run_7_GoogLeNet,,,495.16125559806824,True,7
4,FedProx,16,0.680952380952381,0.6661469473542542,0.607053669719469,0.6794505440394489,0.680952380952381,9,-1,-1,csv_geosciences/runs/20260415-220609_dataset_slices_sorted_worker_1.csv,dataset_slices_sorted,dataset/dataset_slices_sorted,cuda,5,no_encryption,0.05,10,,,,224,0.001,5,logs_geosciences/dataset_slices_sorted_run_1_GoogLeNet,GoogLeNet,1,,2,4,4,,geosciences,static/plots_geosciences/dataset_slices_sorted_run_1_GoogLeNet,,run_dataset_geosciences/dataset_slices_sorted_run_1_GoogLeNet,,,512.0379462242126,True,1
4,FedAvg,16,0.7,0.691178542092025,0.5868880887826283,0.6956347350011733,0.7,8,-1,-1,csv_geosciences/runs/20260415-220750_dataset_slices_sorted_worker_3.csv,dataset_slices_sorted,dataset/dataset_slices_sorted,cuda,5,no_encryption,0.0,10,,,,224,0.0001,5,logs_geosciences/dataset_slices_sorted_run_3_GoogLeNet,GoogLeNet,1,,2,4,2,,geosciences,static/plots_geosciences/dataset_slices_sorted_run_3_GoogLeNet,,run_dataset_geosciences/dataset_slices_sorted_run_3_GoogLeNet,,,498.4735381603241,True,3
4,FedAvg,16,0.6619047619047619,0.6636458852553901,0.6026135535467239,0.6704655834492034,0.6619047619047619,8,-1,-1,csv_geosciences/runs/20260415-220802_dataset_slices_sorted_worker_6.csv,dataset_slices_sorted,dataset/dataset_slices_sorted,cuda,5,no_encryption,0.0,10,,,,224,0.0001,5,logs_geosciences/dataset_slices_sorted_run_6_GoogLeNet,GoogLeNet,1,,2,4,4,,geosciences,static/plots_geosciences/dataset_slices_sorted_run_6_GoogLeNet,,run_dataset_geosciences/dataset_slices_sorted_run_6_GoogLeNet,,,507.38545513153076,True,6
4,FedProx,16,0.680952380952381,0.6671406969761465,0.5945896609908059,0.6757966019809389,0.680952380952381,9,-1,-1,csv_geosciences/runs/20260415-220905_dataset_slices_sorted_worker_10.csv,dataset_slices_sorted,dataset/dataset_slices_sorted,cuda,5,no_encryption,0.05,10,,,,224,0.0001,5,logs_geosciences/dataset_slices_sorted_run_10_GoogLeNet,GoogLeNet,1,,2,4,2,,geosciences,static/plots_geosciences/dataset_slices_sorted_run_10_GoogLeNet,,run_dataset_geosciences/dataset_slices_sorted_run_10_GoogLeNet,,,510.039733171463,True,10
8,FedAvg,16,0.5849056603773585,0.4317160826594789,0.6808520454280781,0.3421146315414738,0.5849056603773585,0,-1,-1,csv_geosciences/runs/20260415-221205_dataset_slices_sorted_worker_0.csv,dataset_slices_sorted,dataset/dataset_slices_sorted,cuda,5,no_encryption,0.0,10,,,,224,0.01,5,logs_geosciences/dataset_slices_sorted_run_0_GoogLeNet,GoogLeNet,1,,2,8,2,,geosciences,static/plots_geosciences/dataset_slices_sorted_run_0_GoogLeNet,,run_dataset_geosciences/dataset_slices_sorted_run_0_GoogLeNet,,,507.991840839386,True,0
4,FedProx,16,0.6476190476190476,0.6367002047132553,0.6224882750284104,0.6416924044725276,0.6476190476190476,8,-1,-1,csv_geosciences/runs/20260415-221215_dataset_slices_sorted_worker_9.csv,dataset_slices_sorted,dataset/dataset_slices_sorted,cuda,5,no_encryption,0.05,10,,,,224,0.0001,5,logs_geosciences/dataset_slices_sorted_run_9_GoogLeNet,GoogLeNet,1,,2,4,4,,geosciences,static/plots_geosciences/dataset_slices_sorted_run_9_GoogLeNet,,run_dataset_geosciences/dataset_slices_sorted_run_9_GoogLeNet,,,532.6028130054474,True,9
8,FedAvg,16,0.5849056603773585,0.4317160826594789,0.6786666017658306,0.3421146315414738,0.5849056603773585,0,-1,-1,csv_geosciences/runs/20260415-221406_dataset_slices_sorted_worker_4.csv,dataset_slices_sorted,dataset/dataset_slices_sorted,cuda,5,no_encryption,0.0,10,,,,224,0.01,5,logs_geosciences/dataset_slices_sorted_run_4_GoogLeNet,GoogLeNet,1,,2,8,4,,geosciences,static/plots_geosciences/dataset_slices_sorted_run_4_GoogLeNet,,run_dataset_geosciences/dataset_slices_sorted_run_4_GoogLeNet,,,530.9945664405823,True,4
8,FedProx,16,0.5849056603773585,0.4317160826594789,0.6798994733758692,0.3421146315414738,0.5849056603773585,1,-1,-1,csv_geosciences/runs/20260415-221436_dataset_slices_sorted_worker_7.csv,dataset_slices_sorted,dataset/dataset_slices_sorted,cuda,5,no_encryption,0.05,10,,,,224,0.01,5,logs_geosciences/dataset_slices_sorted_run_7_GoogLeNet,GoogLeNet,1,,2,8,2,,geosciences,static/plots_geosciences/dataset_slices_sorted_run_7_GoogLeNet,,run_dataset_geosciences/dataset_slices_sorted_run_7_GoogLeNet,,,526.4288289546967,True,7
8,FedProx,16,0.5849056603773585,0.4317160826594789,0.6824403973120563,0.3421146315414738,0.5849056603773585,0,-1,-1,csv_geosciences/runs/20260415-221524_dataset_slices_sorted_worker_1.csv,dataset_slices_sorted,dataset/dataset_slices_sorted,cuda,5,no_encryption,0.05,10,,,,224,0.01,5,logs_geosciences/dataset_slices_sorted_run_1_GoogLeNet,GoogLeNet,1,,2,8,4,,geosciences,static/plots_geosciences/dataset_slices_sorted_run_1_GoogLeNet,,run_dataset_geosciences/dataset_slices_sorted_run_1_GoogLeNet,,,552.204508304596,True,1
8,FedAvg,16,0.6745283018867925,0.6746060446048323,0.6284164859438842,0.677642692126071,0.6745283018867925,5,-1,-1,csv_geosciences/runs/20260415-221629_dataset_slices_sorted_worker_3.csv,dataset_slices_sorted,dataset/dataset_slices_sorted,cuda,5,no_encryption,0.0,10,,,,224,0.001,5,logs_geosciences/dataset_slices_sorted_run_3_GoogLeNet,GoogLeNet,1,,2,8,2,,geosciences,static/plots_geosciences/dataset_slices_sorted_run_3_GoogLeNet,,run_dataset_geosciences/dataset_slices_sorted_run_3_GoogLeNet,,,516.0012710094452,True,3
8,FedAvg,16,0.660377358490566,0.6610563764439784,0.6508473389834728,0.6659961934381284,0.660377358490566,3,-1,-1,csv_geosciences/runs/20260415-221703_dataset_slices_sorted_worker_6.csv,dataset_slices_sorted,dataset/dataset_slices_sorted,cuda,5,no_encryption,0.0,10,,,,224,0.001,5,logs_geosciences/dataset_slices_sorted_run_6_GoogLeNet,GoogLeNet,1,,2,8,4,,geosciences,static/plots_geosciences/dataset_slices_sorted_run_6_GoogLeNet,,run_dataset_geosciences/dataset_slices_sorted_run_6_GoogLeNet,,,537.3028266429901,True,6
8,FedProx,16,0.6886792452830188,0.6803051929240842,0.5959312702124974,0.6871877147711234,0.6886792452830188,9,-1,-1,csv_geosciences/runs/20260415-221803_dataset_slices_sorted_worker_10.csv,dataset_slices_sorted,dataset/dataset_slices_sorted,cuda,5,no_encryption,0.05,10,,,,224,0.001,5,logs_geosciences/dataset_slices_sorted_run_10_GoogLeNet,GoogLeNet,1,,2,8,2,,geosciences,static/plots_geosciences/dataset_slices_sorted_run_10_GoogLeNet,,run_dataset_geosciences/dataset_slices_sorted_run_10_GoogLeNet,,,534.6038901805878,True,10
8,FedAvg,16,0.6650943396226415,0.6514807204690447,0.6128889007388421,0.6612591701933224,0.6650943396226415,8,-1,-1,csv_geosciences/runs/20260415-222101_dataset_slices_sorted_worker_9.csv,dataset_slices_sorted,dataset/dataset_slices_sorted,cuda,5,no_encryption,0.0,10,,,,224,0.0001,5,logs_geosciences/dataset_slices_sorted_run_9_GoogLeNet,GoogLeNet,1,,2,8,2,,geosciences,static/plots_geosciences/dataset_slices_sorted_run_9_GoogLeNet,,run_dataset_geosciences/dataset_slices_sorted_run_9_GoogLeNet,,,522.3648526668549,True,9
8,FedProx,16,0.6721698113207547,0.6671535354549895,0.6380802789386714,0.6694224773863535,0.6721698113207547,6,-1,-1,csv_geosciences/runs/20260415-222130_dataset_slices_sorted_worker_0.csv,dataset_slices_sorted,dataset/dataset_slices_sorted,cuda,5,no_encryption,0.05,10,,,,224,0.001,5,logs_geosciences/dataset_slices_sorted_run_0_GoogLeNet,GoogLeNet,1,,2,8,4,,geosciences,static/plots_geosciences/dataset_slices_sorted_run_0_GoogLeNet,,run_dataset_geosciences/dataset_slices_sorted_run_0_GoogLeNet,,,562.2182927131653,True,0
8,FedAvg,16,0.6650943396226415,0.655410934944747,0.6258960470276059,0.6594177528310472,0.6650943396226415,9,-1,-1,csv_geosciences/runs/20260415-222312_dataset_slices_sorted_worker_4.csv,dataset_slices_sorted,dataset/dataset_slices_sorted,cuda,5,no_encryption,0.0,10,,,,224,0.0001,5,logs_geosciences/dataset_slices_sorted_run_4_GoogLeNet,GoogLeNet,1,,2,8,4,,geosciences,static/plots_geosciences/dataset_slices_sorted_run_4_GoogLeNet,,run_dataset_geosciences/dataset_slices_sorted_run_4_GoogLeNet,,,542.5605292320251,True,4
8,FedProx,16,0.6650943396226415,0.6373426298183659,0.6123144867004089,0.6708771341092628,0.6650943396226415,8,-1,-1,csv_geosciences/runs/20260415-222335_dataset_slices_sorted_worker_7.csv,dataset_slices_sorted,dataset/dataset_slices_sorted,cuda,5,no_encryption,0.05,10,,,,224,0.0001,5,logs_geosciences/dataset_slices_sorted_run_7_GoogLeNet,GoogLeNet,1,,2,8,2,,geosciences,static/plots_geosciences/dataset_slices_sorted_run_7_GoogLeNet,,run_dataset_geosciences/dataset_slices_sorted_run_7_GoogLeNet,,,536.0580337047577,True,7
8,FedProx,16,0.6367924528301887,0.5899294059585964,0.632814700592239,0.6468663076959237,0.6367924528301887,9,-1,-1,csv_geosciences/runs/20260415-222458_dataset_slices_sorted_worker_1.csv,dataset_slices_sorted,dataset/dataset_slices_sorted,cuda,5,no_encryption,0.05,10,,,,224,0.0001,5,logs_geosciences/dataset_slices_sorted_run_1_GoogLeNet,GoogLeNet,1,,2,8,4,,geosciences,static/plots_geosciences/dataset_slices_sorted_run_1_GoogLeNet,,run_dataset_geosciences/dataset_slices_sorted_run_1_GoogLeNet,,,570.1088716983795,True,1
16,FedAvg,16,0.5925925925925926,0.4409991386735573,0.6913448572158813,0.3511659807956104,0.5925925925925926,0,-1,-1,csv_geosciences/runs/20260415-222703_dataset_slices_sorted_worker_3.csv,dataset_slices_sorted,dataset/dataset_slices_sorted,cuda,5,no_encryption,0.0,10,,,,224,0.01,5,logs_geosciences/dataset_slices_sorted_run_3_GoogLeNet,GoogLeNet,1,,2,16,2,,geosciences,static/plots_geosciences/dataset_slices_sorted_run_3_GoogLeNet,,run_dataset_geosciences/dataset_slices_sorted_run_3_GoogLeNet,,,630.162038564682,True,3
16,FedAvg,16,0.5925925925925926,0.4409991386735573,0.6827110979292128,0.3511659807956104,0.5925925925925926,0,-1,-1,csv_geosciences/runs/20260415-222807_dataset_slices_sorted_worker_6.csv,dataset_slices_sorted,dataset/dataset_slices_sorted,cuda,5,no_encryption,0.0,10,,,,224,0.01,5,logs_geosciences/dataset_slices_sorted_run_6_GoogLeNet,GoogLeNet,1,,2,16,4,,geosciences,static/plots_geosciences/dataset_slices_sorted_run_6_GoogLeNet,,run_dataset_geosciences/dataset_slices_sorted_run_6_GoogLeNet,,,661.2983956336975,True,6
16,FedProx,16,0.5925925925925926,0.4409991386735573,0.6914742257859972,0.3511659807956104,0.5925925925925926,0,-1,-1,csv_geosciences/runs/20260415-222841_dataset_slices_sorted_worker_10.csv,dataset_slices_sorted,dataset/dataset_slices_sorted,cuda,5,no_encryption,0.05,10,,,,224,0.01,5,logs_geosciences/dataset_slices_sorted_run_10_GoogLeNet,GoogLeNet,1,,2,16,2,,geosciences,static/plots_geosciences/dataset_slices_sorted_run_10_GoogLeNet,,run_dataset_geosciences/dataset_slices_sorted_run_10_GoogLeNet,,,634.8704700469971,True,10
16,FedAvg,16,0.6620370370370371,0.6619212161917323,0.6148296147584915,0.6921595971179949,0.6620370370370371,9,-1,-1,csv_geosciences/runs/20260415-223158_dataset_slices_sorted_worker_0.csv,dataset_slices_sorted,dataset/dataset_slices_sorted,cuda,5,no_encryption,0.0,10,,,,224,0.001,5,logs_geosciences/dataset_slices_sorted_run_0_GoogLeNet,GoogLeNet,1,,2,16,2,,geosciences,static/plots_geosciences/dataset_slices_sorted_run_0_GoogLeNet,,run_dataset_geosciences/dataset_slices_sorted_run_0_GoogLeNet,,,624.2853617668152,True,0
16,FedProx,16,0.5925925925925926,0.4409991386735573,0.6911570944443897,0.3511659807956104,0.5925925925925926,0,-1,-1,csv_geosciences/runs/20260415-223214_dataset_slices_sorted_worker_9.csv,dataset_slices_sorted,dataset/dataset_slices_sorted,cuda,5,no_encryption,0.05,10,,,,224,0.01,5,logs_geosciences/dataset_slices_sorted_run_9_GoogLeNet,GoogLeNet,1,,2,16,4,,geosciences,static/plots_geosciences/dataset_slices_sorted_run_9_GoogLeNet,,run_dataset_geosciences/dataset_slices_sorted_run_9_GoogLeNet,,,670.0551524162292,True,9
16,FedAvg,16,0.6527777777777778,0.6524944240748684,0.6511169838960524,0.6640232807920717,0.6527777777777778,6,-1,-1,csv_geosciences/runs/20260415-223408_dataset_slices_sorted_worker_4.csv,dataset_slices_sorted,dataset/dataset_slices_sorted,cuda,5,no_encryption,0.0,10,,,,224,0.001,5,logs_geosciences/dataset_slices_sorted_run_4_GoogLeNet,GoogLeNet,1,,2,16,4,,geosciences,static/plots_geosciences/dataset_slices_sorted_run_4_GoogLeNet,,run_dataset_geosciences/dataset_slices_sorted_run_4_GoogLeNet,,,652.1206119060516,True,4
16,FedProx,16,0.7037037037037037,0.6948756367027861,0.5997829536596934,0.7031928296822303,0.7037037037037037,7,-1,-1,csv_geosciences/runs/20260415-223410_dataset_slices_sorted_worker_7.csv,dataset_slices_sorted,dataset/dataset_slices_sorted,cuda,5,no_encryption,0.05,10,,,,224,0.001,5,logs_geosciences/dataset_slices_sorted_run_7_GoogLeNet,GoogLeNet,1,,2,16,2,,geosciences,static/plots_geosciences/dataset_slices_sorted_run_7_GoogLeNet,,run_dataset_geosciences/dataset_slices_sorted_run_7_GoogLeNet,,,631.5615794658661,True,7
16,FedProx,16,0.6805555555555556,0.6810113733094986,0.6166607839641748,0.7032823068362284,0.6805555555555556,9,-1,-1,csv_geosciences/runs/20260415-223638_dataset_slices_sorted_worker_1.csv,dataset_slices_sorted,dataset/dataset_slices_sorted,cuda,5,no_encryption,0.05,10,,,,224,0.001,5,logs_geosciences/dataset_slices_sorted_run_1_GoogLeNet,GoogLeNet,1,,2,16,4,,geosciences,static/plots_geosciences/dataset_slices_sorted_run_1_GoogLeNet,,run_dataset_geosciences/dataset_slices_sorted_run_1_GoogLeNet,,,697.1573333740234,True,1
16,FedAvg,16,0.6875,0.663077832089055,0.6216392271496631,0.6996422602873628,0.6875,8,-1,-1,csv_geosciences/runs/20260415-223736_dataset_slices_sorted_worker_3.csv,dataset_slices_sorted,dataset/dataset_slices_sorted,cuda,5,no_encryption,0.0,10,,,,224,0.0001,5,logs_geosciences/dataset_slices_sorted_run_3_GoogLeNet,GoogLeNet,1,,2,16,2,,geosciences,static/plots_geosciences/dataset_slices_sorted_run_3_GoogLeNet,,run_dataset_geosciences/dataset_slices_sorted_run_3_GoogLeNet,,,629.6220254898071,True,3
16,FedAvg,16,0.5949074074074074,0.4676427943113517,0.6546827866523354,0.49367086103197216,0.5949074074074074,9,-1,-1,csv_geosciences/runs/20260415-223912_dataset_slices_sorted_worker_6.csv,dataset_slices_sorted,dataset/dataset_slices_sorted,cuda,5,no_encryption,0.0,10,,,,224,0.0001,5,logs_geosciences/dataset_slices_sorted_run_6_GoogLeNet,GoogLeNet,1,,2,16,4,,geosciences,static/plots_geosciences/dataset_slices_sorted_run_6_GoogLeNet,,run_dataset_geosciences/dataset_slices_sorted_run_6_GoogLeNet,,,661.9943308830261,True,6
16,FedProx,16,0.6898148148148148,0.6524141419437257,0.6257011462692861,0.7259542449509554,0.6898148148148148,7,-1,-1,csv_geosciences/runs/20260415-223924_dataset_slices_sorted_worker_10.csv,dataset_slices_sorted,dataset/dataset_slices_sorted,cuda,5,no_encryption,0.05,10,,,,224,0.0001,5,logs_geosciences/dataset_slices_sorted_run_10_GoogLeNet,GoogLeNet,1,,2,16,2,,geosciences,static/plots_geosciences/dataset_slices_sorted_run_10_GoogLeNet,,run_dataset_geosciences/dataset_slices_sorted_run_10_GoogLeNet,,,640.4423756599426,True,10
16,FedProx,16,0.5925925925925926,0.4409991386735573,0.6770689102510611,0.3511659807956104,0.5925925925925926,0,-1,-1,csv_geosciences/runs/20260415-224319_dataset_slices_sorted_worker_0.csv,dataset_slices_sorted,dataset/dataset_slices_sorted,cuda,5,no_encryption,0.05,10,,,,224,0.0001,5,logs_geosciences/dataset_slices_sorted_run_0_GoogLeNet,GoogLeNet,1,,2,16,4,,geosciences,static/plots_geosciences/dataset_slices_sorted_run_0_GoogLeNet,,run_dataset_geosciences/dataset_slices_sorted_run_0_GoogLeNet,,,678.1524274349213,True,0
32,FedProx,16,0.5727069351230425,0.4171339473352896,0.6928758253187142,0.32804779113503946,0.5727069351230425,0,-1,-1,csv_geosciences/runs/20260415-224527_dataset_slices_sorted_worker_7.csv,dataset_slices_sorted,dataset/dataset_slices_sorted,cuda,5,no_encryption,0.05,10,,,,224,0.01,5,logs_geosciences/dataset_slices_sorted_run_7_GoogLeNet,GoogLeNet,1,,2,32,2,,geosciences,static/plots_geosciences/dataset_slices_sorted_run_7_GoogLeNet,,run_dataset_geosciences/dataset_slices_sorted_run_7_GoogLeNet,,,674.1768403053284,True,7
32,FedAvg,16,0.5727069351230425,0.4171339473352896,0.6825428931771775,0.32804779113503946,0.5727069351230425,1,-1,-1,csv_geosciences/runs/20260415-224603_dataset_slices_sorted_worker_9.csv,dataset_slices_sorted,dataset/dataset_slices_sorted,cuda,5,no_encryption,0.0,10,,,,224,0.01,5,logs_geosciences/dataset_slices_sorted_run_9_GoogLeNet,GoogLeNet,1,,2,32,2,,geosciences,static/plots_geosciences/dataset_slices_sorted_run_9_GoogLeNet,,run_dataset_geosciences/dataset_slices_sorted_run_9_GoogLeNet,,,825.4761078357697,True,9
32,FedAvg,16,0.5727069351230425,0.4171339473352896,0.682688406649852,0.32804779113503946,0.5727069351230425,1,-1,-1,csv_geosciences/runs/20260415-224835_dataset_slices_sorted_worker_4.csv,dataset_slices_sorted,dataset/dataset_slices_sorted,cuda,5,no_encryption,0.0,10,,,,224,0.01,5,logs_geosciences/dataset_slices_sorted_run_4_GoogLeNet,GoogLeNet,1,,2,32,4,,geosciences,static/plots_geosciences/dataset_slices_sorted_run_4_GoogLeNet,,run_dataset_geosciences/dataset_slices_sorted_run_4_GoogLeNet,,,864.7677550315857,True,4
32,FedProx,16,0.5727069351230425,0.4171339473352896,0.6827941956936113,0.32804779113503946,0.5727069351230425,1,-1,-1,csv_geosciences/runs/20260415-224851_dataset_slices_sorted_worker_1.csv,dataset_slices_sorted,dataset/dataset_slices_sorted,cuda,5,no_encryption,0.05,10,,,,224,0.01,5,logs_geosciences/dataset_slices_sorted_run_1_GoogLeNet,GoogLeNet,1,,2,32,4,,geosciences,static/plots_geosciences/dataset_slices_sorted_run_1_GoogLeNet,,run_dataset_geosciences/dataset_slices_sorted_run_1_GoogLeNet,,,729.4160125255585,True,1
32,FedAvg,16,0.6465324384787472,0.6319868430430069,0.658006806101575,0.645884962663486,0.6465324384787472,6,-1,-1,csv_geosciences/runs/20260415-225104_dataset_slices_sorted_worker_3.csv,dataset_slices_sorted,dataset/dataset_slices_sorted,cuda,5,no_encryption,0.0,10,,,,224,0.001,5,logs_geosciences/dataset_slices_sorted_run_3_GoogLeNet,GoogLeNet,1,,2,32,2,,geosciences,static/plots_geosciences/dataset_slices_sorted_run_3_GoogLeNet,,run_dataset_geosciences/dataset_slices_sorted_run_3_GoogLeNet,,,804.4264919757843,True,3
32,FedProx,16,0.6644295302013423,0.6499080174252115,0.628484850495187,0.6731483902624842,0.6644295302013423,9,-1,-1,csv_geosciences/runs/20260415-225243_dataset_slices_sorted_worker_10.csv,dataset_slices_sorted,dataset/dataset_slices_sorted,cuda,5,no_encryption,0.05,10,,,,224,0.001,5,logs_geosciences/dataset_slices_sorted_run_10_GoogLeNet,GoogLeNet,1,,2,32,2,,geosciences,static/plots_geosciences/dataset_slices_sorted_run_10_GoogLeNet,,run_dataset_geosciences/dataset_slices_sorted_run_10_GoogLeNet,,,795.3920485973358,True,10
32,FedAvg,16,0.6085011185682326,0.5986129424022913,0.6678295678207005,0.6050877906582605,0.6085011185682326,9,-1,-1,csv_geosciences/runs/20260415-225306_dataset_slices_sorted_worker_6.csv,dataset_slices_sorted,dataset/dataset_slices_sorted,cuda,5,no_encryption,0.0,10,,,,224,0.001,5,logs_geosciences/dataset_slices_sorted_run_6_GoogLeNet,GoogLeNet,1,,2,32,4,,geosciences,static/plots_geosciences/dataset_slices_sorted_run_6_GoogLeNet,,run_dataset_geosciences/dataset_slices_sorted_run_6_GoogLeNet,,,830.0172135829926,True,6
32,FedProx,16,0.6308724832214765,0.6207376589137348,0.6440884581614927,0.6386132013648791,0.6308724832214765,9,-1,-1,csv_geosciences/runs/20260415-225728_dataset_slices_sorted_worker_0.csv,dataset_slices_sorted,dataset/dataset_slices_sorted,cuda,5,no_encryption,0.05,10,,,,224,0.001,5,logs_geosciences/dataset_slices_sorted_run_0_GoogLeNet,GoogLeNet,1,,2,32,4,,geosciences,static/plots_geosciences/dataset_slices_sorted_run_0_GoogLeNet,,run_dataset_geosciences/dataset_slices_sorted_run_0_GoogLeNet,,,845.8877394199371,True,0
32,FedAvg,16,0.5950782997762863,0.5052984471211246,0.6549021731020354,0.5562958294501918,0.5950782997762863,9,-1,-1,csv_geosciences/runs/20260415-225809_dataset_slices_sorted_worker_7.csv,dataset_slices_sorted,dataset/dataset_slices_sorted,cuda,5,no_encryption,0.0,10,,,,224,0.0001,5,logs_geosciences/dataset_slices_sorted_run_7_GoogLeNet,GoogLeNet,1,,2,32,2,,geosciences,static/plots_geosciences/dataset_slices_sorted_run_7_GoogLeNet,,run_dataset_geosciences/dataset_slices_sorted_run_7_GoogLeNet,,,758.4290452003479,True,7
32,FedAvg,16,0.5727069351230425,0.4171339473352896,0.681907060162333,0.32804779113503946,0.5727069351230425,0,-1,-1,csv_geosciences/runs/20260415-225953_dataset_slices_sorted_worker_9.csv,dataset_slices_sorted,dataset/dataset_slices_sorted,cuda,5,no_encryption,0.0,10,,,,224,0.0001,5,logs_geosciences/dataset_slices_sorted_run_9_GoogLeNet,GoogLeNet,1,,2,32,4,,geosciences,static/plots_geosciences/dataset_slices_sorted_run_9_GoogLeNet,,run_dataset_geosciences/dataset_slices_sorted_run_9_GoogLeNet,,,826.3644261360168,True,9
32,FedProx,16,0.6286353467561522,0.5695526355717101,0.644085148970286,0.6421465186565858,0.6286353467561522,9,-1,-1,csv_geosciences/runs/20260415-230113_dataset_slices_sorted_worker_4.csv,dataset_slices_sorted,dataset/dataset_slices_sorted,cuda,5,no_encryption,0.05,10,,,,224,0.0001,5,logs_geosciences/dataset_slices_sorted_run_4_GoogLeNet,GoogLeNet,1,,2,32,2,,geosciences,static/plots_geosciences/dataset_slices_sorted_run_4_GoogLeNet,,run_dataset_geosciences/dataset_slices_sorted_run_4_GoogLeNet,,,754.4187285900116,True,4
32,FedProx,16,0.5727069351230425,0.4171339473352896,0.6891884697096993,0.32804779113503946,0.5727069351230425,0,-1,-1,csv_geosciences/runs/20260415-230231_dataset_slices_sorted_worker_1.csv,dataset_slices_sorted,dataset/dataset_slices_sorted,cuda,5,no_encryption,0.05,10,,,,224,0.0001,5,logs_geosciences/dataset_slices_sorted_run_1_GoogLeNet,GoogLeNet,1,,2,32,4,,geosciences,static/plots_geosciences/dataset_slices_sorted_run_1_GoogLeNet,,run_dataset_geosciences/dataset_slices_sorted_run_1_GoogLeNet,,,817.2137422561646,True,1
2,FedAvg,16,0.5857142857142857,0.43268983268983274,0.6783844698043097,0.3430612244897959,0.5857142857142857,0,-1,-1,csv_geosciences/runs/20260415-231158_dataset_slices_sorted_worker_3.csv,dataset_slices_sorted,dataset/dataset_slices_sorted,cuda,5,no_encryption,0.0,10,,,,224,0.01,10,logs_geosciences/dataset_slices_sorted_run_3_GoogLeNet,GoogLeNet,1,,2,2,2,,geosciences,static/plots_geosciences/dataset_slices_sorted_run_3_GoogLeNet,,run_dataset_geosciences/dataset_slices_sorted_run_3_GoogLeNet,,,1251.193508863449,True,3
2,FedAvg,16,0.5857142857142857,0.43268983268983274,0.6784332797640846,0.3430612244897959,0.5857142857142857,0,-1,-1,csv_geosciences/runs/20260415-231338_dataset_slices_sorted_worker_10.csv,dataset_slices_sorted,dataset/dataset_slices_sorted,cuda,5,no_encryption,0.0,10,,,,224,0.01,10,logs_geosciences/dataset_slices_sorted_run_10_GoogLeNet,GoogLeNet,1,,2,2,4,,geosciences,static/plots_geosciences/dataset_slices_sorted_run_10_GoogLeNet,,run_dataset_geosciences/dataset_slices_sorted_run_10_GoogLeNet,,,1251.2108039855957,True,10
2,FedProx,16,0.5857142857142857,0.4527379180585872,0.6836730088506426,0.5341818280710342,0.5857142857142857,0,-1,-1,csv_geosciences/runs/20260415-231413_dataset_slices_sorted_worker_6.csv,dataset_slices_sorted,dataset/dataset_slices_sorted,cuda,5,no_encryption,0.05,10,,,,224,0.01,10,logs_geosciences/dataset_slices_sorted_run_6_GoogLeNet,GoogLeNet,1,,2,2,2,,geosciences,static/plots_geosciences/dataset_slices_sorted_run_6_GoogLeNet,,run_dataset_geosciences/dataset_slices_sorted_run_6_GoogLeNet,,,1264.054203748703,True,6
2,FedProx,16,0.5857142857142857,0.43268983268983274,0.6792226848148164,0.3430612244897959,0.5857142857142857,0,-1,-1,csv_geosciences/runs/20260415-231841_dataset_slices_sorted_worker_0.csv,dataset_slices_sorted,dataset/dataset_slices_sorted,cuda,5,no_encryption,0.05,10,,,,224,0.01,10,logs_geosciences/dataset_slices_sorted_run_0_GoogLeNet,GoogLeNet,1,,2,2,4,,geosciences,static/plots_geosciences/dataset_slices_sorted_run_0_GoogLeNet,,run_dataset_geosciences/dataset_slices_sorted_run_0_GoogLeNet,,,1269.3871493339539,True,0
2,FedAvg,16,0.7452380952380953,0.7438736065947004,0.5115505317846935,0.7435673038050171,0.7452380952380953,7,-1,-1,csv_geosciences/runs/20260415-231848_dataset_slices_sorted_worker_7.csv,dataset_slices_sorted,dataset/dataset_slices_sorted,cuda,5,no_encryption,0.0,10,,,,224,0.001,10,logs_geosciences/dataset_slices_sorted_run_7_GoogLeNet,GoogLeNet,1,,2,2,2,,geosciences,static/plots_geosciences/dataset_slices_sorted_run_7_GoogLeNet,,run_dataset_geosciences/dataset_slices_sorted_run_7_GoogLeNet,,,1235.471578836441,True,7
2,FedAvg,16,0.6857142857142857,0.6869171320528922,0.5891174248286656,0.6895522660818713,0.6857142857142857,8,-1,-1,csv_geosciences/runs/20260415-232043_dataset_slices_sorted_worker_9.csv,dataset_slices_sorted,dataset/dataset_slices_sorted,cuda,5,no_encryption,0.0,10,,,,224,0.001,10,logs_geosciences/dataset_slices_sorted_run_9_GoogLeNet,GoogLeNet,1,,2,2,4,,geosciences,static/plots_geosciences/dataset_slices_sorted_run_9_GoogLeNet,,run_dataset_geosciences/dataset_slices_sorted_run_9_GoogLeNet,,,1247.118667602539,True,9
2,FedProx,16,0.7023809523809523,0.6921225957056552,0.5627890288829803,0.7010045110017302,0.7023809523809523,8,-1,-1,csv_geosciences/runs/20260415-232222_dataset_slices_sorted_worker_4.csv,dataset_slices_sorted,dataset/dataset_slices_sorted,cuda,5,no_encryption,0.05,10,,,,224,0.001,10,logs_geosciences/dataset_slices_sorted_run_4_GoogLeNet,GoogLeNet,1,,2,2,2,,geosciences,static/plots_geosciences/dataset_slices_sorted_run_4_GoogLeNet,,run_dataset_geosciences/dataset_slices_sorted_run_4_GoogLeNet,,,1265.345742225647,True,4
2,FedProx,16,0.6428571428571429,0.6178703122810129,0.6328761387439001,0.6385221461308417,0.6428571428571429,9,-1,-1,csv_geosciences/runs/20260415-232345_dataset_slices_sorted_worker_1.csv,dataset_slices_sorted,dataset/dataset_slices_sorted,cuda,5,no_encryption,0.05,10,,,,224,0.001,10,logs_geosciences/dataset_slices_sorted_run_1_GoogLeNet,GoogLeNet,1,,2,2,4,,geosciences,static/plots_geosciences/dataset_slices_sorted_run_1_GoogLeNet,,run_dataset_geosciences/dataset_slices_sorted_run_1_GoogLeNet,,,1271.1923372745514,True,1
4,FedAvg,16,0.5904761904761905,0.4384374108925007,0.6768105575016566,0.34866213151927433,0.5904761904761905,0,-1,-1,csv_geosciences/runs/20260415-233153_dataset_slices_sorted_worker_7.csv,dataset_slices_sorted,dataset/dataset_slices_sorted,cuda,5,no_encryption,0.0,10,,,,224,0.01,10,logs_geosciences/dataset_slices_sorted_run_7_GoogLeNet,GoogLeNet,1,,2,4,2,,geosciences,static/plots_geosciences/dataset_slices_sorted_run_7_GoogLeNet,,run_dataset_geosciences/dataset_slices_sorted_run_7_GoogLeNet,,,781.7038705348969,True,7
2,FedAvg,16,0.7404761904761905,0.7378069863616179,0.5173485964536667,0.7382782004962456,0.7404761904761905,9,-1,-1,csv_geosciences/runs/20260415-233311_dataset_slices_sorted_worker_3.csv,dataset_slices_sorted,dataset/dataset_slices_sorted,cuda,5,no_encryption,0.0,10,,,,224,0.0001,10,logs_geosciences/dataset_slices_sorted_run_3_GoogLeNet,GoogLeNet,1,,2,2,2,,geosciences,static/plots_geosciences/dataset_slices_sorted_run_3_GoogLeNet,,run_dataset_geosciences/dataset_slices_sorted_run_3_GoogLeNet,,,1270.3430526256561,True,3
4,FedAvg,16,0.5904761904761905,0.4384374108925007,0.6766854961713155,0.34866213151927433,0.5904761904761905,0,-1,-1,csv_geosciences/runs/20260415-233402_dataset_slices_sorted_worker_9.csv,dataset_slices_sorted,dataset/dataset_slices_sorted,cuda,5,no_encryption,0.0,10,,,,224,0.01,10,logs_geosciences/dataset_slices_sorted_run_9_GoogLeNet,GoogLeNet,1,,2,4,4,,geosciences,static/plots_geosciences/dataset_slices_sorted_run_9_GoogLeNet,,run_dataset_geosciences/dataset_slices_sorted_run_9_GoogLeNet,,,794.835871219635,True,9
2,FedAvg,16,0.7380952380952381,0.7370489320220366,0.525087126663753,0.7368597231725513,0.7380952380952381,8,-1,-1,csv_geosciences/runs/20260415-233522_dataset_slices_sorted_worker_10.csv,dataset_slices_sorted,dataset/dataset_slices_sorted,cuda,5,no_encryption,0.0,10,,,,224,0.0001,10,logs_geosciences/dataset_slices_sorted_run_10_GoogLeNet,GoogLeNet,1,,2,2,4,,geosciences,static/plots_geosciences/dataset_slices_sorted_run_10_GoogLeNet,,run_dataset_geosciences/dataset_slices_sorted_run_10_GoogLeNet,,,1301.3056359291077,True,10
4,FedProx,16,0.5904761904761905,0.4384374108925007,0.6864193280537924,0.34866213151927433,0.5904761904761905,0,-1,-1,csv_geosciences/runs/20260415-233556_dataset_slices_sorted_worker_4.csv,dataset_slices_sorted,dataset/dataset_slices_sorted,cuda,5,no_encryption,0.05,10,,,,224,0.01,10,logs_geosciences/dataset_slices_sorted_run_4_GoogLeNet,GoogLeNet,1,,2,4,2,,geosciences,static/plots_geosciences/dataset_slices_sorted_run_4_GoogLeNet,,run_dataset_geosciences/dataset_slices_sorted_run_4_GoogLeNet,,,811.3609781265259,True,4
2,FedProx,16,0.7119047619047619,0.7119276809352928,0.5800795370624179,0.7130205263746163,0.7119047619047619,8,-1,-1,csv_geosciences/runs/20260415-233606_dataset_slices_sorted_worker_6.csv,dataset_slices_sorted,dataset/dataset_slices_sorted,cuda,5,no_encryption,0.05,10,,,,224,0.0001,10,logs_geosciences/dataset_slices_sorted_run_6_GoogLeNet,GoogLeNet,1,,2,2,2,,geosciences,static/plots_geosciences/dataset_slices_sorted_run_6_GoogLeNet,,run_dataset_geosciences/dataset_slices_sorted_run_6_GoogLeNet,,,1309.9608614444733,True,6
4,FedProx,16,0.5904761904761905,0.4384374108925007,0.6785655793689546,0.34866213151927433,0.5904761904761905,0,-1,-1,csv_geosciences/runs/20260415-233746_dataset_slices_sorted_worker_1.csv,dataset_slices_sorted,dataset/dataset_slices_sorted,cuda,5,no_encryption,0.05,10,,,,224,0.01,10,logs_geosciences/dataset_slices_sorted_run_1_GoogLeNet,GoogLeNet,1,,2,4,4,,geosciences,static/plots_geosciences/dataset_slices_sorted_run_1_GoogLeNet,,run_dataset_geosciences/dataset_slices_sorted_run_1_GoogLeNet,,,837.2624492645264,True,1
2,FedProx,16,0.6857142857142857,0.6860021866470131,0.6016937698636736,0.6871936363197761,0.6857142857142857,9,-1,-1,csv_geosciences/runs/20260415-234119_dataset_slices_sorted_worker_0.csv,dataset_slices_sorted,dataset/dataset_slices_sorted,cuda,5,no_encryption,0.05,10,,,,224,0.0001,10,logs_geosciences/dataset_slices_sorted_run_0_GoogLeNet,GoogLeNet,1,,2,2,4,,geosciences,static/plots_geosciences/dataset_slices_sorted_run_0_GoogLeNet,,run_dataset_geosciences/dataset_slices_sorted_run_0_GoogLeNet,,,1354.614427804947,True,0
4,FedAvg,16,0.7285714285714285,0.7295777466423703,0.5385207725422723,0.7315780936916838,0.7285714285714285,9,-1,-1,csv_geosciences/runs/20260415-234540_dataset_slices_sorted_worker_7.csv,dataset_slices_sorted,dataset/dataset_slices_sorted,cuda,5,no_encryption,0.0,10,,,,224,0.001,10,logs_geosciences/dataset_slices_sorted_run_7_GoogLeNet,GoogLeNet,1,,2,4,2,,geosciences,static/plots_geosciences/dataset_slices_sorted_run_7_GoogLeNet,,run_dataset_geosciences/dataset_slices_sorted_run_7_GoogLeNet,,,823.9541208744049,True,7
4,FedAvg,16,0.6928571428571428,0.6933778993459915,0.5779824215741385,0.6968474739194658,0.6928571428571428,9,-1,-1,csv_geosciences/runs/20260415-234717_dataset_slices_sorted_worker_3.csv,dataset_slices_sorted,dataset/dataset_slices_sorted,cuda,5,no_encryption,0.0,10,,,,224,0.001,10,logs_geosciences/dataset_slices_sorted_run_3_GoogLeNet,GoogLeNet,1,,2,4,4,,geosciences,static/plots_geosciences/dataset_slices_sorted_run_3_GoogLeNet,,run_dataset_geosciences/dataset_slices_sorted_run_3_GoogLeNet,,,842.5786619186401,True,3
4,FedProx,16,0.7119047619047619,0.7024616125103115,0.5650992047219049,0.7098447871607836,0.7119047619047619,8,-1,-1,csv_geosciences/runs/20260415-234827_dataset_slices_sorted_worker_9.csv,dataset_slices_sorted,dataset/dataset_slices_sorted,cuda,5,no_encryption,0.05,10,,,,224,0.001,10,logs_geosciences/dataset_slices_sorted_run_9_GoogLeNet,GoogLeNet,1,,2,4,2,,geosciences,static/plots_geosciences/dataset_slices_sorted_run_9_GoogLeNet,,run_dataset_geosciences/dataset_slices_sorted_run_9_GoogLeNet,,,862.5577607154846,True,9
4,FedProx,16,0.6833333333333333,0.6664143051923915,0.5956999807130723,0.6805680948997712,0.6833333333333333,9,-1,-1,csv_geosciences/runs/20260415-235011_dataset_slices_sorted_worker_10.csv,dataset_slices_sorted,dataset/dataset_slices_sorted,cuda,5,no_encryption,0.05,10,,,,224,0.001,10,logs_geosciences/dataset_slices_sorted_run_10_GoogLeNet,GoogLeNet,1,,2,4,4,,geosciences,static/plots_geosciences/dataset_slices_sorted_run_10_GoogLeNet,,run_dataset_geosciences/dataset_slices_sorted_run_10_GoogLeNet,,,885.3576369285583,True,10
4,FedAvg,16,0.7119047619047619,0.7046805339884074,0.5591144229684557,0.7093063743808816,0.7119047619047619,7,-1,-1,csv_geosciences/runs/20260415-235017_dataset_slices_sorted_worker_4.csv,dataset_slices_sorted,dataset/dataset_slices_sorted,cuda,5,no_encryption,0.0,10,,,,224,0.0001,10,logs_geosciences/dataset_slices_sorted_run_4_GoogLeNet,GoogLeNet,1,,2,4,2,,geosciences,static/plots_geosciences/dataset_slices_sorted_run_4_GoogLeNet,,run_dataset_geosciences/dataset_slices_sorted_run_4_GoogLeNet,,,857.9601120948792,True,4
4,FedAvg,16,0.6976190476190476,0.6983521455117222,0.5563059344178154,0.7009603351155346,0.6976190476190476,8,-1,-1,csv_geosciences/runs/20260415-235042_dataset_slices_sorted_worker_6.csv,dataset_slices_sorted,dataset/dataset_slices_sorted,cuda,5,no_encryption,0.0,10,,,,224,0.0001,10,logs_geosciences/dataset_slices_sorted_run_6_GoogLeNet,GoogLeNet,1,,2,4,4,,geosciences,static/plots_geosciences/dataset_slices_sorted_run_6_GoogLeNet,,run_dataset_geosciences/dataset_slices_sorted_run_6_GoogLeNet,,,872.4420390129089,True,6
4,FedProx,16,0.7119047619047619,0.7075221618852984,0.571349210256622,0.7088574288583595,0.7119047619047619,8,-1,-1,csv_geosciences/runs/20260415-235234_dataset_slices_sorted_worker_1.csv,dataset_slices_sorted,dataset/dataset_slices_sorted,cuda,5,no_encryption,0.05,10,,,,224,0.0001,10,logs_geosciences/dataset_slices_sorted_run_1_GoogLeNet,GoogLeNet,1,,2,4,2,,geosciences,static/plots_geosciences/dataset_slices_sorted_run_1_GoogLeNet,,run_dataset_geosciences/dataset_slices_sorted_run_1_GoogLeNet,,,884.4802091121674,True,1
4,FedProx,16,0.6738095238095239,0.6730490808789641,0.5998974605685189,0.6734507450183665,0.6738095238095239,7,-1,-1,csv_geosciences/runs/20260415-235644_dataset_slices_sorted_worker_0.csv,dataset_slices_sorted,dataset/dataset_slices_sorted,cuda,5,no_encryption,0.05,10,,,,224,0.0001,10,logs_geosciences/dataset_slices_sorted_run_0_GoogLeNet,GoogLeNet,1,,2,4,4,,geosciences,static/plots_geosciences/dataset_slices_sorted_run_0_GoogLeNet,,run_dataset_geosciences/dataset_slices_sorted_run_0_GoogLeNet,,,921.8580062389374,True,0
8,FedAvg,16,0.5849056603773585,0.4317160826594789,0.6818846475403264,0.3421146315414738,0.5849056603773585,0,-1,-1,csv_geosciences/runs/20260416-000009_dataset_slices_sorted_worker_7.csv,dataset_slices_sorted,dataset/dataset_slices_sorted,cuda,5,no_encryption,0.0,10,,,,224,0.01,10,logs_geosciences/dataset_slices_sorted_run_7_GoogLeNet,GoogLeNet,1,,2,8,2,,geosciences,static/plots_geosciences/dataset_slices_sorted_run_7_GoogLeNet,,run_dataset_geosciences/dataset_slices_sorted_run_7_GoogLeNet,,,865.8684332370758,True,7
8,FedAvg,16,0.5849056603773585,0.4317160826594789,0.6786646415602486,0.3421146315414738,0.5849056603773585,0,-1,-1,csv_geosciences/runs/20260416-000211_dataset_slices_sorted_worker_3.csv,dataset_slices_sorted,dataset/dataset_slices_sorted,cuda,5,no_encryption,0.0,10,,,,224,0.01,10,logs_geosciences/dataset_slices_sorted_run_3_GoogLeNet,GoogLeNet,1,,2,8,4,,geosciences,static/plots_geosciences/dataset_slices_sorted_run_3_GoogLeNet,,run_dataset_geosciences/dataset_slices_sorted_run_3_GoogLeNet,,,890.3423058986664,True,3
8,FedProx,16,0.5849056603773585,0.4317160826594789,0.690071203798618,0.3421146315414738,0.5849056603773585,0,-1,-1,csv_geosciences/runs/20260416-000337_dataset_slices_sorted_worker_9.csv,dataset_slices_sorted,dataset/dataset_slices_sorted,cuda,5,no_encryption,0.05,10,,,,224,0.01,10,logs_geosciences/dataset_slices_sorted_run_9_GoogLeNet,GoogLeNet,1,,2,8,2,,geosciences,static/plots_geosciences/dataset_slices_sorted_run_9_GoogLeNet,,run_dataset_geosciences/dataset_slices_sorted_run_9_GoogLeNet,,,905.833845615387,True,9
8,FedAvg,16,0.6933962264150944,0.6929602649402146,0.613803763153418,0.6950337911541759,0.6933962264150944,4,-1,-1,csv_geosciences/runs/20260416-000503_dataset_slices_sorted_worker_4.csv,dataset_slices_sorted,dataset/dataset_slices_sorted,cuda,5,no_encryption,0.0,10,,,,224,0.001,10,logs_geosciences/dataset_slices_sorted_run_4_GoogLeNet,GoogLeNet,1,,2,8,2,,geosciences,static/plots_geosciences/dataset_slices_sorted_run_4_GoogLeNet,,run_dataset_geosciences/dataset_slices_sorted_run_4_GoogLeNet,,,882.051833152771,True,4
8,FedAvg,16,0.6485849056603774,0.6487096347922517,0.6302126052104077,0.6711237405656978,0.6485849056603774,8,-1,-1,csv_geosciences/runs/20260416-000545_dataset_slices_sorted_worker_6.csv,dataset_slices_sorted,dataset/dataset_slices_sorted,cuda,5,no_encryption,0.0,10,,,,224,0.001,10,logs_geosciences/dataset_slices_sorted_run_6_GoogLeNet,GoogLeNet,1,,2,8,4,,geosciences,static/plots_geosciences/dataset_slices_sorted_run_6_GoogLeNet,,run_dataset_geosciences/dataset_slices_sorted_run_6_GoogLeNet,,,899.55118060112,True,6
8,FedProx,16,0.5849056603773585,0.4317160826594789,0.6803775294771734,0.3421146315414738,0.5849056603773585,0,-1,-1,csv_geosciences/runs/20260416-000552_dataset_slices_sorted_worker_10.csv,dataset_slices_sorted,dataset/dataset_slices_sorted,cuda,5,no_encryption,0.05,10,,,,224,0.01,10,logs_geosciences/dataset_slices_sorted_run_10_GoogLeNet,GoogLeNet,1,,2,8,4,,geosciences,static/plots_geosciences/dataset_slices_sorted_run_10_GoogLeNet,,run_dataset_geosciences/dataset_slices_sorted_run_10_GoogLeNet,,,938.3780324459076,True,10
8,FedProx,16,0.7051886792452831,0.7019446421408039,0.5808687050528122,0.704491041265066,0.7051886792452831,8,-1,-1,csv_geosciences/runs/20260416-000749_dataset_slices_sorted_worker_1.csv,dataset_slices_sorted,dataset/dataset_slices_sorted,cuda,5,no_encryption,0.05,10,,,,224,0.001,10,logs_geosciences/dataset_slices_sorted_run_1_GoogLeNet,GoogLeNet,1,,2,8,2,,geosciences,static/plots_geosciences/dataset_slices_sorted_run_1_GoogLeNet,,run_dataset_geosciences/dataset_slices_sorted_run_1_GoogLeNet,,,912.6431171894073,True,1
8,FedProx,16,0.6627358490566038,0.6624849910451434,0.6062243718583629,0.6639228317248609,0.6627358490566038,7,-1,-1,csv_geosciences/runs/20260416-001229_dataset_slices_sorted_worker_0.csv,dataset_slices_sorted,dataset/dataset_slices_sorted,cuda,5,no_encryption,0.05,10,,,,224,0.001,10,logs_geosciences/dataset_slices_sorted_run_0_GoogLeNet,GoogLeNet,1,,2,8,4,,geosciences,static/plots_geosciences/dataset_slices_sorted_run_0_GoogLeNet,,run_dataset_geosciences/dataset_slices_sorted_run_0_GoogLeNet,,,941.7820281982422,True,0
8,FedAvg,16,0.6981132075471698,0.689724815516279,0.5926257443596732,0.6955261696264019,0.6981132075471698,8,-1,-1,csv_geosciences/runs/20260416-001455_dataset_slices_sorted_worker_7.csv,dataset_slices_sorted,dataset/dataset_slices_sorted,cuda,5,no_encryption,0.0,10,,,,224,0.0001,10,logs_geosciences/dataset_slices_sorted_run_7_GoogLeNet,GoogLeNet,1,,2,8,2,,geosciences,static/plots_geosciences/dataset_slices_sorted_run_7_GoogLeNet,,run_dataset_geosciences/dataset_slices_sorted_run_7_GoogLeNet,,,883.4726207256317,True,7
8,FedAvg,16,0.6792452830188679,0.6772817965654326,0.6007813489380872,0.6779714214570417,0.6792452830188679,7,-1,-1,csv_geosciences/runs/20260416-001724_dataset_slices_sorted_worker_3.csv,dataset_slices_sorted,dataset/dataset_slices_sorted,cuda,5,no_encryption,0.0,10,,,,224,0.0001,10,logs_geosciences/dataset_slices_sorted_run_3_GoogLeNet,GoogLeNet,1,,2,8,4,,geosciences,static/plots_geosciences/dataset_slices_sorted_run_3_GoogLeNet,,run_dataset_geosciences/dataset_slices_sorted_run_3_GoogLeNet,,,910.2747089862823,True,3
8,FedProx,16,0.6933962264150944,0.6874416332029021,0.5933993742010504,0.691312039283135,0.6933962264150944,8,-1,-1,csv_geosciences/runs/20260416-001854_dataset_slices_sorted_worker_9.csv,dataset_slices_sorted,dataset/dataset_slices_sorted,cuda,5,no_encryption,0.05,10,,,,224,0.0001,10,logs_geosciences/dataset_slices_sorted_run_9_GoogLeNet,GoogLeNet,1,,2,8,2,,geosciences,static/plots_geosciences/dataset_slices_sorted_run_9_GoogLeNet,,run_dataset_geosciences/dataset_slices_sorted_run_9_GoogLeNet,,,914.1233320236206,True,9
8,FedProx,16,0.6627358490566038,0.6445497746840643,0.6169309876156304,0.6629388360636642,0.6627358490566038,9,-1,-1,csv_geosciences/runs/20260416-002052_dataset_slices_sorted_worker_4.csv,dataset_slices_sorted,dataset/dataset_slices_sorted,cuda,5,no_encryption,0.05,10,,,,224,0.0001,10,logs_geosciences/dataset_slices_sorted_run_4_GoogLeNet,GoogLeNet,1,,2,8,4,,geosciences,static/plots_geosciences/dataset_slices_sorted_run_4_GoogLeNet,,run_dataset_geosciences/dataset_slices_sorted_run_4_GoogLeNet,,,945.9441719055176,True,4
16,FedAvg,16,0.5925925925925926,0.4409991386735573,0.6894034964066965,0.3511659807956104,0.5925925925925926,0,-1,-1,csv_geosciences/runs/20260416-002235_dataset_slices_sorted_worker_6.csv,dataset_slices_sorted,dataset/dataset_slices_sorted,cuda,5,no_encryption,0.0,10,,,,224,0.01,10,logs_geosciences/dataset_slices_sorted_run_6_GoogLeNet,GoogLeNet,1,,2,16,2,,geosciences,static/plots_geosciences/dataset_slices_sorted_run_6_GoogLeNet,,run_dataset_geosciences/dataset_slices_sorted_run_6_GoogLeNet,,,1006.9821157455444,True,6
16,FedAvg,16,0.5925925925925926,0.4409991386735573,0.678308489146056,0.3511659807956104,0.5925925925925926,0,-1,-1,csv_geosciences/runs/20260416-002310_dataset_slices_sorted_worker_10.csv,dataset_slices_sorted,dataset/dataset_slices_sorted,cuda,5,no_encryption,0.0,10,,,,224,0.01,10,logs_geosciences/dataset_slices_sorted_run_10_GoogLeNet,GoogLeNet,1,,2,16,4,,geosciences,static/plots_geosciences/dataset_slices_sorted_run_10_GoogLeNet,,run_dataset_geosciences/dataset_slices_sorted_run_10_GoogLeNet,,,1034.727190732956,True,10
16,FedProx,16,0.5925925925925926,0.4409991386735573,0.6770141786999173,0.3511659807956104,0.5925925925925926,1,-1,-1,csv_geosciences/runs/20260416-002502_dataset_slices_sorted_worker_1.csv,dataset_slices_sorted,dataset/dataset_slices_sorted,cuda,5,no_encryption,0.05,10,,,,224,0.01,10,logs_geosciences/dataset_slices_sorted_run_1_GoogLeNet,GoogLeNet,1,,2,16,2,,geosciences,static/plots_geosciences/dataset_slices_sorted_run_1_GoogLeNet,,run_dataset_geosciences/dataset_slices_sorted_run_1_GoogLeNet,,,1029.3822865486145,True,1
16,FedProx,16,0.5925925925925926,0.4409991386735573,0.6886172072479019,0.3511659807956104,0.5925925925925926,0,-1,-1,csv_geosciences/runs/20260416-003023_dataset_slices_sorted_worker_0.csv,dataset_slices_sorted,dataset/dataset_slices_sorted,cuda,5,no_encryption,0.05,10,,,,224,0.01,10,logs_geosciences/dataset_slices_sorted_run_0_GoogLeNet,GoogLeNet,1,,2,16,4,,geosciences,static/plots_geosciences/dataset_slices_sorted_run_0_GoogLeNet,,run_dataset_geosciences/dataset_slices_sorted_run_0_GoogLeNet,,,1070.74147939682,True,0
16,FedAvg,16,0.6921296296296297,0.692607458261194,0.624163992702961,0.7051202564682958,0.6921296296296297,3,-1,-1,csv_geosciences/runs/20260416-003133_dataset_slices_sorted_worker_7.csv,dataset_slices_sorted,dataset/dataset_slices_sorted,cuda,5,no_encryption,0.0,10,,,,224,0.001,10,logs_geosciences/dataset_slices_sorted_run_7_GoogLeNet,GoogLeNet,1,,2,16,2,,geosciences,static/plots_geosciences/dataset_slices_sorted_run_7_GoogLeNet,,run_dataset_geosciences/dataset_slices_sorted_run_7_GoogLeNet,,,994.6697719097137,True,7
16,FedAvg,16,0.5902777777777778,0.5637881570797103,0.6686843679183059,0.7100836662679515,0.5902777777777778,6,-1,-1,csv_geosciences/runs/20260416-003439_dataset_slices_sorted_worker_3.csv,dataset_slices_sorted,dataset/dataset_slices_sorted,cuda,5,no_encryption,0.0,10,,,,224,0.001,10,logs_geosciences/dataset_slices_sorted_run_3_GoogLeNet,GoogLeNet,1,,2,16,4,,geosciences,static/plots_geosciences/dataset_slices_sorted_run_3_GoogLeNet,,run_dataset_geosciences/dataset_slices_sorted_run_3_GoogLeNet,,,1031.094976425171,True,3
16,FedProx,16,0.7152777777777778,0.7133117067978781,0.5785275460393341,0.7190597060286602,0.7152777777777778,8,-1,-1,csv_geosciences/runs/20260416-003549_dataset_slices_sorted_worker_9.csv,dataset_slices_sorted,dataset/dataset_slices_sorted,cuda,5,no_encryption,0.05,10,,,,224,0.001,10,logs_geosciences/dataset_slices_sorted_run_9_GoogLeNet,GoogLeNet,1,,2,16,2,,geosciences,static/plots_geosciences/dataset_slices_sorted_run_9_GoogLeNet,,run_dataset_geosciences/dataset_slices_sorted_run_9_GoogLeNet,,,1011.7179882526398,True,9
16,FedProx,16,0.7129629629629629,0.7103138555733259,0.5970967461665472,0.7160762082798331,0.7129629629629629,6,-1,-1,csv_geosciences/runs/20260416-003833_dataset_slices_sorted_worker_4.csv,dataset_slices_sorted,dataset/dataset_slices_sorted,cuda,5,no_encryption,0.05,10,,,,224,0.001,10,logs_geosciences/dataset_slices_sorted_run_4_GoogLeNet,GoogLeNet,1,,2,16,4,,geosciences,static/plots_geosciences/dataset_slices_sorted_run_4_GoogLeNet,,run_dataset_geosciences/dataset_slices_sorted_run_4_GoogLeNet,,,1057.6430954933167,True,4
16,FedAvg,16,0.6990740740740741,0.6762554139650374,0.5945358341214834,0.7201589015296745,0.6990740740740741,9,-1,-1,csv_geosciences/runs/20260416-003900_dataset_slices_sorted_worker_6.csv,dataset_slices_sorted,dataset/dataset_slices_sorted,cuda,5,no_encryption,0.0,10,,,,224,0.0001,10,logs_geosciences/dataset_slices_sorted_run_6_GoogLeNet,GoogLeNet,1,,2,16,2,,geosciences,static/plots_geosciences/dataset_slices_sorted_run_6_GoogLeNet,,run_dataset_geosciences/dataset_slices_sorted_run_6_GoogLeNet,,,981.4132790565491,True,6
16,FedAvg,16,0.6828703703703703,0.6708771484957643,0.6051540883878866,0.6863048362089984,0.6828703703703703,9,-1,-1,csv_geosciences/runs/20260416-004025_dataset_slices_sorted_worker_10.csv,dataset_slices_sorted,dataset/dataset_slices_sorted,cuda,5,no_encryption,0.0,10,,,,224,0.0001,10,logs_geosciences/dataset_slices_sorted_run_10_GoogLeNet,GoogLeNet,1,,2,16,4,,geosciences,static/plots_geosciences/dataset_slices_sorted_run_10_GoogLeNet,,run_dataset_geosciences/dataset_slices_sorted_run_10_GoogLeNet,,,1031.154138326645,True,10
16,FedProx,16,0.7060185185185185,0.6904223759578293,0.5970519803188465,0.7108778100554417,0.7060185185185185,8,-1,-1,csv_geosciences/runs/20260416-004200_dataset_slices_sorted_worker_1.csv,dataset_slices_sorted,dataset/dataset_slices_sorted,cuda,5,no_encryption,0.05,10,,,,224,0.0001,10,logs_geosciences/dataset_slices_sorted_run_1_GoogLeNet,GoogLeNet,1,,2,16,2,,geosciences,static/plots_geosciences/dataset_slices_sorted_run_1_GoogLeNet,,run_dataset_geosciences/dataset_slices_sorted_run_1_GoogLeNet,,,1014.5677585601807,True,1
16,FedProx,16,0.6759259259259259,0.6358014227784394,0.6180317759237908,0.6995328762086008,0.6759259259259259,9,-1,-1,csv_geosciences/runs/20260416-004752_dataset_slices_sorted_worker_0.csv,dataset_slices_sorted,dataset/dataset_slices_sorted,cuda,5,no_encryption,0.05,10,,,,224,0.0001,10,logs_geosciences/dataset_slices_sorted_run_0_GoogLeNet,GoogLeNet,1,,2,16,4,,geosciences,static/plots_geosciences/dataset_slices_sorted_run_0_GoogLeNet,,run_dataset_geosciences/dataset_slices_sorted_run_0_GoogLeNet,,,1045.5369157791138,True,0
32,FedAvg,16,0.5727069351230425,0.4171339473352896,0.6886039942969678,0.32804779113503946,0.5727069351230425,0,-1,-1,csv_geosciences/runs/20260416-004937_dataset_slices_sorted_worker_3.csv,dataset_slices_sorted,dataset/dataset_slices_sorted,cuda,5,no_encryption,0.0,10,,,,224,0.01,10,logs_geosciences/dataset_slices_sorted_run_3_GoogLeNet,GoogLeNet,1,,2,32,4,,geosciences,static/plots_geosciences/dataset_slices_sorted_run_3_GoogLeNet,,run_dataset_geosciences/dataset_slices_sorted_run_3_GoogLeNet,,,894.5643920898438,True,3
32,FedAvg,16,0.5727069351230425,0.4171339473352896,0.6898449635345664,0.32804779113503946,0.5727069351230425,0,-1,-1,csv_geosciences/runs/20260416-005111_dataset_slices_sorted_worker_7.csv,dataset_slices_sorted,dataset/dataset_slices_sorted,cuda,5,no_encryption,0.0,10,,,,224,0.01,10,logs_geosciences/dataset_slices_sorted_run_7_GoogLeNet,GoogLeNet,1,,2,32,2,,geosciences,static/plots_geosciences/dataset_slices_sorted_run_7_GoogLeNet,,run_dataset_geosciences/dataset_slices_sorted_run_7_GoogLeNet,,,1174.666048526764,True,7
32,FedProx,16,0.5727069351230425,0.4171339473352896,0.6908360270312435,0.32804779113503946,0.5727069351230425,0,-1,-1,csv_geosciences/runs/20260416-005312_dataset_slices_sorted_worker_9.csv,dataset_slices_sorted,dataset/dataset_slices_sorted,cuda,5,no_encryption,0.05,10,,,,224,0.01,10,logs_geosciences/dataset_slices_sorted_run_9_GoogLeNet,GoogLeNet,1,,2,32,2,,geosciences,static/plots_geosciences/dataset_slices_sorted_run_9_GoogLeNet,,run_dataset_geosciences/dataset_slices_sorted_run_9_GoogLeNet,,,1040.1075117588043,True,9
32,FedAvg,16,0.6465324384787472,0.637283166661686,0.6384223847581236,0.6594261567415931,0.6465324384787472,4,-1,-1,csv_geosciences/runs/20260416-005825_dataset_slices_sorted_worker_6.csv,dataset_slices_sorted,dataset/dataset_slices_sorted,cuda,5,no_encryption,0.0,10,,,,224,0.001,10,logs_geosciences/dataset_slices_sorted_run_6_GoogLeNet,GoogLeNet,1,,2,32,2,,geosciences,static/plots_geosciences/dataset_slices_sorted_run_6_GoogLeNet,,run_dataset_geosciences/dataset_slices_sorted_run_6_GoogLeNet,,,1161.9858219623566,True,6
32,FedAvg,16,0.610738255033557,0.6067668355697945,0.6636391862126805,0.6236621568836334,0.610738255033557,3,-1,-1,csv_geosciences/runs/20260416-010041_dataset_slices_sorted_worker_10.csv,dataset_slices_sorted,dataset/dataset_slices_sorted,cuda,5,no_encryption,0.0,10,,,,224,0.001,10,logs_geosciences/dataset_slices_sorted_run_10_GoogLeNet,GoogLeNet,1,,2,32,4,,geosciences,static/plots_geosciences/dataset_slices_sorted_run_10_GoogLeNet,,run_dataset_geosciences/dataset_slices_sorted_run_10_GoogLeNet,,,1213.6280446052551,True,10
32,FedProx,16,0.5727069351230425,0.4171339473352896,0.6882307920146575,0.32804779113503946,0.5727069351230425,0,-1,-1,csv_geosciences/runs/20260416-010045_dataset_slices_sorted_worker_4.csv,dataset_slices_sorted,dataset/dataset_slices_sorted,cuda,5,no_encryption,0.05,10,,,,224,0.01,10,logs_geosciences/dataset_slices_sorted_run_4_GoogLeNet,GoogLeNet,1,,2,32,4,,geosciences,static/plots_geosciences/dataset_slices_sorted_run_4_GoogLeNet,,run_dataset_geosciences/dataset_slices_sorted_run_4_GoogLeNet,,,1328.9669342041016,True,4
32,FedProx,16,0.6823266219239373,0.6700579598848762,0.6034179164525914,0.6908813284652211,0.6823266219239373,9,-1,-1,csv_geosciences/runs/20260416-010136_dataset_slices_sorted_worker_1.csv,dataset_slices_sorted,dataset/dataset_slices_sorted,cuda,5,no_encryption,0.05,10,,,,224,0.001,10,logs_geosciences/dataset_slices_sorted_run_1_GoogLeNet,GoogLeNet,1,,2,32,2,,geosciences,static/plots_geosciences/dataset_slices_sorted_run_1_GoogLeNet,,run_dataset_geosciences/dataset_slices_sorted_run_1_GoogLeNet,,,1173.468729019165,True,1
32,FedProx,16,0.6465324384787472,0.641349288829913,0.628279910924984,0.6641067110865769,0.6465324384787472,8,-1,-1,csv_geosciences/runs/20260416-010812_dataset_slices_sorted_worker_0.csv,dataset_slices_sorted,dataset/dataset_slices_sorted,cuda,5,no_encryption,0.05,10,,,,224,0.001,10,logs_geosciences/dataset_slices_sorted_run_0_GoogLeNet,GoogLeNet,1,,2,32,4,,geosciences,static/plots_geosciences/dataset_slices_sorted_run_0_GoogLeNet,,run_dataset_geosciences/dataset_slices_sorted_run_0_GoogLeNet,,,1216.8406007289886,True,0
32,FedAvg,16,0.639821029082774,0.6152046709820932,0.6347446501655066,0.6444057806473913,0.639821029082774,9,-1,-1,csv_geosciences/runs/20260416-010901_dataset_slices_sorted_worker_3.csv,dataset_slices_sorted,dataset/dataset_slices_sorted,cuda,5,no_encryption,0.0,10,,,,224,0.0001,10,logs_geosciences/dataset_slices_sorted_run_3_GoogLeNet,GoogLeNet,1,,2,32,2,,geosciences,static/plots_geosciences/dataset_slices_sorted_run_3_GoogLeNet,,run_dataset_geosciences/dataset_slices_sorted_run_3_GoogLeNet,,,1160.73748087883,True,3
2,FedAvg,16,0.5857142857142857,0.43268983268983274,0.6812841931978861,0.3430612244897959,0.5857142857142857,0,-1,-1,csv_geosciences/runs/20260416-010939_dataset_slices_sorted_worker_10.csv,dataset_slices_sorted,dataset/dataset_slices_sorted,cuda,5,no_encryption,0.0,20,,,,224,0.01,1,logs_geosciences/dataset_slices_sorted_run_10_GoogLeNet,GoogLeNet,1,,2,2,2,,geosciences,static/plots_geosciences/dataset_slices_sorted_run_10_GoogLeNet,,run_dataset_geosciences/dataset_slices_sorted_run_10_GoogLeNet,,,534.2389400005341,True,10
2,FedAvg,16,0.5857142857142857,0.43268983268983274,0.6792258103688558,0.3430612244897959,0.5857142857142857,0,-1,-1,csv_geosciences/runs/20260416-010953_dataset_slices_sorted_worker_4.csv,dataset_slices_sorted,dataset/dataset_slices_sorted,cuda,5,no_encryption,0.0,20,,,,224,0.01,1,logs_geosciences/dataset_slices_sorted_run_4_GoogLeNet,GoogLeNet,1,,2,2,4,,geosciences,static/plots_geosciences/dataset_slices_sorted_run_4_GoogLeNet,,run_dataset_geosciences/dataset_slices_sorted_run_4_GoogLeNet,,,544.4625551700592,True,4
2,FedProx,16,0.5857142857142857,0.43268983268983274,0.6702180853911809,0.3430612244897959,0.5857142857142857,1,-1,-1,csv_geosciences/runs/20260416-011038_dataset_slices_sorted_worker_1.csv,dataset_slices_sorted,dataset/dataset_slices_sorted,cuda,5,no_encryption,0.05,20,,,,224,0.01,1,logs_geosciences/dataset_slices_sorted_run_1_GoogLeNet,GoogLeNet,1,,2,2,2,,geosciences,static/plots_geosciences/dataset_slices_sorted_run_1_GoogLeNet,,run_dataset_geosciences/dataset_slices_sorted_run_1_GoogLeNet,,,538.4318685531616,True,1
32,FedAvg,16,0.5727069351230425,0.4171339473352896,0.6824451083571585,0.32804779113503946,0.5727069351230425,0,-1,-1,csv_geosciences/runs/20260416-011041_dataset_slices_sorted_worker_7.csv,dataset_slices_sorted,dataset/dataset_slices_sorted,cuda,5,no_encryption,0.0,10,,,,224,0.0001,10,logs_geosciences/dataset_slices_sorted_run_7_GoogLeNet,GoogLeNet,1,,2,32,4,,geosciences,static/plots_geosciences/dataset_slices_sorted_run_7_GoogLeNet,,run_dataset_geosciences/dataset_slices_sorted_run_7_GoogLeNet,,,1166.540297985077,True,7
32,FedProx,16,0.6219239373601789,0.5641475418232748,0.6339609530948153,0.60479118197239,0.6219239373601789,8,-1,-1,csv_geosciences/runs/20260416-011216_dataset_slices_sorted_worker_9.csv,dataset_slices_sorted,dataset/dataset_slices_sorted,cuda,5,no_encryption,0.05,10,,,,224,0.0001,10,logs_geosciences/dataset_slices_sorted_run_9_GoogLeNet,GoogLeNet,1,,2,32,2,,geosciences,static/plots_geosciences/dataset_slices_sorted_run_9_GoogLeNet,,run_dataset_geosciences/dataset_slices_sorted_run_9_GoogLeNet,,,1140.658374786377,True,9
2,FedProx,16,0.5857142857142857,0.43268983268983274,0.6876408710366204,0.3430612244897959,0.5857142857142857,0,-1,-1,csv_geosciences/runs/20260416-011710_dataset_slices_sorted_worker_0.csv,dataset_slices_sorted,dataset/dataset_slices_sorted,cuda,5,no_encryption,0.05,20,,,,224,0.01,1,logs_geosciences/dataset_slices_sorted_run_0_GoogLeNet,GoogLeNet,1,,2,2,4,,geosciences,static/plots_geosciences/dataset_slices_sorted_run_0_GoogLeNet,,run_dataset_geosciences/dataset_slices_sorted_run_0_GoogLeNet,,,534.9681577682495,True,0
2,FedAvg,16,0.6642857142857143,0.6644265756399934,0.6351679319427127,0.6646413425716909,0.6642857142857143,9,-1,-1,csv_geosciences/runs/20260416-011746_dataset_slices_sorted_worker_3.csv,dataset_slices_sorted,dataset/dataset_slices_sorted,cuda,5,no_encryption,0.0,20,,,,224,0.001,1,logs_geosciences/dataset_slices_sorted_run_3_GoogLeNet,GoogLeNet,1,,2,2,2,,geosciences,static/plots_geosciences/dataset_slices_sorted_run_3_GoogLeNet,,run_dataset_geosciences/dataset_slices_sorted_run_3_GoogLeNet,,,522.2613656520844,True,3
32,FedProx,16,0.5749440715883669,0.4278266848736647,0.6623339849030412,0.36280125541870506,0.5749440715883669,9,-1,-1,csv_geosciences/runs/20260416-011749_dataset_slices_sorted_worker_6.csv,dataset_slices_sorted,dataset/dataset_slices_sorted,cuda,5,no_encryption,0.05,10,,,,224,0.0001,10,logs_geosciences/dataset_slices_sorted_run_6_GoogLeNet,GoogLeNet,1,,2,32,4,,geosciences,static/plots_geosciences/dataset_slices_sorted_run_6_GoogLeNet,,run_dataset_geosciences/dataset_slices_sorted_run_6_GoogLeNet,,,1161.1578719615936,True,6
2,FedAvg,16,0.6785714285714286,0.6727450409209604,0.6286775282451085,0.675346246620645,0.6785714285714286,18,-1,-1,csv_geosciences/runs/20260416-011824_dataset_slices_sorted_worker_10.csv,dataset_slices_sorted,dataset/dataset_slices_sorted,cuda,5,no_encryption,0.0,20,,,,224,0.001,1,logs_geosciences/dataset_slices_sorted_run_10_GoogLeNet,GoogLeNet,1,,2,2,4,,geosciences,static/plots_geosciences/dataset_slices_sorted_run_10_GoogLeNet,,run_dataset_geosciences/dataset_slices_sorted_run_10_GoogLeNet,,,521.3008596897125,True,10
2,FedProx,16,0.6952380952380952,0.6908791012908659,0.614754886570431,0.6919669023739987,0.6952380952380952,19,-1,-1,csv_geosciences/runs/20260416-011837_dataset_slices_sorted_worker_4.csv,dataset_slices_sorted,dataset/dataset_slices_sorted,cuda,5,no_encryption,0.05,20,,,,224,0.001,1,logs_geosciences/dataset_slices_sorted_run_4_GoogLeNet,GoogLeNet,1,,2,2,2,,geosciences,static/plots_geosciences/dataset_slices_sorted_run_4_GoogLeNet,,run_dataset_geosciences/dataset_slices_sorted_run_4_GoogLeNet,,,520.8949704170227,True,4
2,FedAvg,16,0.680952380952381,0.6723318409722894,0.6274111336185819,0.6777253448750054,0.680952380952381,14,-1,-1,csv_geosciences/runs/20260416-011923_dataset_slices_sorted_worker_7.csv,dataset_slices_sorted,dataset/dataset_slices_sorted,cuda,5,no_encryption,0.0,20,,,,224,0.0001,1,logs_geosciences/dataset_slices_sorted_run_7_GoogLeNet,GoogLeNet,1,,2,2,2,,geosciences,static/plots_geosciences/dataset_slices_sorted_run_7_GoogLeNet,,run_dataset_geosciences/dataset_slices_sorted_run_7_GoogLeNet,,,518.3335521221161,True,7
2,FedProx,16,0.65,0.6488751635566276,0.6334028888316382,0.6481904174779668,0.65,16,-1,-1,csv_geosciences/runs/20260416-011932_dataset_slices_sorted_worker_1.csv,dataset_slices_sorted,dataset/dataset_slices_sorted,cuda,5,no_encryption,0.05,20,,,,224,0.001,1,logs_geosciences/dataset_slices_sorted_run_1_GoogLeNet,GoogLeNet,1,,2,2,4,,geosciences,static/plots_geosciences/dataset_slices_sorted_run_1_GoogLeNet,,run_dataset_geosciences/dataset_slices_sorted_run_1_GoogLeNet,,,530.4721918106079,True,1
2,FedAvg,16,0.6523809523809524,0.6510832327667615,0.637000032265981,0.6502977270684697,0.6523809523809524,19,-1,-1,csv_geosciences/runs/20260416-012113_dataset_slices_sorted_worker_9.csv,dataset_slices_sorted,dataset/dataset_slices_sorted,cuda,5,no_encryption,0.0,20,,,,224,0.0001,1,logs_geosciences/dataset_slices_sorted_run_9_GoogLeNet,GoogLeNet,1,,2,2,4,,geosciences,static/plots_geosciences/dataset_slices_sorted_run_9_GoogLeNet,,run_dataset_geosciences/dataset_slices_sorted_run_9_GoogLeNet,,,533.7235019207001,True,9
4,FedAvg,16,0.5904761904761905,0.4384374108925007,0.6926067636126564,0.34866213151927433,0.5904761904761905,0,-1,-1,csv_geosciences/runs/20260416-012409_dataset_slices_sorted_worker_6.csv,dataset_slices_sorted,dataset/dataset_slices_sorted,cuda,5,no_encryption,0.0,20,,,,224,0.01,1,logs_geosciences/dataset_slices_sorted_run_6_GoogLeNet,GoogLeNet,1,,2,4,2,,geosciences,static/plots_geosciences/dataset_slices_sorted_run_6_GoogLeNet,,run_dataset_geosciences/dataset_slices_sorted_run_6_GoogLeNet,,,375.84390234947205,True,6
4,FedAvg,16,0.5904761904761905,0.4384374108925007,0.6891365854513077,0.34866213151927433,0.5904761904761905,0,-1,-1,csv_geosciences/runs/20260416-012454_dataset_slices_sorted_worker_10.csv,dataset_slices_sorted,dataset/dataset_slices_sorted,cuda,5,no_encryption,0.0,20,,,,224,0.01,1,logs_geosciences/dataset_slices_sorted_run_10_GoogLeNet,GoogLeNet,1,,2,4,4,,geosciences,static/plots_geosciences/dataset_slices_sorted_run_10_GoogLeNet,,run_dataset_geosciences/dataset_slices_sorted_run_10_GoogLeNet,,,386.7295205593109,True,10
4,FedProx,16,0.47619047619047616,0.47154610995177815,0.6933349285806928,0.510256283991647,0.47619047619047616,0,-1,-1,csv_geosciences/runs/20260416-012504_dataset_slices_sorted_worker_4.csv,dataset_slices_sorted,dataset/dataset_slices_sorted,cuda,5,no_encryption,0.05,20,,,,224,0.01,1,logs_geosciences/dataset_slices_sorted_run_4_GoogLeNet,GoogLeNet,1,,2,4,2,,geosciences,static/plots_geosciences/dataset_slices_sorted_run_4_GoogLeNet,,run_dataset_geosciences/dataset_slices_sorted_run_4_GoogLeNet,,,383.4681508541107,True,4
4,FedAvg,16,0.6476190476190476,0.6496568321137471,0.6378241209756761,0.6688371688693762,0.6476190476190476,15,-1,-1,csv_geosciences/runs/20260416-012601_dataset_slices_sorted_worker_1.csv,dataset_slices_sorted,dataset/dataset_slices_sorted,cuda,5,no_encryption,0.0,20,,,,224,0.001,1,logs_geosciences/dataset_slices_sorted_run_1_GoogLeNet,GoogLeNet,1,,2,4,2,,geosciences,static/plots_geosciences/dataset_slices_sorted_run_1_GoogLeNet,,run_dataset_geosciences/dataset_slices_sorted_run_1_GoogLeNet,,,386.0321877002716,True,1
4,FedProx,16,0.5904761904761905,0.4384374108925007,0.690318281451861,0.34866213151927433,0.5904761904761905,0,-1,-1,csv_geosciences/runs/20260416-012608_dataset_slices_sorted_worker_7.csv,dataset_slices_sorted,dataset/dataset_slices_sorted,cuda,5,no_encryption,0.05,20,,,,224,0.01,1,logs_geosciences/dataset_slices_sorted_run_7_GoogLeNet,GoogLeNet,1,,2,4,4,,geosciences,static/plots_geosciences/dataset_slices_sorted_run_7_GoogLeNet,,run_dataset_geosciences/dataset_slices_sorted_run_7_GoogLeNet,,,402.61386346817017,True,7
2,FedProx,16,0.6738095238095239,0.6669306723245919,0.6215172512190682,0.6692105372856031,0.6738095238095239,19,-1,-1,csv_geosciences/runs/20260416-012628_dataset_slices_sorted_worker_0.csv,dataset_slices_sorted,dataset/dataset_slices_sorted,cuda,5,no_encryption,0.05,20,,,,224,0.0001,1,logs_geosciences/dataset_slices_sorted_run_0_GoogLeNet,GoogLeNet,1,,2,2,2,,geosciences,static/plots_geosciences/dataset_slices_sorted_run_0_GoogLeNet,,run_dataset_geosciences/dataset_slices_sorted_run_0_GoogLeNet,,,554.7578837871552,True,0
2,FedProx,16,0.6476190476190476,0.6445633582612348,0.6444936794894082,0.6455616916106118,0.6476190476190476,18,-1,-1,csv_geosciences/runs/20260416-012714_dataset_slices_sorted_worker_3.csv,dataset_slices_sorted,dataset/dataset_slices_sorted,cuda,5,no_encryption,0.05,20,,,,224,0.0001,1,logs_geosciences/dataset_slices_sorted_run_3_GoogLeNet,GoogLeNet,1,,2,2,4,,geosciences,static/plots_geosciences/dataset_slices_sorted_run_3_GoogLeNet,,run_dataset_geosciences/dataset_slices_sorted_run_3_GoogLeNet,,,565.15287733078,True,3
4,FedAvg,16,0.6595238095238095,0.6578434186810688,0.6195109614304134,0.6620959398667433,0.6595238095238095,19,-1,-1,csv_geosciences/runs/20260416-012754_dataset_slices_sorted_worker_9.csv,dataset_slices_sorted,dataset/dataset_slices_sorted,cuda,5,no_encryption,0.0,20,,,,224,0.001,1,logs_geosciences/dataset_slices_sorted_run_9_GoogLeNet,GoogLeNet,1,,2,4,4,,geosciences,static/plots_geosciences/dataset_slices_sorted_run_9_GoogLeNet,,run_dataset_geosciences/dataset_slices_sorted_run_9_GoogLeNet,,,398.0044391155243,True,9
4,FedProx,16,0.6714285714285714,0.6699620629235586,0.6041199543646404,0.6712826895326895,0.6714285714285714,17,-1,-1,csv_geosciences/runs/20260416-013046_dataset_slices_sorted_worker_6.csv,dataset_slices_sorted,dataset/dataset_slices_sorted,cuda,5,no_encryption,0.05,20,,,,224,0.001,1,logs_geosciences/dataset_slices_sorted_run_6_GoogLeNet,GoogLeNet,1,,2,4,2,,geosciences,static/plots_geosciences/dataset_slices_sorted_run_6_GoogLeNet,,run_dataset_geosciences/dataset_slices_sorted_run_6_GoogLeNet,,,393.9180574417114,True,6
4,FedAvg,16,0.6761904761904762,0.6528286960506083,0.6098270763953527,0.6796311552781829,0.6761904761904762,18,-1,-1,csv_geosciences/runs/20260416-013141_dataset_slices_sorted_worker_4.csv,dataset_slices_sorted,dataset/dataset_slices_sorted,cuda,5,no_encryption,0.0,20,,,,224,0.0001,1,logs_geosciences/dataset_slices_sorted_run_4_GoogLeNet,GoogLeNet,1,,2,4,2,,geosciences,static/plots_geosciences/dataset_slices_sorted_run_4_GoogLeNet,,run_dataset_geosciences/dataset_slices_sorted_run_4_GoogLeNet,,,394.0388355255127,True,4
4,FedProx,16,0.6571428571428571,0.6550762615535726,0.6337440502075922,0.6557939931249921,0.6571428571428571,17,-1,-1,csv_geosciences/runs/20260416-013144_dataset_slices_sorted_worker_10.csv,dataset_slices_sorted,dataset/dataset_slices_sorted,cuda,5,no_encryption,0.05,20,,,,224,0.001,1,logs_geosciences/dataset_slices_sorted_run_10_GoogLeNet,GoogLeNet,1,,2,4,4,,geosciences,static/plots_geosciences/dataset_slices_sorted_run_10_GoogLeNet,,run_dataset_geosciences/dataset_slices_sorted_run_10_GoogLeNet,,,406.8673646450043,True,10
4,FedProx,16,0.6738095238095239,0.6639939754260091,0.6236768265565237,0.6701532962573036,0.6738095238095239,18,-1,-1,csv_geosciences/runs/20260416-013245_dataset_slices_sorted_worker_7.csv,dataset_slices_sorted,dataset/dataset_slices_sorted,cuda,5,no_encryption,0.05,20,,,,224,0.0001,1,logs_geosciences/dataset_slices_sorted_run_7_GoogLeNet,GoogLeNet,1,,2,4,2,,geosciences,static/plots_geosciences/dataset_slices_sorted_run_7_GoogLeNet,,run_dataset_geosciences/dataset_slices_sorted_run_7_GoogLeNet,,,393.07355761528015,True,7
4,FedAvg,16,0.6357142857142857,0.6070154945099259,0.6494006639435178,0.6249417400548583,0.6357142857142857,18,-1,-1,csv_geosciences/runs/20260416-013249_dataset_slices_sorted_worker_1.csv,dataset_slices_sorted,dataset/dataset_slices_sorted,cuda,5,no_encryption,0.0,20,,,,224,0.0001,1,logs_geosciences/dataset_slices_sorted_run_1_GoogLeNet,GoogLeNet,1,,2,4,4,,geosciences,static/plots_geosciences/dataset_slices_sorted_run_1_GoogLeNet,,run_dataset_geosciences/dataset_slices_sorted_run_1_GoogLeNet,,,404.76133918762207,True,1
4,FedProx,16,0.5904761904761905,0.4622709098356768,0.6551786150251117,0.554997974709766,0.5904761904761905,19,-1,-1,csv_geosciences/runs/20260416-013324_dataset_slices_sorted_worker_0.csv,dataset_slices_sorted,dataset/dataset_slices_sorted,cuda,5,no_encryption,0.05,20,,,,224,0.0001,1,logs_geosciences/dataset_slices_sorted_run_0_GoogLeNet,GoogLeNet,1,,2,4,4,,geosciences,static/plots_geosciences/dataset_slices_sorted_run_0_GoogLeNet,,run_dataset_geosciences/dataset_slices_sorted_run_0_GoogLeNet,,,412.3833611011505,True,0
8,FedAvg,16,0.5849056603773585,0.4317160826594789,0.6911052859054422,0.3421146315414738,0.5849056603773585,0,-1,-1,csv_geosciences/runs/20260416-013434_dataset_slices_sorted_worker_3.csv,dataset_slices_sorted,dataset/dataset_slices_sorted,cuda,5,no_encryption,0.0,20,,,,224,0.01,1,logs_geosciences/dataset_slices_sorted_run_3_GoogLeNet,GoogLeNet,1,,2,8,2,,geosciences,static/plots_geosciences/dataset_slices_sorted_run_3_GoogLeNet,,run_dataset_geosciences/dataset_slices_sorted_run_3_GoogLeNet,,,436.03251671791077,True,3
8,FedAvg,16,0.5849056603773585,0.4317160826594789,0.6807453182508361,0.3421146315414738,0.5849056603773585,0,-1,-1,csv_geosciences/runs/20260416-013540_dataset_slices_sorted_worker_9.csv,dataset_slices_sorted,dataset/dataset_slices_sorted,cuda,5,no_encryption,0.0,20,,,,224,0.01,1,logs_geosciences/dataset_slices_sorted_run_9_GoogLeNet,GoogLeNet,1,,2,8,4,,geosciences,static/plots_geosciences/dataset_slices_sorted_run_9_GoogLeNet,,run_dataset_geosciences/dataset_slices_sorted_run_9_GoogLeNet,,,462.8429386615753,True,9
8,FedProx,16,0.5849056603773585,0.4317160826594789,0.6867581099834082,0.3421146315414738,0.5849056603773585,0,-1,-1,csv_geosciences/runs/20260416-013815_dataset_slices_sorted_worker_6.csv,dataset_slices_sorted,dataset/dataset_slices_sorted,cuda,5,no_encryption,0.05,20,,,,224,0.01,1,logs_geosciences/dataset_slices_sorted_run_6_GoogLeNet,GoogLeNet,1,,2,8,2,,geosciences,static/plots_geosciences/dataset_slices_sorted_run_6_GoogLeNet,,run_dataset_geosciences/dataset_slices_sorted_run_6_GoogLeNet,,,446.4464497566223,True,6
8,FedAvg,16,0.6580188679245284,0.651068210323363,0.646144059750269,0.6541538741965495,0.6580188679245284,14,-1,-1,csv_geosciences/runs/20260416-013906_dataset_slices_sorted_worker_10.csv,dataset_slices_sorted,dataset/dataset_slices_sorted,cuda,5,no_encryption,0.0,20,,,,224,0.001,1,logs_geosciences/dataset_slices_sorted_run_10_GoogLeNet,GoogLeNet,1,,2,8,2,,geosciences,static/plots_geosciences/dataset_slices_sorted_run_10_GoogLeNet,,run_dataset_geosciences/dataset_slices_sorted_run_10_GoogLeNet,,,438.7797191143036,True,10
8,FedProx,16,0.5849056603773585,0.4317160826594789,0.6920183783151069,0.3421146315414738,0.5849056603773585,0,-1,-1,csv_geosciences/runs/20260416-013938_dataset_slices_sorted_worker_4.csv,dataset_slices_sorted,dataset/dataset_slices_sorted,cuda,5,no_encryption,0.05,20,,,,224,0.01,1,logs_geosciences/dataset_slices_sorted_run_4_GoogLeNet,GoogLeNet,1,,2,8,4,,geosciences,static/plots_geosciences/dataset_slices_sorted_run_4_GoogLeNet,,run_dataset_geosciences/dataset_slices_sorted_run_4_GoogLeNet,,,473.807391166687,True,4
8,FedProx,16,0.6650943396226415,0.6571065581370106,0.6368244238338381,0.6616461505566357,0.6650943396226415,10,-1,-1,csv_geosciences/runs/20260416-014023_dataset_slices_sorted_worker_1.csv,dataset_slices_sorted,dataset/dataset_slices_sorted,cuda,5,no_encryption,0.05,20,,,,224,0.001,1,logs_geosciences/dataset_slices_sorted_run_1_GoogLeNet,GoogLeNet,1,,2,8,2,,geosciences,static/plots_geosciences/dataset_slices_sorted_run_1_GoogLeNet,,run_dataset_geosciences/dataset_slices_sorted_run_1_GoogLeNet,,,450.6145565509796,True,1
8,FedAvg,16,0.660377358490566,0.654589370541928,0.6615451138536885,0.6548722343827882,0.660377358490566,12,-1,-1,csv_geosciences/runs/20260416-014043_dataset_slices_sorted_worker_7.csv,dataset_slices_sorted,dataset/dataset_slices_sorted,cuda,5,no_encryption,0.0,20,,,,224,0.001,1,logs_geosciences/dataset_slices_sorted_run_7_GoogLeNet,GoogLeNet,1,,2,8,4,,geosciences,static/plots_geosciences/dataset_slices_sorted_run_7_GoogLeNet,,run_dataset_geosciences/dataset_slices_sorted_run_7_GoogLeNet,,,475.04417967796326,True,7
8,FedProx,16,0.6485849056603774,0.6412360160340105,0.6596672437944502,0.6434788095104849,0.6485849056603774,17,-1,-1,csv_geosciences/runs/20260416-014131_dataset_slices_sorted_worker_0.csv,dataset_slices_sorted,dataset/dataset_slices_sorted,cuda,5,no_encryption,0.05,20,,,,224,0.001,1,logs_geosciences/dataset_slices_sorted_run_0_GoogLeNet,GoogLeNet,1,,2,8,4,,geosciences,static/plots_geosciences/dataset_slices_sorted_run_0_GoogLeNet,,run_dataset_geosciences/dataset_slices_sorted_run_0_GoogLeNet,,,483.4226191043854,True,0
8,FedAvg,16,0.6627358490566038,0.651488799314827,0.6325553090504881,0.6570387112466836,0.6627358490566038,18,-1,-1,csv_geosciences/runs/20260416-014209_dataset_slices_sorted_worker_3.csv,dataset_slices_sorted,dataset/dataset_slices_sorted,cuda,5,no_encryption,0.0,20,,,,224,0.0001,1,logs_geosciences/dataset_slices_sorted_run_3_GoogLeNet,GoogLeNet,1,,2,8,2,,geosciences,static/plots_geosciences/dataset_slices_sorted_run_3_GoogLeNet,,run_dataset_geosciences/dataset_slices_sorted_run_3_GoogLeNet,,,451.5843086242676,True,3
8,FedAvg,16,0.4811320754716981,0.4805598644043925,0.6926887137991078,0.4819550936153897,0.4811320754716981,0,-1,-1,csv_geosciences/runs/20260416-014336_dataset_slices_sorted_worker_9.csv,dataset_slices_sorted,dataset/dataset_slices_sorted,cuda,5,no_encryption,0.0,20,,,,224,0.0001,1,logs_geosciences/dataset_slices_sorted_run_9_GoogLeNet,GoogLeNet,1,,2,8,4,,geosciences,static/plots_geosciences/dataset_slices_sorted_run_9_GoogLeNet,,run_dataset_geosciences/dataset_slices_sorted_run_9_GoogLeNet,,,472.77951073646545,True,9
8,FedProx,16,0.6533018867924528,0.6159398029249771,0.636296625828968,0.6561319723817661,0.6533018867924528,15,-1,-1,csv_geosciences/runs/20260416-014544_dataset_slices_sorted_worker_6.csv,dataset_slices_sorted,dataset/dataset_slices_sorted,cuda,5,no_encryption,0.05,20,,,,224,0.0001,1,logs_geosciences/dataset_slices_sorted_run_6_GoogLeNet,GoogLeNet,1,,2,8,2,,geosciences,static/plots_geosciences/dataset_slices_sorted_run_6_GoogLeNet,,run_dataset_geosciences/dataset_slices_sorted_run_6_GoogLeNet,,,445.84077405929565,True,6
8,FedProx,16,0.5849056603773585,0.4317160826594789,0.6843252754155195,0.3421146315414738,0.5849056603773585,0,-1,-1,csv_geosciences/runs/20260416-014655_dataset_slices_sorted_worker_10.csv,dataset_slices_sorted,dataset/dataset_slices_sorted,cuda,5,no_encryption,0.05,20,,,,224,0.0001,1,logs_geosciences/dataset_slices_sorted_run_10_GoogLeNet,GoogLeNet,1,,2,8,4,,geosciences,static/plots_geosciences/dataset_slices_sorted_run_10_GoogLeNet,,run_dataset_geosciences/dataset_slices_sorted_run_10_GoogLeNet,,,465.5561993122101,True,10
16,FedAvg,16,0.5925925925925926,0.4409991386735573,0.6926428653575756,0.3511659807956104,0.5925925925925926,0,-1,-1,csv_geosciences/runs/20260416-014954_dataset_slices_sorted_worker_4.csv,dataset_slices_sorted,dataset/dataset_slices_sorted,cuda,5,no_encryption,0.0,20,,,,224,0.01,1,logs_geosciences/dataset_slices_sorted_run_4_GoogLeNet,GoogLeNet,1,,2,16,2,,geosciences,static/plots_geosciences/dataset_slices_sorted_run_4_GoogLeNet,,run_dataset_geosciences/dataset_slices_sorted_run_4_GoogLeNet,,,613.0683126449585,True,4
16,FedProx,16,0.5925925925925926,0.4409991386735573,0.6829218776137741,0.3511659807956104,0.5925925925925926,1,-1,-1,csv_geosciences/runs/20260416-015052_dataset_slices_sorted_worker_7.csv,dataset_slices_sorted,dataset/dataset_slices_sorted,cuda,5,no_encryption,0.05,20,,,,224,0.01,1,logs_geosciences/dataset_slices_sorted_run_7_GoogLeNet,GoogLeNet,1,,2,16,2,,geosciences,static/plots_geosciences/dataset_slices_sorted_run_7_GoogLeNet,,run_dataset_geosciences/dataset_slices_sorted_run_7_GoogLeNet,,,605.3719041347504,True,7
16,FedAvg,16,0.5925925925925926,0.4409991386735573,0.6842474076482985,0.3511659807956104,0.5925925925925926,1,-1,-1,csv_geosciences/runs/20260416-015115_dataset_slices_sorted_worker_1.csv,dataset_slices_sorted,dataset/dataset_slices_sorted,cuda,5,no_encryption,0.0,20,,,,224,0.01,1,logs_geosciences/dataset_slices_sorted_run_1_GoogLeNet,GoogLeNet,1,,2,16,4,,geosciences,static/plots_geosciences/dataset_slices_sorted_run_1_GoogLeNet,,run_dataset_geosciences/dataset_slices_sorted_run_1_GoogLeNet,,,649.3867027759552,True,1
16,FedAvg,16,0.6412037037037037,0.5846507317847129,0.6549641082960146,0.6514450994523457,0.6412037037037037,18,-1,-1,csv_geosciences/runs/20260416-015212_dataset_slices_sorted_worker_3.csv,dataset_slices_sorted,dataset/dataset_slices_sorted,cuda,5,no_encryption,0.0,20,,,,224,0.001,1,logs_geosciences/dataset_slices_sorted_run_3_GoogLeNet,GoogLeNet,1,,2,16,2,,geosciences,static/plots_geosciences/dataset_slices_sorted_run_3_GoogLeNet,,run_dataset_geosciences/dataset_slices_sorted_run_3_GoogLeNet,,,600.5560615062714,True,3
16,FedProx,16,0.5925925925925926,0.4409991386735573,0.6829298458717488,0.3511659807956104,0.5925925925925926,0,-1,-1,csv_geosciences/runs/20260416-015235_dataset_slices_sorted_worker_0.csv,dataset_slices_sorted,dataset/dataset_slices_sorted,cuda,5,no_encryption,0.05,20,,,,224,0.01,1,logs_geosciences/dataset_slices_sorted_run_0_GoogLeNet,GoogLeNet,1,,2,16,4,,geosciences,static/plots_geosciences/dataset_slices_sorted_run_0_GoogLeNet,,run_dataset_geosciences/dataset_slices_sorted_run_0_GoogLeNet,,,661.265887260437,True,0
16,FedAvg,16,0.6412037037037037,0.5723317799136156,0.6535270823924629,0.6659145946645948,0.6412037037037037,19,-1,-1,csv_geosciences/runs/20260416-015435_dataset_slices_sorted_worker_9.csv,dataset_slices_sorted,dataset/dataset_slices_sorted,cuda,5,no_encryption,0.0,20,,,,224,0.001,1,logs_geosciences/dataset_slices_sorted_run_9_GoogLeNet,GoogLeNet,1,,2,16,4,,geosciences,static/plots_geosciences/dataset_slices_sorted_run_9_GoogLeNet,,run_dataset_geosciences/dataset_slices_sorted_run_9_GoogLeNet,,,655.7647378444672,True,9
16,FedProx,16,0.6921296296296297,0.671636872148568,0.6261595926351018,0.7053367861840383,0.6921296296296297,18,-1,-1,csv_geosciences/runs/20260416-015554_dataset_slices_sorted_worker_6.csv,dataset_slices_sorted,dataset/dataset_slices_sorted,cuda,5,no_encryption,0.05,20,,,,224,0.001,1,logs_geosciences/dataset_slices_sorted_run_6_GoogLeNet,GoogLeNet,1,,2,16,2,,geosciences,static/plots_geosciences/dataset_slices_sorted_run_6_GoogLeNet,,run_dataset_geosciences/dataset_slices_sorted_run_6_GoogLeNet,,,606.197945356369,True,6
16,FedProx,16,0.6712962962962963,0.6270447774962215,0.653706104391151,0.6872126176292843,0.6712962962962963,19,-1,-1,csv_geosciences/runs/20260416-015744_dataset_slices_sorted_worker_10.csv,dataset_slices_sorted,dataset/dataset_slices_sorted,cuda,5,no_encryption,0.05,20,,,,224,0.001,1,logs_geosciences/dataset_slices_sorted_run_10_GoogLeNet,GoogLeNet,1,,2,16,4,,geosciences,static/plots_geosciences/dataset_slices_sorted_run_10_GoogLeNet,,run_dataset_geosciences/dataset_slices_sorted_run_10_GoogLeNet,,,645.8316218852997,True,10
16,FedAvg,16,0.6087962962962963,0.48855362095695803,0.650089285025994,0.5619900812493405,0.6087962962962963,19,-1,-1,csv_geosciences/runs/20260416-015950_dataset_slices_sorted_worker_4.csv,dataset_slices_sorted,dataset/dataset_slices_sorted,cuda,5,no_encryption,0.0,20,,,,224,0.0001,1,logs_geosciences/dataset_slices_sorted_run_4_GoogLeNet,GoogLeNet,1,,2,16,2,,geosciences,static/plots_geosciences/dataset_slices_sorted_run_4_GoogLeNet,,run_dataset_geosciences/dataset_slices_sorted_run_4_GoogLeNet,,,592.7801990509033,True,4
16,FedProx,16,0.6296296296296297,0.5310803092448961,0.6481093060639169,0.655258520628891,0.6296296296296297,17,-1,-1,csv_geosciences/runs/20260416-020108_dataset_slices_sorted_worker_1.csv,dataset_slices_sorted,dataset/dataset_slices_sorted,cuda,5,no_encryption,0.05,20,,,,224,0.0001,1,logs_geosciences/dataset_slices_sorted_run_1_GoogLeNet,GoogLeNet,1,,2,16,2,,geosciences,static/plots_geosciences/dataset_slices_sorted_run_1_GoogLeNet,,run_dataset_geosciences/dataset_slices_sorted_run_1_GoogLeNet,,,589.6668002605438,True,1
16,FedAvg,16,0.48148148148148145,0.46192981174143244,0.6935959556312473,0.5431259160925114,0.48148148148148145,0,-1,-1,csv_geosciences/runs/20260416-020125_dataset_slices_sorted_worker_7.csv,dataset_slices_sorted,dataset/dataset_slices_sorted,cuda,5,no_encryption,0.0,20,,,,224,0.0001,1,logs_geosciences/dataset_slices_sorted_run_7_GoogLeNet,GoogLeNet,1,,2,16,4,,geosciences,static/plots_geosciences/dataset_slices_sorted_run_7_GoogLeNet,,run_dataset_geosciences/dataset_slices_sorted_run_7_GoogLeNet,,,629.6323616504669,True,7
32,FedAvg,16,0.5727069351230425,0.4171339473352896,0.6911653902973371,0.32804779113503946,0.5727069351230425,1,-1,-1,csv_geosciences/runs/20260416-020212_dataset_slices_sorted_worker_0.csv,dataset_slices_sorted,dataset/dataset_slices_sorted,cuda,5,no_encryption,0.0,20,,,,224,0.01,1,logs_geosciences/dataset_slices_sorted_run_0_GoogLeNet,GoogLeNet,1,,2,32,2,,geosciences,static/plots_geosciences/dataset_slices_sorted_run_0_GoogLeNet,,run_dataset_geosciences/dataset_slices_sorted_run_0_GoogLeNet,,,572.9656455516815,True,0
16,FedProx,16,0.5486111111111112,0.49589575144142234,0.6920349439261136,0.5011290668824115,0.5486111111111112,0,-1,-1,csv_geosciences/runs/20260416-020246_dataset_slices_sorted_worker_3.csv,dataset_slices_sorted,dataset/dataset_slices_sorted,cuda,5,no_encryption,0.05,20,,,,224,0.0001,1,logs_geosciences/dataset_slices_sorted_run_3_GoogLeNet,GoogLeNet,1,,2,16,4,,geosciences,static/plots_geosciences/dataset_slices_sorted_run_3_GoogLeNet,,run_dataset_geosciences/dataset_slices_sorted_run_3_GoogLeNet,,,630.3736934661865,True,3
32,FedProx,16,0.5727069351230425,0.4171339473352896,0.6888868099357724,0.32804779113503946,0.5727069351230425,1,-1,-1,csv_geosciences/runs/20260416-021100_dataset_slices_sorted_worker_6.csv,dataset_slices_sorted,dataset/dataset_slices_sorted,cuda,5,no_encryption,0.05,20,,,,224,0.01,1,logs_geosciences/dataset_slices_sorted_run_6_GoogLeNet,GoogLeNet,1,,2,32,2,,geosciences,static/plots_geosciences/dataset_slices_sorted_run_6_GoogLeNet,,run_dataset_geosciences/dataset_slices_sorted_run_6_GoogLeNet,,,902.7152945995331,True,6
32,FedAvg,16,0.5727069351230425,0.4171339473352896,0.690704249428956,0.32804779113503946,0.5727069351230425,0,-1,-1,csv_geosciences/runs/20260416-021259_dataset_slices_sorted_worker_9.csv,dataset_slices_sorted,dataset/dataset_slices_sorted,cuda,5,no_encryption,0.0,20,,,,224,0.01,1,logs_geosciences/dataset_slices_sorted_run_9_GoogLeNet,GoogLeNet,1,,2,32,4,,geosciences,static/plots_geosciences/dataset_slices_sorted_run_9_GoogLeNet,,run_dataset_geosciences/dataset_slices_sorted_run_9_GoogLeNet,,,1100.9187936782837,True,9
32,FedProx,16,0.5727069351230425,0.4171339473352896,0.6838343444819952,0.32804779113503946,0.5727069351230425,0,-1,-1,csv_geosciences/runs/20260416-021420_dataset_slices_sorted_worker_10.csv,dataset_slices_sorted,dataset/dataset_slices_sorted,cuda,5,no_encryption,0.05,20,,,,224,0.01,1,logs_geosciences/dataset_slices_sorted_run_10_GoogLeNet,GoogLeNet,1,,2,32,4,,geosciences,static/plots_geosciences/dataset_slices_sorted_run_10_GoogLeNet,,run_dataset_geosciences/dataset_slices_sorted_run_10_GoogLeNet,,,992.9162912368774,True,10
32,FedAvg,16,0.5727069351230425,0.4171339473352896,0.6799468408761675,0.32804779113503946,0.5727069351230425,0,-1,-1,csv_geosciences/runs/20260416-021434_dataset_slices_sorted_worker_4.csv,dataset_slices_sorted,dataset/dataset_slices_sorted,cuda,5,no_encryption,0.0,20,,,,224,0.001,1,logs_geosciences/dataset_slices_sorted_run_4_GoogLeNet,GoogLeNet,1,,2,32,2,,geosciences,static/plots_geosciences/dataset_slices_sorted_run_4_GoogLeNet,,run_dataset_geosciences/dataset_slices_sorted_run_4_GoogLeNet,,,880.2189567089081,True,4
32,FedProx,16,0.6353467561521253,0.5940975059598702,0.6570725991688585,0.6374321179690308,0.6353467561521253,19,-1,-1,csv_geosciences/runs/20260416-021615_dataset_slices_sorted_worker_7.csv,dataset_slices_sorted,dataset/dataset_slices_sorted,cuda,5,no_encryption,0.05,20,,,,224,0.001,1,logs_geosciences/dataset_slices_sorted_run_7_GoogLeNet,GoogLeNet,1,,2,32,2,,geosciences,static/plots_geosciences/dataset_slices_sorted_run_7_GoogLeNet,,run_dataset_geosciences/dataset_slices_sorted_run_7_GoogLeNet,,,886.6274790763855,True,7
32,FedAvg,16,0.5727069351230425,0.4205041788934407,0.6689910379298848,0.34166728126459667,0.5727069351230425,15,-1,-1,csv_geosciences/runs/20260416-021720_dataset_slices_sorted_worker_3.csv,dataset_slices_sorted,dataset/dataset_slices_sorted,cuda,5,no_encryption,0.0,20,,,,224,0.0001,1,logs_geosciences/dataset_slices_sorted_run_3_GoogLeNet,GoogLeNet,1,,2,32,2,,geosciences,static/plots_geosciences/dataset_slices_sorted_run_3_GoogLeNet,,run_dataset_geosciences/dataset_slices_sorted_run_3_GoogLeNet,,,871.1295537948608,True,3
32,FedAvg,16,0.5794183445190156,0.4406571305900165,0.6662690314137162,0.39548393441010893,0.5794183445190156,19,-1,-1,csv_geosciences/runs/20260416-021721_dataset_slices_sorted_worker_1.csv,dataset_slices_sorted,dataset/dataset_slices_sorted,cuda,5,no_encryption,0.0,20,,,,224,0.001,1,logs_geosciences/dataset_slices_sorted_run_1_GoogLeNet,GoogLeNet,1,,2,32,4,,geosciences,static/plots_geosciences/dataset_slices_sorted_run_1_GoogLeNet,,run_dataset_geosciences/dataset_slices_sorted_run_1_GoogLeNet,,,969.7632462978363,True,1
32,FedProx,16,0.5704697986577181,0.41941950666782885,0.6711377440149618,0.34107726725176385,0.5704697986577181,18,-1,-1,csv_geosciences/runs/20260416-021823_dataset_slices_sorted_worker_0.csv,dataset_slices_sorted,dataset/dataset_slices_sorted,cuda,5,no_encryption,0.05,20,,,,224,0.001,1,logs_geosciences/dataset_slices_sorted_run_0_GoogLeNet,GoogLeNet,1,,2,32,4,,geosciences,static/plots_geosciences/dataset_slices_sorted_run_0_GoogLeNet,,run_dataset_geosciences/dataset_slices_sorted_run_0_GoogLeNet,,,967.6833891868591,True,0
2,FedAvg,16,0.5857142857142857,0.43268983268983274,0.6793962955474854,0.3430612244897959,0.5857142857142857,0,-1,-1,csv_geosciences/runs/20260416-022633_dataset_slices_sorted_worker_4.csv,dataset_slices_sorted,dataset/dataset_slices_sorted,cuda,5,no_encryption,0.0,20,,,,224,0.01,2,logs_geosciences/dataset_slices_sorted_run_4_GoogLeNet,GoogLeNet,1,,2,2,2,,geosciences,static/plots_geosciences/dataset_slices_sorted_run_4_GoogLeNet,,run_dataset_geosciences/dataset_slices_sorted_run_4_GoogLeNet,,,716.1418430805206,True,4
32,FedAvg,16,0.5727069351230425,0.4171339473352896,0.6851506750588983,0.32804779113503946,0.5727069351230425,0,-1,-1,csv_geosciences/runs/20260416-022706_dataset_slices_sorted_worker_6.csv,dataset_slices_sorted,dataset/dataset_slices_sorted,cuda,5,no_encryption,0.0,20,,,,224,0.0001,1,logs_geosciences/dataset_slices_sorted_run_6_GoogLeNet,GoogLeNet,1,,2,32,4,,geosciences,static/plots_geosciences/dataset_slices_sorted_run_6_GoogLeNet,,run_dataset_geosciences/dataset_slices_sorted_run_6_GoogLeNet,,,963.5508177280426,True,6
32,FedProx,16,0.5727069351230425,0.4171339473352896,0.6856600806217066,0.32804779113503946,0.5727069351230425,0,-1,-1,csv_geosciences/runs/20260416-022740_dataset_slices_sorted_worker_9.csv,dataset_slices_sorted,dataset/dataset_slices_sorted,cuda,5,no_encryption,0.05,20,,,,224,0.0001,1,logs_geosciences/dataset_slices_sorted_run_9_GoogLeNet,GoogLeNet,1,,2,32,2,,geosciences,static/plots_geosciences/dataset_slices_sorted_run_9_GoogLeNet,,run_dataset_geosciences/dataset_slices_sorted_run_9_GoogLeNet,,,877.2792720794678,True,9
2,FedAvg,16,0.5857142857142857,0.43268983268983274,0.6787877480189005,0.3430612244897959,0.5857142857142857,0,-1,-1,csv_geosciences/runs/20260416-022820_dataset_slices_sorted_worker_7.csv,dataset_slices_sorted,dataset/dataset_slices_sorted,cuda,5,no_encryption,0.0,20,,,,224,0.01,2,logs_geosciences/dataset_slices_sorted_run_7_GoogLeNet,GoogLeNet,1,,2,2,4,,geosciences,static/plots_geosciences/dataset_slices_sorted_run_7_GoogLeNet,,run_dataset_geosciences/dataset_slices_sorted_run_7_GoogLeNet,,,722.2952330112457,True,7
2,FedProx,16,0.5857142857142857,0.43268983268983274,0.7062258476302737,0.3430612244897959,0.5857142857142857,0,-1,-1,csv_geosciences/runs/20260416-022925_dataset_slices_sorted_worker_3.csv,dataset_slices_sorted,dataset/dataset_slices_sorted,cuda,5,no_encryption,0.05,20,,,,224,0.01,2,logs_geosciences/dataset_slices_sorted_run_3_GoogLeNet,GoogLeNet,1,,2,2,2,,geosciences,static/plots_geosciences/dataset_slices_sorted_run_3_GoogLeNet,,run_dataset_geosciences/dataset_slices_sorted_run_3_GoogLeNet,,,721.2476744651794,True,3
2,FedProx,16,0.5857142857142857,0.43268983268983274,0.6785189398697444,0.3430612244897959,0.5857142857142857,0,-1,-1,csv_geosciences/runs/20260416-022938_dataset_slices_sorted_worker_1.csv,dataset_slices_sorted,dataset/dataset_slices_sorted,cuda,5,no_encryption,0.05,20,,,,224,0.01,2,logs_geosciences/dataset_slices_sorted_run_1_GoogLeNet,GoogLeNet,1,,2,2,4,,geosciences,static/plots_geosciences/dataset_slices_sorted_run_1_GoogLeNet,,run_dataset_geosciences/dataset_slices_sorted_run_1_GoogLeNet,,,733.4575431346893,True,1
2,FedAvg,16,0.6976190476190476,0.6811601599986739,0.58279793489547,0.7006104042183153,0.6976190476190476,17,-1,-1,csv_geosciences/runs/20260416-023025_dataset_slices_sorted_worker_0.csv,dataset_slices_sorted,dataset/dataset_slices_sorted,cuda,5,no_encryption,0.0,20,,,,224,0.001,2,logs_geosciences/dataset_slices_sorted_run_0_GoogLeNet,GoogLeNet,1,,2,2,2,,geosciences,static/plots_geosciences/dataset_slices_sorted_run_0_GoogLeNet,,run_dataset_geosciences/dataset_slices_sorted_run_0_GoogLeNet,,,719.7045748233795,True,0
32,FedProx,16,0.5727069351230425,0.4171339473352896,0.6884289935931264,0.32804779113503946,0.5727069351230425,0,-1,-1,csv_geosciences/runs/20260416-023029_dataset_slices_sorted_worker_10.csv,dataset_slices_sorted,dataset/dataset_slices_sorted,cuda,5,no_encryption,0.05,20,,,,224,0.0001,1,logs_geosciences/dataset_slices_sorted_run_10_GoogLeNet,GoogLeNet,1,,2,32,4,,geosciences,static/plots_geosciences/dataset_slices_sorted_run_10_GoogLeNet,,run_dataset_geosciences/dataset_slices_sorted_run_10_GoogLeNet,,,965.5663468837738,True,10
4,FedAvg,16,0.5904761904761905,0.4384374108925007,0.6807169596354167,0.34866213151927433,0.5904761904761905,0,-1,-1,csv_geosciences/runs/20260416-023832_dataset_slices_sorted_worker_10.csv,dataset_slices_sorted,dataset/dataset_slices_sorted,cuda,5,no_encryption,0.0,20,,,,224,0.01,2,logs_geosciences/dataset_slices_sorted_run_10_GoogLeNet,GoogLeNet,1,,2,4,2,,geosciences,static/plots_geosciences/dataset_slices_sorted_run_10_GoogLeNet,,run_dataset_geosciences/dataset_slices_sorted_run_10_GoogLeNet,,,480.29652762413025,True,10
2,FedAvg,16,0.6880952380952381,0.689471451544882,0.6266548710209983,0.6922191809664174,0.6880952380952381,17,-1,-1,csv_geosciences/runs/20260416-023859_dataset_slices_sorted_worker_4.csv,dataset_slices_sorted,dataset/dataset_slices_sorted,cuda,5,no_encryption,0.0,20,,,,224,0.001,2,logs_geosciences/dataset_slices_sorted_run_4_GoogLeNet,GoogLeNet,1,,2,2,4,,geosciences,static/plots_geosciences/dataset_slices_sorted_run_4_GoogLeNet,,run_dataset_geosciences/dataset_slices_sorted_run_4_GoogLeNet,,,742.6018342971802,True,4
2,FedProx,16,0.7,0.6990089126924062,0.5938010579063779,0.6991247707248948,0.7,16,-1,-1,csv_geosciences/runs/20260416-023933_dataset_slices_sorted_worker_6.csv,dataset_slices_sorted,dataset/dataset_slices_sorted,cuda,5,no_encryption,0.05,20,,,,224,0.001,2,logs_geosciences/dataset_slices_sorted_run_6_GoogLeNet,GoogLeNet,1,,2,2,2,,geosciences,static/plots_geosciences/dataset_slices_sorted_run_6_GoogLeNet,,run_dataset_geosciences/dataset_slices_sorted_run_6_GoogLeNet,,,743.1887500286102,True,6
2,FedProx,16,0.6642857142857143,0.6578638238623162,0.6176606643767584,0.6590555587298413,0.6642857142857143,17,-1,-1,csv_geosciences/runs/20260416-024018_dataset_slices_sorted_worker_9.csv,dataset_slices_sorted,dataset/dataset_slices_sorted,cuda,5,no_encryption,0.05,20,,,,224,0.001,2,logs_geosciences/dataset_slices_sorted_run_9_GoogLeNet,GoogLeNet,1,,2,2,4,,geosciences,static/plots_geosciences/dataset_slices_sorted_run_9_GoogLeNet,,run_dataset_geosciences/dataset_slices_sorted_run_9_GoogLeNet,,,754.4468584060669,True,9
2,FedAvg,16,0.7023809523809523,0.6956157623848748,0.591294345685414,0.7006370248061173,0.7023809523809523,18,-1,-1,csv_geosciences/runs/20260416-024045_dataset_slices_sorted_worker_7.csv,dataset_slices_sorted,dataset/dataset_slices_sorted,cuda,5,no_encryption,0.0,20,,,,224,0.0001,2,logs_geosciences/dataset_slices_sorted_run_7_GoogLeNet,GoogLeNet,1,,2,2,2,,geosciences,static/plots_geosciences/dataset_slices_sorted_run_7_GoogLeNet,,run_dataset_geosciences/dataset_slices_sorted_run_7_GoogLeNet,,,741.7664165496826,True,7
2,FedAvg,16,0.6976190476190476,0.6952156923375411,0.597508675427664,0.6946666633682138,0.6976190476190476,19,-1,-1,csv_geosciences/runs/20260416-024157_dataset_slices_sorted_worker_3.csv,dataset_slices_sorted,dataset/dataset_slices_sorted,cuda,5,no_encryption,0.0,20,,,,224,0.0001,2,logs_geosciences/dataset_slices_sorted_run_3_GoogLeNet,GoogLeNet,1,,2,2,4,,geosciences,static/plots_geosciences/dataset_slices_sorted_run_3_GoogLeNet,,run_dataset_geosciences/dataset_slices_sorted_run_3_GoogLeNet,,,749.2796256542206,True,3
2,FedProx,16,0.6952380952380952,0.6946395204800203,0.6071919688156673,0.6944584219883476,0.6952380952380952,17,-1,-1,csv_geosciences/runs/20260416-024215_dataset_slices_sorted_worker_1.csv,dataset_slices_sorted,dataset/dataset_slices_sorted,cuda,5,no_encryption,0.05,20,,,,224,0.0001,2,logs_geosciences/dataset_slices_sorted_run_1_GoogLeNet,GoogLeNet,1,,2,2,2,,geosciences,static/plots_geosciences/dataset_slices_sorted_run_1_GoogLeNet,,run_dataset_geosciences/dataset_slices_sorted_run_1_GoogLeNet,,,754.3780975341797,True,1
2,FedProx,16,0.6642857142857143,0.6560664115520232,0.6372447439602443,0.6586998875325102,0.6642857142857143,14,-1,-1,csv_geosciences/runs/20260416-024315_dataset_slices_sorted_worker_0.csv,dataset_slices_sorted,dataset/dataset_slices_sorted,cuda,5,no_encryption,0.05,20,,,,224,0.0001,2,logs_geosciences/dataset_slices_sorted_run_0_GoogLeNet,GoogLeNet,1,,2,2,4,,geosciences,static/plots_geosciences/dataset_slices_sorted_run_0_GoogLeNet,,run_dataset_geosciences/dataset_slices_sorted_run_0_GoogLeNet,,,766.1459202766418,True,0
4,FedAvg,16,0.5904761904761905,0.4384374108925007,0.6774967125483922,0.34866213151927433,0.5904761904761905,0,-1,-1,csv_geosciences/runs/20260416-024722_dataset_slices_sorted_worker_10.csv,dataset_slices_sorted,dataset/dataset_slices_sorted,cuda,5,no_encryption,0.0,20,,,,224,0.01,2,logs_geosciences/dataset_slices_sorted_run_10_GoogLeNet,GoogLeNet,1,,2,4,4,,geosciences,static/plots_geosciences/dataset_slices_sorted_run_10_GoogLeNet,,run_dataset_geosciences/dataset_slices_sorted_run_10_GoogLeNet,,,526.3084349632263,True,10
4,FedProx,16,0.5904761904761905,0.4384374108925007,0.6790325255621047,0.34866213151927433,0.5904761904761905,1,-1,-1,csv_geosciences/runs/20260416-024759_dataset_slices_sorted_worker_4.csv,dataset_slices_sorted,dataset/dataset_slices_sorted,cuda,5,no_encryption,0.05,20,,,,224,0.01,2,logs_geosciences/dataset_slices_sorted_run_4_GoogLeNet,GoogLeNet,1,,2,4,2,,geosciences,static/plots_geosciences/dataset_slices_sorted_run_4_GoogLeNet,,run_dataset_geosciences/dataset_slices_sorted_run_4_GoogLeNet,,,537.2164993286133,True,4
4,FedProx,16,0.5904761904761905,0.4384374108925007,0.683807006904057,0.34866213151927433,0.5904761904761905,0,-1,-1,csv_geosciences/runs/20260416-024841_dataset_slices_sorted_worker_6.csv,dataset_slices_sorted,dataset/dataset_slices_sorted,cuda,5,no_encryption,0.05,20,,,,224,0.01,2,logs_geosciences/dataset_slices_sorted_run_6_GoogLeNet,GoogLeNet,1,,2,4,4,,geosciences,static/plots_geosciences/dataset_slices_sorted_run_6_GoogLeNet,,run_dataset_geosciences/dataset_slices_sorted_run_6_GoogLeNet,,,545.0903487205505,True,6
4,FedAvg,16,0.7,0.6903613936812089,0.6000909551268532,0.6968061748384329,0.7,14,-1,-1,csv_geosciences/runs/20260416-024902_dataset_slices_sorted_worker_9.csv,dataset_slices_sorted,dataset/dataset_slices_sorted,cuda,5,no_encryption,0.0,20,,,,224,0.001,2,logs_geosciences/dataset_slices_sorted_run_9_GoogLeNet,GoogLeNet,1,,2,4,2,,geosciences,static/plots_geosciences/dataset_slices_sorted_run_9_GoogLeNet,,run_dataset_geosciences/dataset_slices_sorted_run_9_GoogLeNet,,,521.3936314582825,True,9
4,FedAvg,16,0.6785714285714286,0.6626320661949175,0.6162536395447594,0.6746652874459867,0.6785714285714286,15,-1,-1,csv_geosciences/runs/20260416-024944_dataset_slices_sorted_worker_7.csv,dataset_slices_sorted,dataset/dataset_slices_sorted,cuda,5,no_encryption,0.0,20,,,,224,0.001,2,logs_geosciences/dataset_slices_sorted_run_7_GoogLeNet,GoogLeNet,1,,2,4,4,,geosciences,static/plots_geosciences/dataset_slices_sorted_run_7_GoogLeNet,,run_dataset_geosciences/dataset_slices_sorted_run_7_GoogLeNet,,,535.7986624240875,True,7
4,FedProx,16,0.6952380952380952,0.6877141591459766,0.5930873095989228,0.692995027605121,0.6952380952380952,13,-1,-1,csv_geosciences/runs/20260416-025052_dataset_slices_sorted_worker_3.csv,dataset_slices_sorted,dataset/dataset_slices_sorted,cuda,5,no_encryption,0.05,20,,,,224,0.001,2,logs_geosciences/dataset_slices_sorted_run_3_GoogLeNet,GoogLeNet,1,,2,4,2,,geosciences,static/plots_geosciences/dataset_slices_sorted_run_3_GoogLeNet,,run_dataset_geosciences/dataset_slices_sorted_run_3_GoogLeNet,,,532.1278512477875,True,3
4,FedProx,16,0.680952380952381,0.6814259288674361,0.6152061391444433,0.6836232617424436,0.680952380952381,14,-1,-1,csv_geosciences/runs/20260416-025135_dataset_slices_sorted_worker_1.csv,dataset_slices_sorted,dataset/dataset_slices_sorted,cuda,5,no_encryption,0.05,20,,,,224,0.001,2,logs_geosciences/dataset_slices_sorted_run_1_GoogLeNet,GoogLeNet,1,,2,4,4,,geosciences,static/plots_geosciences/dataset_slices_sorted_run_1_GoogLeNet,,run_dataset_geosciences/dataset_slices_sorted_run_1_GoogLeNet,,,556.1156833171844,True,1
4,FedAvg,16,0.6761904761904762,0.6664025891664751,0.5979405391783942,0.6713654503746668,0.6761904761904762,17,-1,-1,csv_geosciences/runs/20260416-025213_dataset_slices_sorted_worker_0.csv,dataset_slices_sorted,dataset/dataset_slices_sorted,cuda,5,no_encryption,0.0,20,,,,224,0.0001,2,logs_geosciences/dataset_slices_sorted_run_0_GoogLeNet,GoogLeNet,1,,2,4,2,,geosciences,static/plots_geosciences/dataset_slices_sorted_run_0_GoogLeNet,,run_dataset_geosciences/dataset_slices_sorted_run_0_GoogLeNet,,,534.9745578765869,True,0
4,FedAvg,16,0.6738095238095239,0.6748275210720246,0.6099047789971034,0.6816104219465563,0.6738095238095239,18,-1,-1,csv_geosciences/runs/20260416-025633_dataset_slices_sorted_worker_10.csv,dataset_slices_sorted,dataset/dataset_slices_sorted,cuda,5,no_encryption,0.0,20,,,,224,0.0001,2,logs_geosciences/dataset_slices_sorted_run_10_GoogLeNet,GoogLeNet,1,,2,4,4,,geosciences,static/plots_geosciences/dataset_slices_sorted_run_10_GoogLeNet,,run_dataset_geosciences/dataset_slices_sorted_run_10_GoogLeNet,,,548.2268512248993,True,10
4,FedProx,16,0.6833333333333333,0.676028336204282,0.6041753913675035,0.679401857769712,0.6833333333333333,14,-1,-1,csv_geosciences/runs/20260416-025708_dataset_slices_sorted_worker_4.csv,dataset_slices_sorted,dataset/dataset_slices_sorted,cuda,5,no_encryption,0.05,20,,,,224,0.0001,2,logs_geosciences/dataset_slices_sorted_run_4_GoogLeNet,GoogLeNet,1,,2,4,2,,geosciences,static/plots_geosciences/dataset_slices_sorted_run_4_GoogLeNet,,run_dataset_geosciences/dataset_slices_sorted_run_4_GoogLeNet,,,546.112943649292,True,4
4,FedProx,16,0.6619047619047619,0.6538944935141079,0.62156463265419,0.6574110386720782,0.6619047619047619,16,-1,-1,csv_geosciences/runs/20260416-025817_dataset_slices_sorted_worker_6.csv,dataset_slices_sorted,dataset/dataset_slices_sorted,cuda,5,no_encryption,0.05,20,,,,224,0.0001,2,logs_geosciences/dataset_slices_sorted_run_6_GoogLeNet,GoogLeNet,1,,2,4,4,,geosciences,static/plots_geosciences/dataset_slices_sorted_run_6_GoogLeNet,,run_dataset_geosciences/dataset_slices_sorted_run_6_GoogLeNet,,,572.6941380500793,True,6
8,FedAvg,16,0.5849056603773585,0.4317160826594789,0.6828228460167939,0.3421146315414738,0.5849056603773585,0,-1,-1,csv_geosciences/runs/20260416-025848_dataset_slices_sorted_worker_9.csv,dataset_slices_sorted,dataset/dataset_slices_sorted,cuda,5,no_encryption,0.0,20,,,,224,0.01,2,logs_geosciences/dataset_slices_sorted_run_9_GoogLeNet,GoogLeNet,1,,2,8,2,,geosciences,static/plots_geosciences/dataset_slices_sorted_run_9_GoogLeNet,,run_dataset_geosciences/dataset_slices_sorted_run_9_GoogLeNet,,,582.8461902141571,True,9
8,FedAvg,16,0.5849056603773585,0.4317160826594789,0.6804678743740298,0.3421146315414738,0.5849056603773585,0,-1,-1,csv_geosciences/runs/20260416-025952_dataset_slices_sorted_worker_7.csv,dataset_slices_sorted,dataset/dataset_slices_sorted,cuda,5,no_encryption,0.0,20,,,,224,0.01,2,logs_geosciences/dataset_slices_sorted_run_7_GoogLeNet,GoogLeNet,1,,2,8,4,,geosciences,static/plots_geosciences/dataset_slices_sorted_run_7_GoogLeNet,,run_dataset_geosciences/dataset_slices_sorted_run_7_GoogLeNet,,,603.9652934074402,True,7
8,FedProx,16,0.5849056603773585,0.4317160826594789,0.6873203830898933,0.3421146315414738,0.5849056603773585,0,-1,-1,csv_geosciences/runs/20260416-030044_dataset_slices_sorted_worker_3.csv,dataset_slices_sorted,dataset/dataset_slices_sorted,cuda,5,no_encryption,0.05,20,,,,224,0.01,2,logs_geosciences/dataset_slices_sorted_run_3_GoogLeNet,GoogLeNet,1,,2,8,2,,geosciences,static/plots_geosciences/dataset_slices_sorted_run_3_GoogLeNet,,run_dataset_geosciences/dataset_slices_sorted_run_3_GoogLeNet,,,587.88472032547,True,3
8,FedProx,16,0.5849056603773585,0.4317160826594789,0.6867825086667853,0.3421146315414738,0.5849056603773585,0,-1,-1,csv_geosciences/runs/20260416-030201_dataset_slices_sorted_worker_1.csv,dataset_slices_sorted,dataset/dataset_slices_sorted,cuda,5,no_encryption,0.05,20,,,,224,0.01,2,logs_geosciences/dataset_slices_sorted_run_1_GoogLeNet,GoogLeNet,1,,2,8,4,,geosciences,static/plots_geosciences/dataset_slices_sorted_run_1_GoogLeNet,,run_dataset_geosciences/dataset_slices_sorted_run_1_GoogLeNet,,,622.8206889629364,True,1
8,FedAvg,16,0.6698113207547169,0.668944294760452,0.6232108923624147,0.6703845412212774,0.6698113207547169,12,-1,-1,csv_geosciences/runs/20260416-030201_dataset_slices_sorted_worker_0.csv,dataset_slices_sorted,dataset/dataset_slices_sorted,cuda,5,no_encryption,0.0,20,,,,224,0.001,2,logs_geosciences/dataset_slices_sorted_run_0_GoogLeNet,GoogLeNet,1,,2,8,2,,geosciences,static/plots_geosciences/dataset_slices_sorted_run_0_GoogLeNet,,run_dataset_geosciences/dataset_slices_sorted_run_0_GoogLeNet,,,585.2770476341248,True,0
8,FedAvg,16,0.6556603773584906,0.657004972994554,0.631873404080013,0.6627830596387709,0.6556603773584906,14,-1,-1,csv_geosciences/runs/20260416-030647_dataset_slices_sorted_worker_10.csv,dataset_slices_sorted,dataset/dataset_slices_sorted,cuda,5,no_encryption,0.0,20,,,,224,0.001,2,logs_geosciences/dataset_slices_sorted_run_10_GoogLeNet,GoogLeNet,1,,2,8,4,,geosciences,static/plots_geosciences/dataset_slices_sorted_run_10_GoogLeNet,,run_dataset_geosciences/dataset_slices_sorted_run_10_GoogLeNet,,,610.893648147583,True,10
8,FedProx,16,0.6768867924528302,0.6745678763775186,0.6051570302894655,0.6752407565458695,0.6768867924528302,16,-1,-1,csv_geosciences/runs/20260416-030713_dataset_slices_sorted_worker_4.csv,dataset_slices_sorted,dataset/dataset_slices_sorted,cuda,5,no_encryption,0.05,20,,,,224,0.001,2,logs_geosciences/dataset_slices_sorted_run_4_GoogLeNet,GoogLeNet,1,,2,8,2,,geosciences,static/plots_geosciences/dataset_slices_sorted_run_4_GoogLeNet,,run_dataset_geosciences/dataset_slices_sorted_run_4_GoogLeNet,,,600.8190326690674,True,4
8,FedAvg,16,0.6721698113207547,0.655992685180072,0.6129598237995831,0.6723604675471068,0.6721698113207547,19,-1,-1,csv_geosciences/runs/20260416-030832_dataset_slices_sorted_worker_9.csv,dataset_slices_sorted,dataset/dataset_slices_sorted,cuda,5,no_encryption,0.0,20,,,,224,0.0001,2,logs_geosciences/dataset_slices_sorted_run_9_GoogLeNet,GoogLeNet,1,,2,8,2,,geosciences,static/plots_geosciences/dataset_slices_sorted_run_9_GoogLeNet,,run_dataset_geosciences/dataset_slices_sorted_run_9_GoogLeNet,,,580.8449895381927,True,9
8,FedProx,16,0.6768867924528302,0.6782409987643505,0.6255057705742009,0.6840072008301779,0.6768867924528302,15,-1,-1,csv_geosciences/runs/20260416-030846_dataset_slices_sorted_worker_6.csv,dataset_slices_sorted,dataset/dataset_slices_sorted,cuda,5,no_encryption,0.05,20,,,,224,0.001,2,logs_geosciences/dataset_slices_sorted_run_6_GoogLeNet,GoogLeNet,1,,2,8,4,,geosciences,static/plots_geosciences/dataset_slices_sorted_run_6_GoogLeNet,,run_dataset_geosciences/dataset_slices_sorted_run_6_GoogLeNet,,,626.3984518051147,True,6
8,FedAvg,16,0.6391509433962265,0.5968241103506311,0.6368830874562263,0.6414497526750143,0.6391509433962265,19,-1,-1,csv_geosciences/runs/20260416-031014_dataset_slices_sorted_worker_7.csv,dataset_slices_sorted,dataset/dataset_slices_sorted,cuda,5,no_encryption,0.0,20,,,,224,0.0001,2,logs_geosciences/dataset_slices_sorted_run_7_GoogLeNet,GoogLeNet,1,,2,8,4,,geosciences,static/plots_geosciences/dataset_slices_sorted_run_7_GoogLeNet,,run_dataset_geosciences/dataset_slices_sorted_run_7_GoogLeNet,,,619.3789637088776,True,7
8,FedProx,16,0.6886792452830188,0.6727778064840174,0.612471987616341,0.6905124094528047,0.6886792452830188,19,-1,-1,csv_geosciences/runs/20260416-031040_dataset_slices_sorted_worker_3.csv,dataset_slices_sorted,dataset/dataset_slices_sorted,cuda,5,no_encryption,0.05,20,,,,224,0.0001,2,logs_geosciences/dataset_slices_sorted_run_3_GoogLeNet,GoogLeNet,1,,2,8,2,,geosciences,static/plots_geosciences/dataset_slices_sorted_run_3_GoogLeNet,,run_dataset_geosciences/dataset_slices_sorted_run_3_GoogLeNet,,,593.286057472229,True,3
8,FedProx,16,0.6155660377358491,0.5153538564833224,0.6466629358957399,0.6928921472435128,0.6155660377358491,19,-1,-1,csv_geosciences/runs/20260416-031224_dataset_slices_sorted_worker_1.csv,dataset_slices_sorted,dataset/dataset_slices_sorted,cuda,5,no_encryption,0.05,20,,,,224,0.0001,2,logs_geosciences/dataset_slices_sorted_run_1_GoogLeNet,GoogLeNet,1,,2,8,4,,geosciences,static/plots_geosciences/dataset_slices_sorted_run_1_GoogLeNet,,run_dataset_geosciences/dataset_slices_sorted_run_1_GoogLeNet,,,619.5761189460754,True,1
16,FedAvg,16,0.5925925925925926,0.4409991386735573,0.6865882454095064,0.3511659807956104,0.5925925925925926,0,-1,-1,csv_geosciences/runs/20260416-031450_dataset_slices_sorted_worker_0.csv,dataset_slices_sorted,dataset/dataset_slices_sorted,cuda,5,no_encryption,0.0,20,,,,224,0.01,2,logs_geosciences/dataset_slices_sorted_run_0_GoogLeNet,GoogLeNet,1,,2,16,2,,geosciences,static/plots_geosciences/dataset_slices_sorted_run_0_GoogLeNet,,run_dataset_geosciences/dataset_slices_sorted_run_0_GoogLeNet,,,765.0929799079895,True,0
16,FedProx,16,0.5925925925925926,0.4409991386735573,0.6857508950763278,0.3511659807956104,0.5925925925925926,0,-1,-1,csv_geosciences/runs/20260416-031944_dataset_slices_sorted_worker_4.csv,dataset_slices_sorted,dataset/dataset_slices_sorted,cuda,5,no_encryption,0.05,20,,,,224,0.01,2,logs_geosciences/dataset_slices_sorted_run_4_GoogLeNet,GoogLeNet,1,,2,16,2,,geosciences,static/plots_geosciences/dataset_slices_sorted_run_4_GoogLeNet,,run_dataset_geosciences/dataset_slices_sorted_run_4_GoogLeNet,,,748.0512344837189,True,4
16,FedAvg,16,0.5925925925925926,0.4409991386735573,0.6774082846111722,0.3511659807956104,0.5925925925925926,1,-1,-1,csv_geosciences/runs/20260416-032010_dataset_slices_sorted_worker_10.csv,dataset_slices_sorted,dataset/dataset_slices_sorted,cuda,5,no_encryption,0.0,20,,,,224,0.01,2,logs_geosciences/dataset_slices_sorted_run_10_GoogLeNet,GoogLeNet,1,,2,16,4,,geosciences,static/plots_geosciences/dataset_slices_sorted_run_10_GoogLeNet,,run_dataset_geosciences/dataset_slices_sorted_run_10_GoogLeNet,,,799.6746785640717,True,10
16,FedAvg,16,0.6620370370370371,0.662622855689387,0.6278774663805962,0.6832437000635531,0.6620370370370371,19,-1,-1,csv_geosciences/runs/20260416-032119_dataset_slices_sorted_worker_6.csv,dataset_slices_sorted,dataset/dataset_slices_sorted,cuda,5,no_encryption,0.0,20,,,,224,0.001,2,logs_geosciences/dataset_slices_sorted_run_6_GoogLeNet,GoogLeNet,1,,2,16,2,,geosciences,static/plots_geosciences/dataset_slices_sorted_run_6_GoogLeNet,,run_dataset_geosciences/dataset_slices_sorted_run_6_GoogLeNet,,,748.8195168972015,True,6
16,FedProx,16,0.5925925925925926,0.4409991386735573,0.6829460486769676,0.3511659807956104,0.5925925925925926,0,-1,-1,csv_geosciences/runs/20260416-032209_dataset_slices_sorted_worker_9.csv,dataset_slices_sorted,dataset/dataset_slices_sorted,cuda,5,no_encryption,0.05,20,,,,224,0.01,2,logs_geosciences/dataset_slices_sorted_run_9_GoogLeNet,GoogLeNet,1,,2,16,4,,geosciences,static/plots_geosciences/dataset_slices_sorted_run_9_GoogLeNet,,run_dataset_geosciences/dataset_slices_sorted_run_9_GoogLeNet,,,813.1972463130951,True,9
16,FedProx,16,0.6990740740740741,0.6806189483041692,0.6024037675449142,0.7051168623719793,0.6990740740740741,19,-1,-1,csv_geosciences/runs/20260416-032313_dataset_slices_sorted_worker_3.csv,dataset_slices_sorted,dataset/dataset_slices_sorted,cuda,5,no_encryption,0.05,20,,,,224,0.001,2,logs_geosciences/dataset_slices_sorted_run_3_GoogLeNet,GoogLeNet,1,,2,16,2,,geosciences,static/plots_geosciences/dataset_slices_sorted_run_3_GoogLeNet,,run_dataset_geosciences/dataset_slices_sorted_run_3_GoogLeNet,,,749.8667237758636,True,3
16,FedAvg,16,0.6550925925925926,0.6545716958198224,0.6526610462201966,0.6613242030981001,0.6550925925925926,12,-1,-1,csv_geosciences/runs/20260416-032327_dataset_slices_sorted_worker_7.csv,dataset_slices_sorted,dataset/dataset_slices_sorted,cuda,5,no_encryption,0.0,20,,,,224,0.001,2,logs_geosciences/dataset_slices_sorted_run_7_GoogLeNet,GoogLeNet,1,,2,16,4,,geosciences,static/plots_geosciences/dataset_slices_sorted_run_7_GoogLeNet,,run_dataset_geosciences/dataset_slices_sorted_run_7_GoogLeNet,,,789.4443316459656,True,7
16,FedProx,16,0.6666666666666666,0.6524221609855424,0.6277958118805179,0.663194643516926,0.6666666666666666,19,-1,-1,csv_geosciences/runs/20260416-032603_dataset_slices_sorted_worker_1.csv,dataset_slices_sorted,dataset/dataset_slices_sorted,cuda,5,no_encryption,0.05,20,,,,224,0.001,2,logs_geosciences/dataset_slices_sorted_run_1_GoogLeNet,GoogLeNet,1,,2,16,4,,geosciences,static/plots_geosciences/dataset_slices_sorted_run_1_GoogLeNet,,run_dataset_geosciences/dataset_slices_sorted_run_1_GoogLeNet,,,816.2125642299652,True,1
16,FedAvg,16,0.6689814814814815,0.6326623673670226,0.6339014816891264,0.6883038836722412,0.6689814814814815,18,-1,-1,csv_geosciences/runs/20260416-032706_dataset_slices_sorted_worker_0.csv,dataset_slices_sorted,dataset/dataset_slices_sorted,cuda,5,no_encryption,0.0,20,,,,224,0.0001,2,logs_geosciences/dataset_slices_sorted_run_0_GoogLeNet,GoogLeNet,1,,2,16,2,,geosciences,static/plots_geosciences/dataset_slices_sorted_run_0_GoogLeNet,,run_dataset_geosciences/dataset_slices_sorted_run_0_GoogLeNet,,,733.5493741035461,True,0
32,FedProx,16,0.5727069351230425,0.4171339473352896,0.689256625687516,0.32804779113503946,0.5727069351230425,0,-1,-1,csv_geosciences/runs/20260416-033205_dataset_slices_sorted_worker_7.csv,dataset_slices_sorted,dataset/dataset_slices_sorted,cuda,5,no_encryption,0.05,20,,,,224,0.01,2,logs_geosciences/dataset_slices_sorted_run_7_GoogLeNet,GoogLeNet,1,,2,32,2,,geosciences,static/plots_geosciences/dataset_slices_sorted_run_7_GoogLeNet,,run_dataset_geosciences/dataset_slices_sorted_run_7_GoogLeNet,,,514.9926319122314,True,7
16,FedProx,16,0.6712962962962963,0.6312418808344591,0.627476956833292,0.6931996342393939,0.6712962962962963,19,-1,-1,csv_geosciences/runs/20260416-033225_dataset_slices_sorted_worker_10.csv,dataset_slices_sorted,dataset/dataset_slices_sorted,cuda,5,no_encryption,0.05,20,,,,224,0.0001,2,logs_geosciences/dataset_slices_sorted_run_10_GoogLeNet,GoogLeNet,1,,2,16,2,,geosciences,static/plots_geosciences/dataset_slices_sorted_run_10_GoogLeNet,,run_dataset_geosciences/dataset_slices_sorted_run_10_GoogLeNet,,,731.0048580169678,True,10
16,FedAvg,16,0.5925925925925926,0.4409991386735573,0.6854518878239172,0.3511659807956104,0.5925925925925926,1,-1,-1,csv_geosciences/runs/20260416-033237_dataset_slices_sorted_worker_4.csv,dataset_slices_sorted,dataset/dataset_slices_sorted,cuda,5,no_encryption,0.0,20,,,,224,0.0001,2,logs_geosciences/dataset_slices_sorted_run_4_GoogLeNet,GoogLeNet,1,,2,16,4,,geosciences,static/plots_geosciences/dataset_slices_sorted_run_4_GoogLeNet,,run_dataset_geosciences/dataset_slices_sorted_run_4_GoogLeNet,,,769.7169089317322,True,4
32,FedAvg,16,0.5727069351230425,0.4171339473352896,0.6915310287902285,0.32804779113503946,0.5727069351230425,0,-1,-1,csv_geosciences/runs/20260416-033443_dataset_slices_sorted_worker_3.csv,dataset_slices_sorted,dataset/dataset_slices_sorted,cuda,5,no_encryption,0.0,20,,,,224,0.01,2,logs_geosciences/dataset_slices_sorted_run_3_GoogLeNet,GoogLeNet,1,,2,32,4,,geosciences,static/plots_geosciences/dataset_slices_sorted_run_3_GoogLeNet,,run_dataset_geosciences/dataset_slices_sorted_run_3_GoogLeNet,,,686.0880267620087,True,3
16,FedProx,16,0.5925925925925926,0.4409991386735573,0.678388667051439,0.3511659807956104,0.5925925925925926,0,-1,-1,csv_geosciences/runs/20260416-033446_dataset_slices_sorted_worker_6.csv,dataset_slices_sorted,dataset/dataset_slices_sorted,cuda,5,no_encryption,0.05,20,,,,224,0.0001,2,logs_geosciences/dataset_slices_sorted_run_6_GoogLeNet,GoogLeNet,1,,2,16,4,,geosciences,static/plots_geosciences/dataset_slices_sorted_run_6_GoogLeNet,,run_dataset_geosciences/dataset_slices_sorted_run_6_GoogLeNet,,,804.0497131347656,True,6
32,FedProx,16,0.5727069351230425,0.4171339473352896,0.6904719167907766,0.32804779113503946,0.5727069351230425,0,-1,-1,csv_geosciences/runs/20260416-033732_dataset_slices_sorted_worker_1.csv,dataset_slices_sorted,dataset/dataset_slices_sorted,cuda,5,no_encryption,0.05,20,,,,224,0.01,2,logs_geosciences/dataset_slices_sorted_run_1_GoogLeNet,GoogLeNet,1,,2,32,4,,geosciences,static/plots_geosciences/dataset_slices_sorted_run_1_GoogLeNet,,run_dataset_geosciences/dataset_slices_sorted_run_1_GoogLeNet,,,685.2811419963837,True,1
32,FedAvg,16,0.5727069351230425,0.4171339473352896,0.6915199727286695,0.32804779113503946,0.5727069351230425,0,-1,-1,csv_geosciences/runs/20260416-034011_dataset_slices_sorted_worker_9.csv,dataset_slices_sorted,dataset/dataset_slices_sorted,cuda,5,no_encryption,0.0,20,,,,224,0.01,2,logs_geosciences/dataset_slices_sorted_run_9_GoogLeNet,GoogLeNet,1,,2,32,2,,geosciences,static/plots_geosciences/dataset_slices_sorted_run_9_GoogLeNet,,run_dataset_geosciences/dataset_slices_sorted_run_9_GoogLeNet,,,1078.472443819046,True,9
32,FedAvg,16,0.6040268456375839,0.5218047831258711,0.6576735505321681,0.5539812163973238,0.6040268456375839,19,-1,-1,csv_geosciences/runs/20260416-034454_dataset_slices_sorted_worker_0.csv,dataset_slices_sorted,dataset/dataset_slices_sorted,cuda,5,no_encryption,0.0,20,,,,224,0.001,2,logs_geosciences/dataset_slices_sorted_run_0_GoogLeNet,GoogLeNet,1,,2,32,2,,geosciences,static/plots_geosciences/dataset_slices_sorted_run_0_GoogLeNet,,run_dataset_geosciences/dataset_slices_sorted_run_0_GoogLeNet,,,1064.117095708847,True,0
32,FedProx,16,0.6465324384787472,0.6319540072111396,0.638288903156383,0.6502316227148442,0.6465324384787472,19,-1,-1,csv_geosciences/runs/20260416-034942_dataset_slices_sorted_worker_10.csv,dataset_slices_sorted,dataset/dataset_slices_sorted,cuda,5,no_encryption,0.05,20,,,,224,0.001,2,logs_geosciences/dataset_slices_sorted_run_10_GoogLeNet,GoogLeNet,1,,2,32,2,,geosciences,static/plots_geosciences/dataset_slices_sorted_run_10_GoogLeNet,,run_dataset_geosciences/dataset_slices_sorted_run_10_GoogLeNet,,,1034.215544462204,True,10
32,FedAvg,16,0.6219239373601789,0.610428293829503,0.664425086521729,0.621903214856235,0.6219239373601789,19,-1,-1,csv_geosciences/runs/20260416-035029_dataset_slices_sorted_worker_7.csv,dataset_slices_sorted,dataset/dataset_slices_sorted,cuda,5,no_encryption,0.0,20,,,,224,0.001,2,logs_geosciences/dataset_slices_sorted_run_7_GoogLeNet,GoogLeNet,1,,2,32,4,,geosciences,static/plots_geosciences/dataset_slices_sorted_run_7_GoogLeNet,,run_dataset_geosciences/dataset_slices_sorted_run_7_GoogLeNet,,,1100.7414696216583,True,7
32,FedProx,16,0.6353467561521253,0.628967639831604,0.6530019211555754,0.645903102614512,0.6353467561521253,19,-1,-1,csv_geosciences/runs/20260416-035109_dataset_slices_sorted_worker_4.csv,dataset_slices_sorted,dataset/dataset_slices_sorted,cuda,5,no_encryption,0.05,20,,,,224,0.001,2,logs_geosciences/dataset_slices_sorted_run_4_GoogLeNet,GoogLeNet,1,,2,32,4,,geosciences,static/plots_geosciences/dataset_slices_sorted_run_4_GoogLeNet,,run_dataset_geosciences/dataset_slices_sorted_run_4_GoogLeNet,,,1108.2509279251099,True,4
32,FedAvg,16,0.5928411633109619,0.4887507223077692,0.6571231983118676,0.5097499815620621,0.5928411633109619,19,-1,-1,csv_geosciences/runs/20260416-035146_dataset_slices_sorted_worker_3.csv,dataset_slices_sorted,dataset/dataset_slices_sorted,cuda,5,no_encryption,0.0,20,,,,224,0.0001,2,logs_geosciences/dataset_slices_sorted_run_3_GoogLeNet,GoogLeNet,1,,2,32,2,,geosciences,static/plots_geosciences/dataset_slices_sorted_run_3_GoogLeNet,,run_dataset_geosciences/dataset_slices_sorted_run_3_GoogLeNet,,,1020.5691902637482,True,3
32,FedAvg,16,0.5727069351230425,0.4171339473352896,0.6900823466996485,0.32804779113503946,0.5727069351230425,0,-1,-1,csv_geosciences/runs/20260416-035311_dataset_slices_sorted_worker_6.csv,dataset_slices_sorted,dataset/dataset_slices_sorted,cuda,5,no_encryption,0.0,20,,,,224,0.0001,2,logs_geosciences/dataset_slices_sorted_run_6_GoogLeNet,GoogLeNet,1,,2,32,4,,geosciences,static/plots_geosciences/dataset_slices_sorted_run_6_GoogLeNet,,run_dataset_geosciences/dataset_slices_sorted_run_6_GoogLeNet,,,1101.74267578125,True,6
32,FedProx,16,0.5928411633109619,0.49425889991061306,0.65378960147,0.5277722277722278,0.5928411633109619,18,-1,-1,csv_geosciences/runs/20260416-035431_dataset_slices_sorted_worker_1.csv,dataset_slices_sorted,dataset/dataset_slices_sorted,cuda,5,no_encryption,0.05,20,,,,224,0.0001,2,logs_geosciences/dataset_slices_sorted_run_1_GoogLeNet,GoogLeNet,1,,2,32,2,,geosciences,static/plots_geosciences/dataset_slices_sorted_run_1_GoogLeNet,,run_dataset_geosciences/dataset_slices_sorted_run_1_GoogLeNet,,,1015.904351234436,True,1
32,FedProx,16,0.5548098434004475,0.4983930834035764,0.6912941796667624,0.5246364125558756,0.5548098434004475,1,-1,-1,csv_geosciences/runs/20260416-035845_dataset_slices_sorted_worker_9.csv,dataset_slices_sorted,dataset/dataset_slices_sorted,cuda,5,no_encryption,0.05,20,,,,224,0.0001,2,logs_geosciences/dataset_slices_sorted_run_9_GoogLeNet,GoogLeNet,1,,2,32,4,,geosciences,static/plots_geosciences/dataset_slices_sorted_run_9_GoogLeNet,,run_dataset_geosciences/dataset_slices_sorted_run_9_GoogLeNet,,,1111.0336990356445,True,9
2,FedAvg,16,0.5857142857142857,0.43268983268983274,0.6783854030427479,0.3430612244897959,0.5857142857142857,0,-1,-1,csv_geosciences/runs/20260416-040036_dataset_slices_sorted_worker_0.csv,dataset_slices_sorted,dataset/dataset_slices_sorted,cuda,5,no_encryption,0.0,20,,,,224,0.01,3,logs_geosciences/dataset_slices_sorted_run_0_GoogLeNet,GoogLeNet,1,,2,2,2,,geosciences,static/plots_geosciences/dataset_slices_sorted_run_0_GoogLeNet,,run_dataset_geosciences/dataset_slices_sorted_run_0_GoogLeNet,,,938.9872992038727,True,0
2,FedAvg,16,0.5857142857142857,0.43268983268983274,0.6784063447089422,0.3430612244897959,0.5857142857142857,0,-1,-1,csv_geosciences/runs/20260416-040525_dataset_slices_sorted_worker_10.csv,dataset_slices_sorted,dataset/dataset_slices_sorted,cuda,5,no_encryption,0.0,20,,,,224,0.01,3,logs_geosciences/dataset_slices_sorted_run_10_GoogLeNet,GoogLeNet,1,,2,2,4,,geosciences,static/plots_geosciences/dataset_slices_sorted_run_10_GoogLeNet,,run_dataset_geosciences/dataset_slices_sorted_run_10_GoogLeNet,,,939.4883525371552,True,10
2,FedProx,16,0.4976190476190476,0.5004978801951814,0.694479954526538,0.519411525675218,0.4976190476190476,0,-1,-1,csv_geosciences/runs/20260416-040621_dataset_slices_sorted_worker_7.csv,dataset_slices_sorted,dataset/dataset_slices_sorted,cuda,5,no_encryption,0.05,20,,,,224,0.01,3,logs_geosciences/dataset_slices_sorted_run_7_GoogLeNet,GoogLeNet,1,,2,2,2,,geosciences,static/plots_geosciences/dataset_slices_sorted_run_7_GoogLeNet,,run_dataset_geosciences/dataset_slices_sorted_run_7_GoogLeNet,,,948.582498550415,True,7
2,FedProx,16,0.5857142857142857,0.43268983268983274,0.6797351854188102,0.3430612244897959,0.5857142857142857,0,-1,-1,csv_geosciences/runs/20260416-040711_dataset_slices_sorted_worker_4.csv,dataset_slices_sorted,dataset/dataset_slices_sorted,cuda,5,no_encryption,0.05,20,,,,224,0.01,3,logs_geosciences/dataset_slices_sorted_run_4_GoogLeNet,GoogLeNet,1,,2,2,4,,geosciences,static/plots_geosciences/dataset_slices_sorted_run_4_GoogLeNet,,run_dataset_geosciences/dataset_slices_sorted_run_4_GoogLeNet,,,958.610654592514,True,4
2,FedAvg,16,0.6880952380952381,0.6884798426001173,0.5753127010095687,0.6897109632114033,0.6880952380952381,15,-1,-1,csv_geosciences/runs/20260416-040722_dataset_slices_sorted_worker_3.csv,dataset_slices_sorted,dataset/dataset_slices_sorted,cuda,5,no_encryption,0.0,20,,,,224,0.001,3,logs_geosciences/dataset_slices_sorted_run_3_GoogLeNet,GoogLeNet,1,,2,2,2,,geosciences,static/plots_geosciences/dataset_slices_sorted_run_3_GoogLeNet,,run_dataset_geosciences/dataset_slices_sorted_run_3_GoogLeNet,,,932.1526501178741,True,3
2,FedAvg,16,0.6952380952380952,0.6918989547038328,0.5955639742669606,0.6917879113367835,0.6952380952380952,19,-1,-1,csv_geosciences/runs/20260416-040906_dataset_slices_sorted_worker_6.csv,dataset_slices_sorted,dataset/dataset_slices_sorted,cuda,5,no_encryption,0.0,20,,,,224,0.001,3,logs_geosciences/dataset_slices_sorted_run_6_GoogLeNet,GoogLeNet,1,,2,2,4,,geosciences,static/plots_geosciences/dataset_slices_sorted_run_6_GoogLeNet,,run_dataset_geosciences/dataset_slices_sorted_run_6_GoogLeNet,,,951.8348529338837,True,6
2,FedProx,16,0.6976190476190476,0.6906893370588276,0.5922343608878907,0.6939618881294538,0.6976190476190476,15,-1,-1,csv_geosciences/runs/20260416-041027_dataset_slices_sorted_worker_1.csv,dataset_slices_sorted,dataset/dataset_slices_sorted,cuda,5,no_encryption,0.05,20,,,,224,0.001,3,logs_geosciences/dataset_slices_sorted_run_1_GoogLeNet,GoogLeNet,1,,2,2,2,,geosciences,static/plots_geosciences/dataset_slices_sorted_run_1_GoogLeNet,,run_dataset_geosciences/dataset_slices_sorted_run_1_GoogLeNet,,,953.0844299793243,True,1
2,FedProx,16,0.6857142857142857,0.6786395159859336,0.6099827329317729,0.6830803043477587,0.6857142857142857,19,-1,-1,csv_geosciences/runs/20260416-041508_dataset_slices_sorted_worker_9.csv,dataset_slices_sorted,dataset/dataset_slices_sorted,cuda,5,no_encryption,0.05,20,,,,224,0.001,3,logs_geosciences/dataset_slices_sorted_run_9_GoogLeNet,GoogLeNet,1,,2,2,4,,geosciences,static/plots_geosciences/dataset_slices_sorted_run_9_GoogLeNet,,run_dataset_geosciences/dataset_slices_sorted_run_9_GoogLeNet,,,979.6297535896301,True,9
2,FedAvg,16,0.7238095238095238,0.7237981726376878,0.56855013299556,0.7239190386972879,0.7238095238095238,19,-1,-1,csv_geosciences/runs/20260416-041641_dataset_slices_sorted_worker_0.csv,dataset_slices_sorted,dataset/dataset_slices_sorted,cuda,5,no_encryption,0.0,20,,,,224,0.0001,3,logs_geosciences/dataset_slices_sorted_run_0_GoogLeNet,GoogLeNet,1,,2,2,2,,geosciences,static/plots_geosciences/dataset_slices_sorted_run_0_GoogLeNet,,run_dataset_geosciences/dataset_slices_sorted_run_0_GoogLeNet,,,962.2866559028625,True,0
4,FedAvg,16,0.5904761904761905,0.4384374108925007,0.6778957378296625,0.34866213151927433,0.5904761904761905,0,-1,-1,csv_geosciences/runs/20260416-041742_dataset_slices_sorted_worker_3.csv,dataset_slices_sorted,dataset/dataset_slices_sorted,cuda,5,no_encryption,0.0,20,,,,224,0.01,3,logs_geosciences/dataset_slices_sorted_run_3_GoogLeNet,GoogLeNet,1,,2,4,2,,geosciences,static/plots_geosciences/dataset_slices_sorted_run_3_GoogLeNet,,run_dataset_geosciences/dataset_slices_sorted_run_3_GoogLeNet,,,616.8343272209167,True,3
4,FedAvg,16,0.5904761904761905,0.4384374108925007,0.6773628234863281,0.34866213151927433,0.5904761904761905,0,-1,-1,csv_geosciences/runs/20260416-041954_dataset_slices_sorted_worker_6.csv,dataset_slices_sorted,dataset/dataset_slices_sorted,cuda,5,no_encryption,0.0,20,,,,224,0.01,3,logs_geosciences/dataset_slices_sorted_run_6_GoogLeNet,GoogLeNet,1,,2,4,4,,geosciences,static/plots_geosciences/dataset_slices_sorted_run_6_GoogLeNet,,run_dataset_geosciences/dataset_slices_sorted_run_6_GoogLeNet,,,644.6969199180603,True,6
4,FedProx,16,0.5904761904761905,0.4384374108925007,0.6774051989827837,0.34866213151927433,0.5904761904761905,1,-1,-1,csv_geosciences/runs/20260416-042109_dataset_slices_sorted_worker_1.csv,dataset_slices_sorted,dataset/dataset_slices_sorted,cuda,5,no_encryption,0.05,20,,,,224,0.01,3,logs_geosciences/dataset_slices_sorted_run_1_GoogLeNet,GoogLeNet,1,,2,4,2,,geosciences,static/plots_geosciences/dataset_slices_sorted_run_1_GoogLeNet,,run_dataset_geosciences/dataset_slices_sorted_run_1_GoogLeNet,,,638.8103992938995,True,1
2,FedAvg,16,0.7119047619047619,0.7102148679836116,0.5580115815003713,0.7099055650232121,0.7119047619047619,19,-1,-1,csv_geosciences/runs/20260416-042157_dataset_slices_sorted_worker_10.csv,dataset_slices_sorted,dataset/dataset_slices_sorted,cuda,5,no_encryption,0.0,20,,,,224,0.0001,3,logs_geosciences/dataset_slices_sorted_run_10_GoogLeNet,GoogLeNet,1,,2,2,4,,geosciences,static/plots_geosciences/dataset_slices_sorted_run_10_GoogLeNet,,run_dataset_geosciences/dataset_slices_sorted_run_10_GoogLeNet,,,988.6739675998688,True,10
2,FedProx,16,0.7047619047619048,0.6942239576109325,0.5820620644660223,0.7036356888854955,0.7047619047619048,19,-1,-1,csv_geosciences/runs/20260416-042259_dataset_slices_sorted_worker_7.csv,dataset_slices_sorted,dataset/dataset_slices_sorted,cuda,5,no_encryption,0.05,20,,,,224,0.0001,3,logs_geosciences/dataset_slices_sorted_run_7_GoogLeNet,GoogLeNet,1,,2,2,2,,geosciences,static/plots_geosciences/dataset_slices_sorted_run_7_GoogLeNet,,run_dataset_geosciences/dataset_slices_sorted_run_7_GoogLeNet,,,995.1937782764435,True,7
2,FedProx,16,0.680952380952381,0.6786794564456632,0.6069865187009176,0.6779395604395604,0.680952380952381,17,-1,-1,csv_geosciences/runs/20260416-042410_dataset_slices_sorted_worker_4.csv,dataset_slices_sorted,dataset/dataset_slices_sorted,cuda,5,no_encryption,0.05,20,,,,224,0.0001,3,logs_geosciences/dataset_slices_sorted_run_4_GoogLeNet,GoogLeNet,1,,2,2,4,,geosciences,static/plots_geosciences/dataset_slices_sorted_run_4_GoogLeNet,,run_dataset_geosciences/dataset_slices_sorted_run_4_GoogLeNet,,,1015.7848174571991,True,4
4,FedProx,16,0.5904761904761905,0.4384374108925007,0.6826363841692606,0.34866213151927433,0.5904761904761905,0,-1,-1,csv_geosciences/runs/20260416-042637_dataset_slices_sorted_worker_9.csv,dataset_slices_sorted,dataset/dataset_slices_sorted,cuda,5,no_encryption,0.05,20,,,,224,0.01,3,logs_geosciences/dataset_slices_sorted_run_9_GoogLeNet,GoogLeNet,1,,2,4,4,,geosciences,static/plots_geosciences/dataset_slices_sorted_run_9_GoogLeNet,,run_dataset_geosciences/dataset_slices_sorted_run_9_GoogLeNet,,,686.7855851650238,True,9
4,FedAvg,16,0.7,0.6982223773952014,0.6012838910023371,0.697899856870445,0.7,11,-1,-1,csv_geosciences/runs/20260416-042742_dataset_slices_sorted_worker_0.csv,dataset_slices_sorted,dataset/dataset_slices_sorted,cuda,5,no_encryption,0.0,20,,,,224,0.001,3,logs_geosciences/dataset_slices_sorted_run_0_GoogLeNet,GoogLeNet,1,,2,4,2,,geosciences,static/plots_geosciences/dataset_slices_sorted_run_0_GoogLeNet,,run_dataset_geosciences/dataset_slices_sorted_run_0_GoogLeNet,,,657.7254049777985,True,0
4,FedAvg,16,0.669047619047619,0.6680234060266874,0.6175233266183309,0.6688865225859677,0.669047619047619,9,-1,-1,csv_geosciences/runs/20260416-042900_dataset_slices_sorted_worker_3.csv,dataset_slices_sorted,dataset/dataset_slices_sorted,cuda,5,no_encryption,0.0,20,,,,224,0.001,3,logs_geosciences/dataset_slices_sorted_run_3_GoogLeNet,GoogLeNet,1,,2,4,4,,geosciences,static/plots_geosciences/dataset_slices_sorted_run_3_GoogLeNet,,run_dataset_geosciences/dataset_slices_sorted_run_3_GoogLeNet,,,674.2598621845245,True,3
4,FedProx,16,0.7119047619047619,0.7103349998478253,0.5869509604715165,0.7113106587485942,0.7119047619047619,15,-1,-1,csv_geosciences/runs/20260416-043120_dataset_slices_sorted_worker_6.csv,dataset_slices_sorted,dataset/dataset_slices_sorted,cuda,5,no_encryption,0.05,20,,,,224,0.001,3,logs_geosciences/dataset_slices_sorted_run_6_GoogLeNet,GoogLeNet,1,,2,4,2,,geosciences,static/plots_geosciences/dataset_slices_sorted_run_6_GoogLeNet,,run_dataset_geosciences/dataset_slices_sorted_run_6_GoogLeNet,,,682.8917121887207,True,6
4,FedProx,16,0.6976190476190476,0.6862383050570765,0.6161472800232115,0.6981147741147741,0.6976190476190476,12,-1,-1,csv_geosciences/runs/20260416-043300_dataset_slices_sorted_worker_1.csv,dataset_slices_sorted,dataset/dataset_slices_sorted,cuda,5,no_encryption,0.05,20,,,,224,0.001,3,logs_geosciences/dataset_slices_sorted_run_1_GoogLeNet,GoogLeNet,1,,2,4,4,,geosciences,static/plots_geosciences/dataset_slices_sorted_run_1_GoogLeNet,,run_dataset_geosciences/dataset_slices_sorted_run_1_GoogLeNet,,,707.524927854538,True,1
4,FedAvg,16,0.7023809523809523,0.6944278830863531,0.5774792398725237,0.7023965252738492,0.7023809523809523,18,-1,-1,csv_geosciences/runs/20260416-043315_dataset_slices_sorted_worker_10.csv,dataset_slices_sorted,dataset/dataset_slices_sorted,cuda,5,no_encryption,0.0,20,,,,224,0.0001,3,logs_geosciences/dataset_slices_sorted_run_10_GoogLeNet,GoogLeNet,1,,2,4,2,,geosciences,static/plots_geosciences/dataset_slices_sorted_run_10_GoogLeNet,,run_dataset_geosciences/dataset_slices_sorted_run_10_GoogLeNet,,,675.3956243991852,True,10
4,FedAvg,16,0.6880952380952381,0.6889403833766151,0.5880831648906072,0.6920736562599037,0.6880952380952381,19,-1,-1,csv_geosciences/runs/20260416-043438_dataset_slices_sorted_worker_7.csv,dataset_slices_sorted,dataset/dataset_slices_sorted,cuda,5,no_encryption,0.0,20,,,,224,0.0001,3,logs_geosciences/dataset_slices_sorted_run_7_GoogLeNet,GoogLeNet,1,,2,4,4,,geosciences,static/plots_geosciences/dataset_slices_sorted_run_7_GoogLeNet,,run_dataset_geosciences/dataset_slices_sorted_run_7_GoogLeNet,,,695.4052827358246,True,7
4,FedProx,16,0.7023809523809523,0.6930124978558707,0.5861496811821347,0.700294280675233,0.7023809523809523,18,-1,-1,csv_geosciences/runs/20260416-043549_dataset_slices_sorted_worker_4.csv,dataset_slices_sorted,dataset/dataset_slices_sorted,cuda,5,no_encryption,0.05,20,,,,224,0.0001,3,logs_geosciences/dataset_slices_sorted_run_4_GoogLeNet,GoogLeNet,1,,2,4,2,,geosciences,static/plots_geosciences/dataset_slices_sorted_run_4_GoogLeNet,,run_dataset_geosciences/dataset_slices_sorted_run_4_GoogLeNet,,,695.5703480243683,True,4
8,FedAvg,16,0.5849056603773585,0.4317160826594789,0.6906722604103808,0.3421146315414738,0.5849056603773585,0,-1,-1,csv_geosciences/runs/20260416-043720_dataset_slices_sorted_worker_0.csv,dataset_slices_sorted,dataset/dataset_slices_sorted,cuda,5,no_encryption,0.0,20,,,,224,0.01,3,logs_geosciences/dataset_slices_sorted_run_0_GoogLeNet,GoogLeNet,1,,2,8,2,,geosciences,static/plots_geosciences/dataset_slices_sorted_run_0_GoogLeNet,,run_dataset_geosciences/dataset_slices_sorted_run_0_GoogLeNet,,,574.9258544445038,True,0
4,FedProx,16,0.6738095238095239,0.6722333836507736,0.6085958702223642,0.67459548016554,0.6738095238095239,18,-1,-1,csv_geosciences/runs/20260416-043845_dataset_slices_sorted_worker_9.csv,dataset_slices_sorted,dataset/dataset_slices_sorted,cuda,5,no_encryption,0.05,20,,,,224,0.0001,3,logs_geosciences/dataset_slices_sorted_run_9_GoogLeNet,GoogLeNet,1,,2,4,4,,geosciences,static/plots_geosciences/dataset_slices_sorted_run_9_GoogLeNet,,run_dataset_geosciences/dataset_slices_sorted_run_9_GoogLeNet,,,724.7037508487701,True,9
8,FedAvg,16,0.5849056603773585,0.4317160826594789,0.6793173574051767,0.3421146315414738,0.5849056603773585,0,-1,-1,csv_geosciences/runs/20260416-044130_dataset_slices_sorted_worker_3.csv,dataset_slices_sorted,dataset/dataset_slices_sorted,cuda,5,no_encryption,0.0,20,,,,224,0.01,3,logs_geosciences/dataset_slices_sorted_run_3_GoogLeNet,GoogLeNet,1,,2,8,4,,geosciences,static/plots_geosciences/dataset_slices_sorted_run_3_GoogLeNet,,run_dataset_geosciences/dataset_slices_sorted_run_3_GoogLeNet,,,747.5364322662354,True,3
8,FedProx,16,0.5849056603773585,0.4317160826594789,0.6874993219971657,0.3421146315414738,0.5849056603773585,0,-1,-1,csv_geosciences/runs/20260416-044342_dataset_slices_sorted_worker_6.csv,dataset_slices_sorted,dataset/dataset_slices_sorted,cuda,5,no_encryption,0.05,20,,,,224,0.01,3,logs_geosciences/dataset_slices_sorted_run_6_GoogLeNet,GoogLeNet,1,,2,8,2,,geosciences,static/plots_geosciences/dataset_slices_sorted_run_6_GoogLeNet,,run_dataset_geosciences/dataset_slices_sorted_run_6_GoogLeNet,,,738.4493696689606,True,6
8,FedAvg,16,0.6839622641509434,0.6798097416328349,0.6042886710251277,0.682388042372015,0.6839622641509434,17,-1,-1,csv_geosciences/runs/20260416-044513_dataset_slices_sorted_worker_10.csv,dataset_slices_sorted,dataset/dataset_slices_sorted,cuda,5,no_encryption,0.0,20,,,,224,0.001,3,logs_geosciences/dataset_slices_sorted_run_10_GoogLeNet,GoogLeNet,1,,2,8,2,,geosciences,static/plots_geosciences/dataset_slices_sorted_run_10_GoogLeNet,,run_dataset_geosciences/dataset_slices_sorted_run_10_GoogLeNet,,,714.4134912490845,True,10
8,FedProx,16,0.5849056603773585,0.4317160826594789,0.6822569311227439,0.3421146315414738,0.5849056603773585,0,-1,-1,csv_geosciences/runs/20260416-044601_dataset_slices_sorted_worker_1.csv,dataset_slices_sorted,dataset/dataset_slices_sorted,cuda,5,no_encryption,0.05,20,,,,224,0.01,3,logs_geosciences/dataset_slices_sorted_run_1_GoogLeNet,GoogLeNet,1,,2,8,4,,geosciences,static/plots_geosciences/dataset_slices_sorted_run_1_GoogLeNet,,run_dataset_geosciences/dataset_slices_sorted_run_1_GoogLeNet,,,778.286660194397,True,1
8,FedAvg,16,0.6320754716981132,0.6332266482913051,0.6333252065727171,0.6576289565279708,0.6320754716981132,16,-1,-1,csv_geosciences/runs/20260416-044711_dataset_slices_sorted_worker_7.csv,dataset_slices_sorted,dataset/dataset_slices_sorted,cuda,5,no_encryption,0.0,20,,,,224,0.001,3,logs_geosciences/dataset_slices_sorted_run_7_GoogLeNet,GoogLeNet,1,,2,8,4,,geosciences,static/plots_geosciences/dataset_slices_sorted_run_7_GoogLeNet,,run_dataset_geosciences/dataset_slices_sorted_run_7_GoogLeNet,,,749.814121723175,True,7
8,FedProx,16,0.6933962264150944,0.6867013818673066,0.5919496175253166,0.69074306989708,0.6933962264150944,17,-1,-1,csv_geosciences/runs/20260416-044816_dataset_slices_sorted_worker_4.csv,dataset_slices_sorted,dataset/dataset_slices_sorted,cuda,5,no_encryption,0.05,20,,,,224,0.001,3,logs_geosciences/dataset_slices_sorted_run_4_GoogLeNet,GoogLeNet,1,,2,8,2,,geosciences,static/plots_geosciences/dataset_slices_sorted_run_4_GoogLeNet,,run_dataset_geosciences/dataset_slices_sorted_run_4_GoogLeNet,,,744.3859968185425,True,4
8,FedProx,16,0.6839622641509434,0.678803219057643,0.609718918940931,0.6814818892557635,0.6839622641509434,19,-1,-1,csv_geosciences/runs/20260416-045018_dataset_slices_sorted_worker_0.csv,dataset_slices_sorted,dataset/dataset_slices_sorted,cuda,5,no_encryption,0.05,20,,,,224,0.001,3,logs_geosciences/dataset_slices_sorted_run_0_GoogLeNet,GoogLeNet,1,,2,8,4,,geosciences,static/plots_geosciences/dataset_slices_sorted_run_0_GoogLeNet,,run_dataset_geosciences/dataset_slices_sorted_run_0_GoogLeNet,,,774.8897080421448,True,0
8,FedAvg,16,0.6886792452830188,0.6706292006235048,0.6038281914760482,0.6917425387065098,0.6886792452830188,18,-1,-1,csv_geosciences/runs/20260416-045051_dataset_slices_sorted_worker_9.csv,dataset_slices_sorted,dataset/dataset_slices_sorted,cuda,5,no_encryption,0.0,20,,,,224,0.0001,3,logs_geosciences/dataset_slices_sorted_run_9_GoogLeNet,GoogLeNet,1,,2,8,2,,geosciences,static/plots_geosciences/dataset_slices_sorted_run_9_GoogLeNet,,run_dataset_geosciences/dataset_slices_sorted_run_9_GoogLeNet,,,722.0424027442932,True,9
8,FedAvg,16,0.6721698113207547,0.6586511745132679,0.616033506562125,0.6692846050586354,0.6721698113207547,18,-1,-1,csv_geosciences/runs/20260416-045357_dataset_slices_sorted_worker_3.csv,dataset_slices_sorted,dataset/dataset_slices_sorted,cuda,5,no_encryption,0.0,20,,,,224,0.0001,3,logs_geosciences/dataset_slices_sorted_run_3_GoogLeNet,GoogLeNet,1,,2,8,4,,geosciences,static/plots_geosciences/dataset_slices_sorted_run_3_GoogLeNet,,run_dataset_geosciences/dataset_slices_sorted_run_3_GoogLeNet,,,743.3439028263092,True,3
8,FedProx,16,0.6792452830188679,0.6650222112565928,0.6068877113174718,0.6787068659791781,0.6792452830188679,18,-1,-1,csv_geosciences/runs/20260416-045601_dataset_slices_sorted_worker_6.csv,dataset_slices_sorted,dataset/dataset_slices_sorted,cuda,5,no_encryption,0.05,20,,,,224,0.0001,3,logs_geosciences/dataset_slices_sorted_run_6_GoogLeNet,GoogLeNet,1,,2,8,2,,geosciences,static/plots_geosciences/dataset_slices_sorted_run_6_GoogLeNet,,run_dataset_geosciences/dataset_slices_sorted_run_6_GoogLeNet,,,735.5842571258545,True,6
8,FedProx,16,0.6344339622641509,0.5938265157503105,0.6351141931032235,0.6366324709961347,0.6344339622641509,19,-1,-1,csv_geosciences/runs/20260416-045750_dataset_slices_sorted_worker_10.csv,dataset_slices_sorted,dataset/dataset_slices_sorted,cuda,5,no_encryption,0.05,20,,,,224,0.0001,3,logs_geosciences/dataset_slices_sorted_run_10_GoogLeNet,GoogLeNet,1,,2,8,4,,geosciences,static/plots_geosciences/dataset_slices_sorted_run_10_GoogLeNet,,run_dataset_geosciences/dataset_slices_sorted_run_10_GoogLeNet,,,753.6316170692444,True,10
16,FedAvg,16,0.5925925925925926,0.4409991386735573,0.6763495317211857,0.3511659807956104,0.5925925925925926,1,-1,-1,csv_geosciences/runs/20260416-050102_dataset_slices_sorted_worker_1.csv,dataset_slices_sorted,dataset/dataset_slices_sorted,cuda,5,no_encryption,0.0,20,,,,224,0.01,3,logs_geosciences/dataset_slices_sorted_run_1_GoogLeNet,GoogLeNet,1,,2,16,2,,geosciences,static/plots_geosciences/dataset_slices_sorted_run_1_GoogLeNet,,run_dataset_geosciences/dataset_slices_sorted_run_1_GoogLeNet,,,897.8294885158539,True,1
16,FedAvg,16,0.5925925925925926,0.4409991386735573,0.6780171880015621,0.3511659807956104,0.5925925925925926,1,-1,-1,csv_geosciences/runs/20260416-050258_dataset_slices_sorted_worker_7.csv,dataset_slices_sorted,dataset/dataset_slices_sorted,cuda,5,no_encryption,0.0,20,,,,224,0.01,3,logs_geosciences/dataset_slices_sorted_run_7_GoogLeNet,GoogLeNet,1,,2,16,4,,geosciences,static/plots_geosciences/dataset_slices_sorted_run_7_GoogLeNet,,run_dataset_geosciences/dataset_slices_sorted_run_7_GoogLeNet,,,943.4713833332062,True,7
16,FedProx,16,0.5925925925925926,0.4409991386735573,0.6924473422544973,0.3511659807956104,0.5925925925925926,0,-1,-1,csv_geosciences/runs/20260416-050328_dataset_slices_sorted_worker_4.csv,dataset_slices_sorted,dataset/dataset_slices_sorted,cuda,5,no_encryption,0.05,20,,,,224,0.01,3,logs_geosciences/dataset_slices_sorted_run_4_GoogLeNet,GoogLeNet,1,,2,16,2,,geosciences,static/plots_geosciences/dataset_slices_sorted_run_4_GoogLeNet,,run_dataset_geosciences/dataset_slices_sorted_run_4_GoogLeNet,,,908.1864423751831,True,4
16,FedAvg,16,0.6643518518518519,0.6641034769402139,0.6364051543728069,0.6865873983572105,0.6643518518518519,11,-1,-1,csv_geosciences/runs/20260416-050536_dataset_slices_sorted_worker_9.csv,dataset_slices_sorted,dataset/dataset_slices_sorted,cuda,5,no_encryption,0.0,20,,,,224,0.001,3,logs_geosciences/dataset_slices_sorted_run_9_GoogLeNet,GoogLeNet,1,,2,16,2,,geosciences,static/plots_geosciences/dataset_slices_sorted_run_9_GoogLeNet,,run_dataset_geosciences/dataset_slices_sorted_run_9_GoogLeNet,,,882.334237575531,True,9
16,FedProx,16,0.5925925925925926,0.4409991386735573,0.6854342422275631,0.3511659807956104,0.5925925925925926,0,-1,-1,csv_geosciences/runs/20260416-050622_dataset_slices_sorted_worker_0.csv,dataset_slices_sorted,dataset/dataset_slices_sorted,cuda,5,no_encryption,0.05,20,,,,224,0.01,3,logs_geosciences/dataset_slices_sorted_run_0_GoogLeNet,GoogLeNet,1,,2,16,4,,geosciences,static/plots_geosciences/dataset_slices_sorted_run_0_GoogLeNet,,run_dataset_geosciences/dataset_slices_sorted_run_0_GoogLeNet,,,960.1395447254181,True,0
16,FedAvg,16,0.6620370370370371,0.6613192138831436,0.6570992536014981,0.6888721676456562,0.6620370370370371,8,-1,-1,csv_geosciences/runs/20260416-050931_dataset_slices_sorted_worker_3.csv,dataset_slices_sorted,dataset/dataset_slices_sorted,cuda,5,no_encryption,0.0,20,,,,224,0.001,3,logs_geosciences/dataset_slices_sorted_run_3_GoogLeNet,GoogLeNet,1,,2,16,4,,geosciences,static/plots_geosciences/dataset_slices_sorted_run_3_GoogLeNet,,run_dataset_geosciences/dataset_slices_sorted_run_3_GoogLeNet,,,931.3988854885101,True,3
16,FedProx,16,0.7129629629629629,0.7067650215022611,0.5999345844266591,0.7130044439803211,0.7129629629629629,15,-1,-1,csv_geosciences/runs/20260416-051053_dataset_slices_sorted_worker_6.csv,dataset_slices_sorted,dataset/dataset_slices_sorted,cuda,5,no_encryption,0.05,20,,,,224,0.001,3,logs_geosciences/dataset_slices_sorted_run_6_GoogLeNet,GoogLeNet,1,,2,16,2,,geosciences,static/plots_geosciences/dataset_slices_sorted_run_6_GoogLeNet,,run_dataset_geosciences/dataset_slices_sorted_run_6_GoogLeNet,,,889.0076439380646,True,6
16,FedProx,16,0.6736111111111112,0.6743359078580278,0.624834263490306,0.6916977828589347,0.6736111111111112,16,-1,-1,csv_geosciences/runs/20260416-051340_dataset_slices_sorted_worker_10.csv,dataset_slices_sorted,dataset/dataset_slices_sorted,cuda,5,no_encryption,0.05,20,,,,224,0.001,3,logs_geosciences/dataset_slices_sorted_run_10_GoogLeNet,GoogLeNet,1,,2,16,4,,geosciences,static/plots_geosciences/dataset_slices_sorted_run_10_GoogLeNet,,run_dataset_geosciences/dataset_slices_sorted_run_10_GoogLeNet,,,947.0299327373505,True,10
16,FedAvg,16,0.6944444444444444,0.6744058424635481,0.6157486338030409,0.7043209877330058,0.6944444444444444,18,-1,-1,csv_geosciences/runs/20260416-051544_dataset_slices_sorted_worker_1.csv,dataset_slices_sorted,dataset/dataset_slices_sorted,cuda,5,no_encryption,0.0,20,,,,224,0.0001,3,logs_geosciences/dataset_slices_sorted_run_1_GoogLeNet,GoogLeNet,1,,2,16,2,,geosciences,static/plots_geosciences/dataset_slices_sorted_run_1_GoogLeNet,,run_dataset_geosciences/dataset_slices_sorted_run_1_GoogLeNet,,,878.3579154014587,True,1
16,FedAvg,16,0.5972222222222222,0.45079929043107336,0.6553270179364417,0.40378020470613063,0.5972222222222222,19,-1,-1,csv_geosciences/runs/20260416-051807_dataset_slices_sorted_worker_7.csv,dataset_slices_sorted,dataset/dataset_slices_sorted,cuda,5,no_encryption,0.0,20,,,,224,0.0001,3,logs_geosciences/dataset_slices_sorted_run_7_GoogLeNet,GoogLeNet,1,,2,16,4,,geosciences,static/plots_geosciences/dataset_slices_sorted_run_7_GoogLeNet,,run_dataset_geosciences/dataset_slices_sorted_run_7_GoogLeNet,,,905.5753819942474,True,7
16,FedProx,16,0.6851851851851852,0.665171371561658,0.6156824381539115,0.6963951439665748,0.6851851851851852,19,-1,-1,csv_geosciences/runs/20260416-051835_dataset_slices_sorted_worker_4.csv,dataset_slices_sorted,dataset/dataset_slices_sorted,cuda,5,no_encryption,0.05,20,,,,224,0.0001,3,logs_geosciences/dataset_slices_sorted_run_4_GoogLeNet,GoogLeNet,1,,2,16,2,,geosciences,static/plots_geosciences/dataset_slices_sorted_run_4_GoogLeNet,,run_dataset_geosciences/dataset_slices_sorted_run_4_GoogLeNet,,,903.9367022514343,True,4
32,FedProx,16,0.5727069351230425,0.4171339473352896,0.6895271935718972,0.32804779113503946,0.5727069351230425,0,-1,-1,csv_geosciences/runs/20260416-052005_dataset_slices_sorted_worker_6.csv,dataset_slices_sorted,dataset/dataset_slices_sorted,cuda,5,no_encryption,0.05,20,,,,224,0.01,3,logs_geosciences/dataset_slices_sorted_run_6_GoogLeNet,GoogLeNet,1,,2,32,2,,geosciences,static/plots_geosciences/dataset_slices_sorted_run_6_GoogLeNet,,run_dataset_geosciences/dataset_slices_sorted_run_6_GoogLeNet,,,548.4786758422852,True,6
16,FedProx,16,0.5925925925925926,0.4409991386735573,0.6773952845897939,0.3511659807956104,0.5925925925925926,0,-1,-1,csv_geosciences/runs/20260416-052121_dataset_slices_sorted_worker_9.csv,dataset_slices_sorted,dataset/dataset_slices_sorted,cuda,5,no_encryption,0.05,20,,,,224,0.0001,3,logs_geosciences/dataset_slices_sorted_run_9_GoogLeNet,GoogLeNet,1,,2,16,4,,geosciences,static/plots_geosciences/dataset_slices_sorted_run_9_GoogLeNet,,run_dataset_geosciences/dataset_slices_sorted_run_9_GoogLeNet,,,941.287727355957,True,9
32,FedAvg,16,0.5727069351230425,0.4171339473352896,0.6891922530711897,0.32804779113503946,0.5727069351230425,0,-1,-1,csv_geosciences/runs/20260416-052627_dataset_slices_sorted_worker_0.csv,dataset_slices_sorted,dataset/dataset_slices_sorted,cuda,5,no_encryption,0.0,20,,,,224,0.01,3,logs_geosciences/dataset_slices_sorted_run_0_GoogLeNet,GoogLeNet,1,,2,32,2,,geosciences,static/plots_geosciences/dataset_slices_sorted_run_0_GoogLeNet,,run_dataset_geosciences/dataset_slices_sorted_run_0_GoogLeNet,,,1202.4455389976501,True,0
32,FedProx,16,0.5727069351230425,0.4171339473352896,0.684023533624824,0.32804779113503946,0.5727069351230425,1,-1,-1,csv_geosciences/runs/20260416-052842_dataset_slices_sorted_worker_10.csv,dataset_slices_sorted,dataset/dataset_slices_sorted,cuda,5,no_encryption,0.05,20,,,,224,0.01,3,logs_geosciences/dataset_slices_sorted_run_10_GoogLeNet,GoogLeNet,1,,2,32,4,,geosciences,static/plots_geosciences/dataset_slices_sorted_run_10_GoogLeNet,,run_dataset_geosciences/dataset_slices_sorted_run_10_GoogLeNet,,,899.0260832309723,True,10
32,FedAvg,16,0.5727069351230425,0.4171339473352896,0.6829425077843719,0.32804779113503946,0.5727069351230425,1,-1,-1,csv_geosciences/runs/20260416-053112_dataset_slices_sorted_worker_3.csv,dataset_slices_sorted,dataset/dataset_slices_sorted,cuda,5,no_encryption,0.0,20,,,,224,0.01,3,logs_geosciences/dataset_slices_sorted_run_3_GoogLeNet,GoogLeNet,1,,2,32,4,,geosciences,static/plots_geosciences/dataset_slices_sorted_run_3_GoogLeNet,,run_dataset_geosciences/dataset_slices_sorted_run_3_GoogLeNet,,,1297.7545518875122,True,3
32,FedAvg,16,0.6308724832214765,0.6244299735375431,0.6483604334611487,0.6478329152825796,0.6308724832214765,17,-1,-1,csv_geosciences/runs/20260416-053811_dataset_slices_sorted_worker_1.csv,dataset_slices_sorted,dataset/dataset_slices_sorted,cuda,5,no_encryption,0.0,20,,,,224,0.001,3,logs_geosciences/dataset_slices_sorted_run_1_GoogLeNet,GoogLeNet,1,,2,32,2,,geosciences,static/plots_geosciences/dataset_slices_sorted_run_1_GoogLeNet,,run_dataset_geosciences/dataset_slices_sorted_run_1_GoogLeNet,,,1344.1668128967285,True,1
32,FedProx,16,0.6756152125279642,0.6619876636831777,0.6269514902059398,0.6896862521023595,0.6756152125279642,19,-1,-1,csv_geosciences/runs/20260416-053832_dataset_slices_sorted_worker_4.csv,dataset_slices_sorted,dataset/dataset_slices_sorted,cuda,5,no_encryption,0.05,20,,,,224,0.001,3,logs_geosciences/dataset_slices_sorted_run_4_GoogLeNet,GoogLeNet,1,,2,32,2,,geosciences,static/plots_geosciences/dataset_slices_sorted_run_4_GoogLeNet,,run_dataset_geosciences/dataset_slices_sorted_run_4_GoogLeNet,,,1193.3843586444855,True,4
32,FedAvg,16,0.6152125279642058,0.6059778164501085,0.6641702426626644,0.6185887316759799,0.6152125279642058,11,-1,-1,csv_geosciences/runs/20260416-053918_dataset_slices_sorted_worker_7.csv,dataset_slices_sorted,dataset/dataset_slices_sorted,cuda,5,no_encryption,0.0,20,,,,224,0.001,3,logs_geosciences/dataset_slices_sorted_run_7_GoogLeNet,GoogLeNet,1,,2,32,4,,geosciences,static/plots_geosciences/dataset_slices_sorted_run_7_GoogLeNet,,run_dataset_geosciences/dataset_slices_sorted_run_7_GoogLeNet,,,1268.0487687587738,True,7
32,FedAvg,16,0.6174496644295302,0.5541036550989384,0.6470349357698855,0.6269209537665913,0.6174496644295302,19,-1,-1,csv_geosciences/runs/20260416-054056_dataset_slices_sorted_worker_9.csv,dataset_slices_sorted,dataset/dataset_slices_sorted,cuda,5,no_encryption,0.0,20,,,,224,0.0001,3,logs_geosciences/dataset_slices_sorted_run_9_GoogLeNet,GoogLeNet,1,,2,32,2,,geosciences,static/plots_geosciences/dataset_slices_sorted_run_9_GoogLeNet,,run_dataset_geosciences/dataset_slices_sorted_run_9_GoogLeNet,,,1171.4312493801117,True,9
32,FedProx,16,0.6420581655480985,0.6357160197426576,0.6367993846835706,0.6506204583385791,0.6420581655480985,19,-1,-1,csv_geosciences/runs/20260416-054140_dataset_slices_sorted_worker_6.csv,dataset_slices_sorted,dataset/dataset_slices_sorted,cuda,5,no_encryption,0.05,20,,,,224,0.001,3,logs_geosciences/dataset_slices_sorted_run_6_GoogLeNet,GoogLeNet,1,,2,32,4,,geosciences,static/plots_geosciences/dataset_slices_sorted_run_6_GoogLeNet,,run_dataset_geosciences/dataset_slices_sorted_run_6_GoogLeNet,,,1292.396898508072,True,6
32,FedAvg,16,0.5727069351230425,0.4171339473352896,0.6879409511617366,0.32804779113503946,0.5727069351230425,0,-1,-1,csv_geosciences/runs/20260416-054725_dataset_slices_sorted_worker_0.csv,dataset_slices_sorted,dataset/dataset_slices_sorted,cuda,5,no_encryption,0.0,20,,,,224,0.0001,3,logs_geosciences/dataset_slices_sorted_run_0_GoogLeNet,GoogLeNet,1,,2,32,4,,geosciences,static/plots_geosciences/dataset_slices_sorted_run_0_GoogLeNet,,run_dataset_geosciences/dataset_slices_sorted_run_0_GoogLeNet,,,1254.287431716919,True,0
32,FedProx,16,0.6062639821029083,0.5358677522223972,0.6493254127918474,0.6023541708105467,0.6062639821029083,19,-1,-1,csv_geosciences/runs/20260416-054817_dataset_slices_sorted_worker_10.csv,dataset_slices_sorted,dataset/dataset_slices_sorted,cuda,5,no_encryption,0.05,20,,,,224,0.0001,3,logs_geosciences/dataset_slices_sorted_run_10_GoogLeNet,GoogLeNet,1,,2,32,2,,geosciences,static/plots_geosciences/dataset_slices_sorted_run_10_GoogLeNet,,run_dataset_geosciences/dataset_slices_sorted_run_10_GoogLeNet,,,1171.10755610466,True,10
32,FedProx,16,0.5727069351230425,0.4171339473352896,0.6852354651329501,0.32804779113503946,0.5727069351230425,0,-1,-1,csv_geosciences/runs/20260416-055229_dataset_slices_sorted_worker_3.csv,dataset_slices_sorted,dataset/dataset_slices_sorted,cuda,5,no_encryption,0.05,20,,,,224,0.0001,3,logs_geosciences/dataset_slices_sorted_run_3_GoogLeNet,GoogLeNet,1,,2,32,4,,geosciences,static/plots_geosciences/dataset_slices_sorted_run_3_GoogLeNet,,run_dataset_geosciences/dataset_slices_sorted_run_3_GoogLeNet,,,1273.0212638378143,True,3
2,FedAvg,16,0.5857142857142857,0.43268983268983274,0.6783990905398414,0.3430612244897959,0.5857142857142857,0,-1,-1,csv_geosciences/runs/20260416-060109_dataset_slices_sorted_worker_1.csv,dataset_slices_sorted,dataset/dataset_slices_sorted,cuda,5,no_encryption,0.0,20,,,,224,0.01,5,logs_geosciences/dataset_slices_sorted_run_1_GoogLeNet,GoogLeNet,1,,2,2,2,,geosciences,static/plots_geosciences/dataset_slices_sorted_run_1_GoogLeNet,,run_dataset_geosciences/dataset_slices_sorted_run_1_GoogLeNet,,,1374.4102277755737,True,1
2,FedAvg,16,0.5857142857142857,0.43268983268983274,0.6788870595750355,0.3430612244897959,0.5857142857142857,0,-1,-1,csv_geosciences/runs/20260416-060137_dataset_slices_sorted_worker_4.csv,dataset_slices_sorted,dataset/dataset_slices_sorted,cuda,5,no_encryption,0.0,20,,,,224,0.01,5,logs_geosciences/dataset_slices_sorted_run_4_GoogLeNet,GoogLeNet,1,,2,2,4,,geosciences,static/plots_geosciences/dataset_slices_sorted_run_4_GoogLeNet,,run_dataset_geosciences/dataset_slices_sorted_run_4_GoogLeNet,,,1382.0576782226562,True,4
2,FedProx,16,0.5857142857142857,0.43268983268983274,0.6820504350321633,0.3430612244897959,0.5857142857142857,0,-1,-1,csv_geosciences/runs/20260416-060230_dataset_slices_sorted_worker_7.csv,dataset_slices_sorted,dataset/dataset_slices_sorted,cuda,5,no_encryption,0.05,20,,,,224,0.01,5,logs_geosciences/dataset_slices_sorted_run_7_GoogLeNet,GoogLeNet,1,,2,2,2,,geosciences,static/plots_geosciences/dataset_slices_sorted_run_7_GoogLeNet,,run_dataset_geosciences/dataset_slices_sorted_run_7_GoogLeNet,,,1388.7182097434998,True,7
2,FedProx,16,0.5857142857142857,0.43268983268983274,0.6785131409054711,0.3430612244897959,0.5857142857142857,0,-1,-1,csv_geosciences/runs/20260416-060426_dataset_slices_sorted_worker_9.csv,dataset_slices_sorted,dataset/dataset_slices_sorted,cuda,5,no_encryption,0.05,20,,,,224,0.01,5,logs_geosciences/dataset_slices_sorted_run_9_GoogLeNet,GoogLeNet,1,,2,2,4,,geosciences,static/plots_geosciences/dataset_slices_sorted_run_9_GoogLeNet,,run_dataset_geosciences/dataset_slices_sorted_run_9_GoogLeNet,,,1406.6989521980286,True,9
2,FedAvg,16,0.7428571428571429,0.7363252036184368,0.5285997311274211,0.7429184003527826,0.7428571428571429,14,-1,-1,csv_geosciences/runs/20260416-060442_dataset_slices_sorted_worker_6.csv,dataset_slices_sorted,dataset/dataset_slices_sorted,cuda,5,no_encryption,0.0,20,,,,224,0.001,5,logs_geosciences/dataset_slices_sorted_run_6_GoogLeNet,GoogLeNet,1,,2,2,2,,geosciences,static/plots_geosciences/dataset_slices_sorted_run_6_GoogLeNet,,run_dataset_geosciences/dataset_slices_sorted_run_6_GoogLeNet,,,1377.9556307792664,True,6
2,FedAvg,16,0.7285714285714285,0.7280878255278105,0.5385238775185176,0.7277378151260504,0.7285714285714285,18,-1,-1,csv_geosciences/runs/20260416-061034_dataset_slices_sorted_worker_0.csv,dataset_slices_sorted,dataset/dataset_slices_sorted,cuda,5,no_encryption,0.0,20,,,,224,0.001,5,logs_geosciences/dataset_slices_sorted_run_0_GoogLeNet,GoogLeNet,1,,2,2,4,,geosciences,static/plots_geosciences/dataset_slices_sorted_run_0_GoogLeNet,,run_dataset_geosciences/dataset_slices_sorted_run_0_GoogLeNet,,,1386.6368703842163,True,0
2,FedProx,16,0.7,0.7022136515215747,0.5783934817427681,0.7147289031722994,0.7,16,-1,-1,csv_geosciences/runs/20260416-061122_dataset_slices_sorted_worker_10.csv,dataset_slices_sorted,dataset/dataset_slices_sorted,cuda,5,no_encryption,0.05,20,,,,224,0.001,5,logs_geosciences/dataset_slices_sorted_run_10_GoogLeNet,GoogLeNet,1,,2,2,2,,geosciences,static/plots_geosciences/dataset_slices_sorted_run_10_GoogLeNet,,run_dataset_geosciences/dataset_slices_sorted_run_10_GoogLeNet,,,1381.6350538730621,True,10
2,FedProx,16,0.6761904761904762,0.6761704371635889,0.5912964789640336,0.6761810732249807,0.6761904761904762,19,-1,-1,csv_geosciences/runs/20260416-061607_dataset_slices_sorted_worker_3.csv,dataset_slices_sorted,dataset/dataset_slices_sorted,cuda,5,no_encryption,0.05,20,,,,224,0.001,5,logs_geosciences/dataset_slices_sorted_run_3_GoogLeNet,GoogLeNet,1,,2,2,4,,geosciences,static/plots_geosciences/dataset_slices_sorted_run_3_GoogLeNet,,run_dataset_geosciences/dataset_slices_sorted_run_3_GoogLeNet,,,1415.101196050644,True,3
4,FedAvg,16,0.5904761904761905,0.4384374108925007,0.6781855412891933,0.34866213151927433,0.5904761904761905,0,-1,-1,csv_geosciences/runs/20260416-061921_dataset_slices_sorted_worker_6.csv,dataset_slices_sorted,dataset/dataset_slices_sorted,cuda,5,no_encryption,0.0,20,,,,224,0.01,5,logs_geosciences/dataset_slices_sorted_run_6_GoogLeNet,GoogLeNet,1,,2,4,2,,geosciences,static/plots_geosciences/dataset_slices_sorted_run_6_GoogLeNet,,run_dataset_geosciences/dataset_slices_sorted_run_6_GoogLeNet,,,876.6976079940796,True,6
2,FedAvg,16,0.7380952380952381,0.7339631967904625,0.5581067496821994,0.7360241732856063,0.7380952380952381,12,-1,-1,csv_geosciences/runs/20260416-062450_dataset_slices_sorted_worker_1.csv,dataset_slices_sorted,dataset/dataset_slices_sorted,cuda,5,no_encryption,0.0,20,,,,224,0.0001,5,logs_geosciences/dataset_slices_sorted_run_1_GoogLeNet,GoogLeNet,1,,2,2,2,,geosciences,static/plots_geosciences/dataset_slices_sorted_run_1_GoogLeNet,,run_dataset_geosciences/dataset_slices_sorted_run_1_GoogLeNet,,,1417.7522118091583,True,1
2,FedAvg,16,0.7452380952380953,0.7428811739031687,0.541899179986545,0.7438401322217736,0.7452380952380953,17,-1,-1,csv_geosciences/runs/20260416-062531_dataset_slices_sorted_worker_4.csv,dataset_slices_sorted,dataset/dataset_slices_sorted,cuda,5,no_encryption,0.0,20,,,,224,0.0001,5,logs_geosciences/dataset_slices_sorted_run_4_GoogLeNet,GoogLeNet,1,,2,2,4,,geosciences,static/plots_geosciences/dataset_slices_sorted_run_4_GoogLeNet,,run_dataset_geosciences/dataset_slices_sorted_run_4_GoogLeNet,,,1430.602545261383,True,4
4,FedAvg,16,0.5904761904761905,0.4384374108925007,0.6766893199511936,0.34866213151927433,0.5904761904761905,0,-1,-1,csv_geosciences/runs/20260416-062557_dataset_slices_sorted_worker_0.csv,dataset_slices_sorted,dataset/dataset_slices_sorted,cuda,5,no_encryption,0.0,20,,,,224,0.01,5,logs_geosciences/dataset_slices_sorted_run_0_GoogLeNet,GoogLeNet,1,,2,4,4,,geosciences,static/plots_geosciences/dataset_slices_sorted_run_0_GoogLeNet,,run_dataset_geosciences/dataset_slices_sorted_run_0_GoogLeNet,,,919.6817426681519,True,0
4,FedProx,16,0.5904761904761905,0.4384374108925007,0.6826351784524464,0.34866213151927433,0.5904761904761905,1,-1,-1,csv_geosciences/runs/20260416-062635_dataset_slices_sorted_worker_10.csv,dataset_slices_sorted,dataset/dataset_slices_sorted,cuda,5,no_encryption,0.05,20,,,,224,0.01,5,logs_geosciences/dataset_slices_sorted_run_10_GoogLeNet,GoogLeNet,1,,2,4,2,,geosciences,static/plots_geosciences/dataset_slices_sorted_run_10_GoogLeNet,,run_dataset_geosciences/dataset_slices_sorted_run_10_GoogLeNet,,,909.9175975322723,True,10
2,FedProx,16,0.7309523809523809,0.7286416303589074,0.5638086361544473,0.7293081648875767,0.7309523809523809,18,-1,-1,csv_geosciences/runs/20260416-062637_dataset_slices_sorted_worker_7.csv,dataset_slices_sorted,dataset/dataset_slices_sorted,cuda,5,no_encryption,0.05,20,,,,224,0.0001,5,logs_geosciences/dataset_slices_sorted_run_7_GoogLeNet,GoogLeNet,1,,2,2,2,,geosciences,static/plots_geosciences/dataset_slices_sorted_run_7_GoogLeNet,,run_dataset_geosciences/dataset_slices_sorted_run_7_GoogLeNet,,,1443.7677879333496,True,7
2,FedProx,16,0.6952380952380952,0.6900152964718242,0.5920401045254299,0.6912747082012458,0.6952380952380952,19,-1,-1,csv_geosciences/runs/20260416-062921_dataset_slices_sorted_worker_9.csv,dataset_slices_sorted,dataset/dataset_slices_sorted,cuda,5,no_encryption,0.05,20,,,,224,0.0001,5,logs_geosciences/dataset_slices_sorted_run_9_GoogLeNet,GoogLeNet,1,,2,2,4,,geosciences,static/plots_geosciences/dataset_slices_sorted_run_9_GoogLeNet,,run_dataset_geosciences/dataset_slices_sorted_run_9_GoogLeNet,,,1492.21164894104,True,9
4,FedProx,16,0.5904761904761905,0.4384374108925007,0.680065207254319,0.34866213151927433,0.5904761904761905,0,-1,-1,csv_geosciences/runs/20260416-063216_dataset_slices_sorted_worker_3.csv,dataset_slices_sorted,dataset/dataset_slices_sorted,cuda,5,no_encryption,0.05,20,,,,224,0.01,5,logs_geosciences/dataset_slices_sorted_run_3_GoogLeNet,GoogLeNet,1,,2,4,4,,geosciences,static/plots_geosciences/dataset_slices_sorted_run_3_GoogLeNet,,run_dataset_geosciences/dataset_slices_sorted_run_3_GoogLeNet,,,965.5662381649017,True,3
4,FedAvg,16,0.7357142857142858,0.733582530515441,0.5490828231686637,0.7343905691731778,0.7357142857142858,16,-1,-1,csv_geosciences/runs/20260416-063456_dataset_slices_sorted_worker_6.csv,dataset_slices_sorted,dataset/dataset_slices_sorted,cuda,5,no_encryption,0.0,20,,,,224,0.001,5,logs_geosciences/dataset_slices_sorted_run_6_GoogLeNet,GoogLeNet,1,,2,4,2,,geosciences,static/plots_geosciences/dataset_slices_sorted_run_6_GoogLeNet,,run_dataset_geosciences/dataset_slices_sorted_run_6_GoogLeNet,,,931.2057063579559,True,6
4,FedAvg,16,0.6928571428571428,0.6927150334956157,0.5910010422979083,0.6941030939982533,0.6928571428571428,16,-1,-1,csv_geosciences/runs/20260416-064104_dataset_slices_sorted_worker_1.csv,dataset_slices_sorted,dataset/dataset_slices_sorted,cuda,5,no_encryption,0.0,20,,,,224,0.001,5,logs_geosciences/dataset_slices_sorted_run_1_GoogLeNet,GoogLeNet,1,,2,4,4,,geosciences,static/plots_geosciences/dataset_slices_sorted_run_1_GoogLeNet,,run_dataset_geosciences/dataset_slices_sorted_run_1_GoogLeNet,,,971.3829872608185,True,1
4,FedProx,16,0.7,0.6992402211209868,0.5572414528755915,0.6996769485027831,0.7,15,-1,-1,csv_geosciences/runs/20260416-064149_dataset_slices_sorted_worker_4.csv,dataset_slices_sorted,dataset/dataset_slices_sorted,cuda,5,no_encryption,0.05,20,,,,224,0.001,5,logs_geosciences/dataset_slices_sorted_run_4_GoogLeNet,GoogLeNet,1,,2,4,2,,geosciences,static/plots_geosciences/dataset_slices_sorted_run_4_GoogLeNet,,run_dataset_geosciences/dataset_slices_sorted_run_4_GoogLeNet,,,975.040449142456,True,4
4,FedAvg,16,0.7238095238095238,0.7149790555964843,0.5437488503399349,0.7235461659840325,0.7238095238095238,19,-1,-1,csv_geosciences/runs/20260416-064232_dataset_slices_sorted_worker_10.csv,dataset_slices_sorted,dataset/dataset_slices_sorted,cuda,5,no_encryption,0.0,20,,,,224,0.0001,5,logs_geosciences/dataset_slices_sorted_run_10_GoogLeNet,GoogLeNet,1,,2,4,2,,geosciences,static/plots_geosciences/dataset_slices_sorted_run_10_GoogLeNet,,run_dataset_geosciences/dataset_slices_sorted_run_10_GoogLeNet,,,954.3882765769958,True,10
4,FedProx,16,0.6880952380952381,0.6879612401382844,0.5978113996131079,0.6887995567865641,0.6880952380952381,16,-1,-1,csv_geosciences/runs/20260416-064249_dataset_slices_sorted_worker_0.csv,dataset_slices_sorted,dataset/dataset_slices_sorted,cuda,5,no_encryption,0.05,20,,,,224,0.001,5,logs_geosciences/dataset_slices_sorted_run_0_GoogLeNet,GoogLeNet,1,,2,4,4,,geosciences,static/plots_geosciences/dataset_slices_sorted_run_0_GoogLeNet,,run_dataset_geosciences/dataset_slices_sorted_run_0_GoogLeNet,,,1008.4313611984253,True,0
4,FedAvg,16,0.7047619047619048,0.7041313109218352,0.5613533188899358,0.7048432239170802,0.7047619047619048,18,-1,-1,csv_geosciences/runs/20260416-064250_dataset_slices_sorted_worker_7.csv,dataset_slices_sorted,dataset/dataset_slices_sorted,cuda,5,no_encryption,0.0,20,,,,224,0.0001,5,logs_geosciences/dataset_slices_sorted_run_7_GoogLeNet,GoogLeNet,1,,2,4,4,,geosciences,static/plots_geosciences/dataset_slices_sorted_run_7_GoogLeNet,,run_dataset_geosciences/dataset_slices_sorted_run_7_GoogLeNet,,,969.441976070404,True,7
4,FedProx,16,0.7166666666666667,0.7073142996752722,0.5688747584819793,0.7176005043453778,0.7166666666666667,17,-1,-1,csv_geosciences/runs/20260416-064600_dataset_slices_sorted_worker_9.csv,dataset_slices_sorted,dataset/dataset_slices_sorted,cuda,5,no_encryption,0.05,20,,,,224,0.0001,5,logs_geosciences/dataset_slices_sorted_run_9_GoogLeNet,GoogLeNet,1,,2,4,2,,geosciences,static/plots_geosciences/dataset_slices_sorted_run_9_GoogLeNet,,run_dataset_geosciences/dataset_slices_sorted_run_9_GoogLeNet,,,996.2924518585205,True,9
4,FedProx,16,0.6833333333333333,0.6780480483546948,0.5980784420456206,0.6803379343136788,0.6833333333333333,14,-1,-1,csv_geosciences/runs/20260416-064920_dataset_slices_sorted_worker_3.csv,dataset_slices_sorted,dataset/dataset_slices_sorted,cuda,5,no_encryption,0.05,20,,,,224,0.0001,5,logs_geosciences/dataset_slices_sorted_run_3_GoogLeNet,GoogLeNet,1,,2,4,4,,geosciences,static/plots_geosciences/dataset_slices_sorted_run_3_GoogLeNet,,run_dataset_geosciences/dataset_slices_sorted_run_3_GoogLeNet,,,1020.8611228466034,True,3
8,FedAvg,16,0.5849056603773585,0.4317160826594789,0.6847688949333047,0.3421146315414738,0.5849056603773585,0,-1,-1,csv_geosciences/runs/20260416-065130_dataset_slices_sorted_worker_6.csv,dataset_slices_sorted,dataset/dataset_slices_sorted,cuda,5,no_encryption,0.0,20,,,,224,0.01,5,logs_geosciences/dataset_slices_sorted_run_6_GoogLeNet,GoogLeNet,1,,2,8,2,,geosciences,static/plots_geosciences/dataset_slices_sorted_run_6_GoogLeNet,,run_dataset_geosciences/dataset_slices_sorted_run_6_GoogLeNet,,,991.1208353042603,True,6
8,FedAvg,16,0.5849056603773585,0.4317160826594789,0.6793200092495613,0.3421146315414738,0.5849056603773585,0,-1,-1,csv_geosciences/runs/20260416-065833_dataset_slices_sorted_worker_1.csv,dataset_slices_sorted,dataset/dataset_slices_sorted,cuda,5,no_encryption,0.0,20,,,,224,0.01,5,logs_geosciences/dataset_slices_sorted_run_1_GoogLeNet,GoogLeNet,1,,2,8,4,,geosciences,static/plots_geosciences/dataset_slices_sorted_run_1_GoogLeNet,,run_dataset_geosciences/dataset_slices_sorted_run_1_GoogLeNet,,,1045.651358127594,True,1
8,FedProx,16,0.5849056603773585,0.4317160826594789,0.6791717533795338,0.3421146315414738,0.5849056603773585,1,-1,-1,csv_geosciences/runs/20260416-065908_dataset_slices_sorted_worker_4.csv,dataset_slices_sorted,dataset/dataset_slices_sorted,cuda,5,no_encryption,0.05,20,,,,224,0.01,5,logs_geosciences/dataset_slices_sorted_run_4_GoogLeNet,GoogLeNet,1,,2,8,2,,geosciences,static/plots_geosciences/dataset_slices_sorted_run_4_GoogLeNet,,run_dataset_geosciences/dataset_slices_sorted_run_4_GoogLeNet,,,1036.0817077159882,True,4
8,FedAvg,16,0.660377358490566,0.6614967435860888,0.6013198479447724,0.6903156933367269,0.660377358490566,17,-1,-1,csv_geosciences/runs/20260416-065945_dataset_slices_sorted_worker_0.csv,dataset_slices_sorted,dataset/dataset_slices_sorted,cuda,5,no_encryption,0.0,20,,,,224,0.001,5,logs_geosciences/dataset_slices_sorted_run_0_GoogLeNet,GoogLeNet,1,,2,8,2,,geosciences,static/plots_geosciences/dataset_slices_sorted_run_0_GoogLeNet,,run_dataset_geosciences/dataset_slices_sorted_run_0_GoogLeNet,,,1012.7955791950226,True,0
8,FedAvg,16,0.6556603773584906,0.6560298437608945,0.6310420965529838,0.6877007966056367,0.6556603773584906,11,-1,-1,csv_geosciences/runs/20260416-070011_dataset_slices_sorted_worker_7.csv,dataset_slices_sorted,dataset/dataset_slices_sorted,cuda,5,no_encryption,0.0,20,,,,224,0.001,5,logs_geosciences/dataset_slices_sorted_run_7_GoogLeNet,GoogLeNet,1,,2,8,4,,geosciences,static/plots_geosciences/dataset_slices_sorted_run_7_GoogLeNet,,run_dataset_geosciences/dataset_slices_sorted_run_7_GoogLeNet,,,1038.1874887943268,True,7
8,FedProx,16,0.5849056603773585,0.4317160826594789,0.6825153463572826,0.3421146315414738,0.5849056603773585,0,-1,-1,csv_geosciences/runs/20260416-070030_dataset_slices_sorted_worker_10.csv,dataset_slices_sorted,dataset/dataset_slices_sorted,cuda,5,no_encryption,0.05,20,,,,224,0.01,5,logs_geosciences/dataset_slices_sorted_run_10_GoogLeNet,GoogLeNet,1,,2,8,4,,geosciences,static/plots_geosciences/dataset_slices_sorted_run_10_GoogLeNet,,run_dataset_geosciences/dataset_slices_sorted_run_10_GoogLeNet,,,1074.5697078704834,True,10
8,FedProx,16,0.7122641509433962,0.7085088377327455,0.59334213532648,0.7116658135926984,0.7122641509433962,13,-1,-1,csv_geosciences/runs/20260416-070318_dataset_slices_sorted_worker_9.csv,dataset_slices_sorted,dataset/dataset_slices_sorted,cuda,5,no_encryption,0.05,20,,,,224,0.001,5,logs_geosciences/dataset_slices_sorted_run_9_GoogLeNet,GoogLeNet,1,,2,8,2,,geosciences,static/plots_geosciences/dataset_slices_sorted_run_9_GoogLeNet,,run_dataset_geosciences/dataset_slices_sorted_run_9_GoogLeNet,,,1034.8689296245575,True,9
8,FedProx,16,0.6839622641509434,0.680625576589715,0.607906348441007,0.6840025032901792,0.6839622641509434,12,-1,-1,csv_geosciences/runs/20260416-070724_dataset_slices_sorted_worker_3.csv,dataset_slices_sorted,dataset/dataset_slices_sorted,cuda,5,no_encryption,0.05,20,,,,224,0.001,5,logs_geosciences/dataset_slices_sorted_run_3_GoogLeNet,GoogLeNet,1,,2,8,4,,geosciences,static/plots_geosciences/dataset_slices_sorted_run_3_GoogLeNet,,run_dataset_geosciences/dataset_slices_sorted_run_3_GoogLeNet,,,1081.2883007526398,True,3
8,FedAvg,16,0.6981132075471698,0.6909562944153149,0.5855587699081538,0.6948537778726458,0.6981132075471698,19,-1,-1,csv_geosciences/runs/20260416-070822_dataset_slices_sorted_worker_6.csv,dataset_slices_sorted,dataset/dataset_slices_sorted,cuda,5,no_encryption,0.0,20,,,,224,0.0001,5,logs_geosciences/dataset_slices_sorted_run_6_GoogLeNet,GoogLeNet,1,,2,8,2,,geosciences,static/plots_geosciences/dataset_slices_sorted_run_6_GoogLeNet,,run_dataset_geosciences/dataset_slices_sorted_run_6_GoogLeNet,,,1008.269296169281,True,6
8,FedAvg,16,0.6957547169811321,0.6953352976765217,0.6112019359924883,0.696367484235247,0.6957547169811321,15,-1,-1,csv_geosciences/runs/20260416-071550_dataset_slices_sorted_worker_1.csv,dataset_slices_sorted,dataset/dataset_slices_sorted,cuda,5,no_encryption,0.0,20,,,,224,0.0001,5,logs_geosciences/dataset_slices_sorted_run_1_GoogLeNet,GoogLeNet,1,,2,8,4,,geosciences,static/plots_geosciences/dataset_slices_sorted_run_1_GoogLeNet,,run_dataset_geosciences/dataset_slices_sorted_run_1_GoogLeNet,,,1033.2328000068665,True,1
8,FedProx,16,0.6839622641509434,0.6738578265976022,0.5896607385069694,0.6819133132381571,0.6839622641509434,19,-1,-1,csv_geosciences/runs/20260416-071613_dataset_slices_sorted_worker_4.csv,dataset_slices_sorted,dataset/dataset_slices_sorted,cuda,5,no_encryption,0.05,20,,,,224,0.0001,5,logs_geosciences/dataset_slices_sorted_run_4_GoogLeNet,GoogLeNet,1,,2,8,2,,geosciences,static/plots_geosciences/dataset_slices_sorted_run_4_GoogLeNet,,run_dataset_geosciences/dataset_slices_sorted_run_4_GoogLeNet,,,1021.9086894989014,True,4
8,FedProx,16,0.6698113207547169,0.6572483900135054,0.6098296053285869,0.669757211078387,0.6698113207547169,19,-1,-1,csv_geosciences/runs/20260416-071740_dataset_slices_sorted_worker_0.csv,dataset_slices_sorted,dataset/dataset_slices_sorted,cuda,5,no_encryption,0.05,20,,,,224,0.0001,5,logs_geosciences/dataset_slices_sorted_run_0_GoogLeNet,GoogLeNet,1,,2,8,4,,geosciences,static/plots_geosciences/dataset_slices_sorted_run_0_GoogLeNet,,run_dataset_geosciences/dataset_slices_sorted_run_0_GoogLeNet,,,1071.7220962047577,True,0
16,FedAvg,16,0.5925925925925926,0.4409991386735573,0.6901194431163646,0.3511659807956104,0.5925925925925926,0,-1,-1,csv_geosciences/runs/20260416-072008_dataset_slices_sorted_worker_7.csv,dataset_slices_sorted,dataset/dataset_slices_sorted,cuda,5,no_encryption,0.0,20,,,,224,0.01,5,logs_geosciences/dataset_slices_sorted_run_7_GoogLeNet,GoogLeNet,1,,2,16,2,,geosciences,static/plots_geosciences/dataset_slices_sorted_run_7_GoogLeNet,,run_dataset_geosciences/dataset_slices_sorted_run_7_GoogLeNet,,,1193.0565609931946,True,7
16,FedAvg,16,0.5925925925925926,0.4409991386735573,0.6812199089262221,0.3511659807956104,0.5925925925925926,0,-1,-1,csv_geosciences/runs/20260416-072118_dataset_slices_sorted_worker_10.csv,dataset_slices_sorted,dataset/dataset_slices_sorted,cuda,5,no_encryption,0.0,20,,,,224,0.01,5,logs_geosciences/dataset_slices_sorted_run_10_GoogLeNet,GoogLeNet,1,,2,16,4,,geosciences,static/plots_geosciences/dataset_slices_sorted_run_10_GoogLeNet,,run_dataset_geosciences/dataset_slices_sorted_run_10_GoogLeNet,,,1244.4984803199768,True,10
16,FedProx,16,0.5925925925925926,0.4409991386735573,0.6769123033240989,0.3511659807956104,0.5925925925925926,1,-1,-1,csv_geosciences/runs/20260416-072139_dataset_slices_sorted_worker_9.csv,dataset_slices_sorted,dataset/dataset_slices_sorted,cuda,5,no_encryption,0.05,20,,,,224,0.01,5,logs_geosciences/dataset_slices_sorted_run_9_GoogLeNet,GoogLeNet,1,,2,16,2,,geosciences,static/plots_geosciences/dataset_slices_sorted_run_9_GoogLeNet,,run_dataset_geosciences/dataset_slices_sorted_run_9_GoogLeNet,,,1096.7119324207306,True,9
16,FedAvg,16,0.7083333333333334,0.7077749979835417,0.6045350629698347,0.7151171389733482,0.7083333333333334,12,-1,-1,csv_geosciences/runs/20260416-072809_dataset_slices_sorted_worker_6.csv,dataset_slices_sorted,dataset/dataset_slices_sorted,cuda,5,no_encryption,0.0,20,,,,224,0.001,5,logs_geosciences/dataset_slices_sorted_run_6_GoogLeNet,GoogLeNet,1,,2,16,2,,geosciences,static/plots_geosciences/dataset_slices_sorted_run_6_GoogLeNet,,run_dataset_geosciences/dataset_slices_sorted_run_6_GoogLeNet,,,1184.6004676818848,True,6
16,FedProx,16,0.5925925925925926,0.4409991386735573,0.6884592073383154,0.3511659807956104,0.5925925925925926,0,-1,-1,csv_geosciences/runs/20260416-072857_dataset_slices_sorted_worker_3.csv,dataset_slices_sorted,dataset/dataset_slices_sorted,cuda,5,no_encryption,0.05,20,,,,224,0.01,5,logs_geosciences/dataset_slices_sorted_run_3_GoogLeNet,GoogLeNet,1,,2,16,4,,geosciences,static/plots_geosciences/dataset_slices_sorted_run_3_GoogLeNet,,run_dataset_geosciences/dataset_slices_sorted_run_3_GoogLeNet,,,1289.2553524971008,True,3
16,FedProx,16,0.7199074074074074,0.7191673636539255,0.5791674024528928,0.7234487930974859,0.7199074074074074,15,-1,-1,csv_geosciences/runs/20260416-073615_dataset_slices_sorted_worker_4.csv,dataset_slices_sorted,dataset/dataset_slices_sorted,cuda,5,no_encryption,0.05,20,,,,224,0.001,5,logs_geosciences/dataset_slices_sorted_run_4_GoogLeNet,GoogLeNet,1,,2,16,2,,geosciences,static/plots_geosciences/dataset_slices_sorted_run_4_GoogLeNet,,run_dataset_geosciences/dataset_slices_sorted_run_4_GoogLeNet,,,1198.264151096344,True,4
16,FedAvg,16,0.6666666666666666,0.6642163879961039,0.6623835762341818,0.6716742846236312,0.6666666666666666,5,-1,-1,csv_geosciences/runs/20260416-073642_dataset_slices_sorted_worker_1.csv,dataset_slices_sorted,dataset/dataset_slices_sorted,cuda,5,no_encryption,0.0,20,,,,224,0.001,5,logs_geosciences/dataset_slices_sorted_run_1_GoogLeNet,GoogLeNet,1,,2,16,4,,geosciences,static/plots_geosciences/dataset_slices_sorted_run_1_GoogLeNet,,run_dataset_geosciences/dataset_slices_sorted_run_1_GoogLeNet,,,1249.513292312622,True,1
16,FedProx,16,0.7152777777777778,0.7137418343045846,0.5827721473243501,0.7176570723881096,0.7152777777777778,19,-1,-1,csv_geosciences/runs/20260416-073910_dataset_slices_sorted_worker_0.csv,dataset_slices_sorted,dataset/dataset_slices_sorted,cuda,5,no_encryption,0.05,20,,,,224,0.001,5,logs_geosciences/dataset_slices_sorted_run_0_GoogLeNet,GoogLeNet,1,,2,16,4,,geosciences,static/plots_geosciences/dataset_slices_sorted_run_0_GoogLeNet,,run_dataset_geosciences/dataset_slices_sorted_run_0_GoogLeNet,,,1286.2157776355743,True,0
16,FedAvg,16,0.7199074074074074,0.7088246281751127,0.5933140469370065,0.7287277906084321,0.7199074074074074,17,-1,-1,csv_geosciences/runs/20260416-074000_dataset_slices_sorted_worker_7.csv,dataset_slices_sorted,dataset/dataset_slices_sorted,cuda,5,no_encryption,0.0,20,,,,224,0.0001,5,logs_geosciences/dataset_slices_sorted_run_7_GoogLeNet,GoogLeNet,1,,2,16,2,,geosciences,static/plots_geosciences/dataset_slices_sorted_run_7_GoogLeNet,,run_dataset_geosciences/dataset_slices_sorted_run_7_GoogLeNet,,,1189.292460680008,True,7
16,FedProx,16,0.7013888888888888,0.6859959639398279,0.5957673978474405,0.7086902442255104,0.7013888888888888,18,-1,-1,csv_geosciences/runs/20260416-074146_dataset_slices_sorted_worker_9.csv,dataset_slices_sorted,dataset/dataset_slices_sorted,cuda,5,no_encryption,0.05,20,,,,224,0.0001,5,logs_geosciences/dataset_slices_sorted_run_9_GoogLeNet,GoogLeNet,1,,2,16,2,,geosciences,static/plots_geosciences/dataset_slices_sorted_run_9_GoogLeNet,,run_dataset_geosciences/dataset_slices_sorted_run_9_GoogLeNet,,,1204.3945009708405,True,9
16,FedAvg,16,0.6666666666666666,0.6576068173182263,0.6143829294100955,0.663945162801372,0.6666666666666666,19,-1,-1,csv_geosciences/runs/20260416-074152_dataset_slices_sorted_worker_10.csv,dataset_slices_sorted,dataset/dataset_slices_sorted,cuda,5,no_encryption,0.0,20,,,,224,0.0001,5,logs_geosciences/dataset_slices_sorted_run_10_GoogLeNet,GoogLeNet,1,,2,16,4,,geosciences,static/plots_geosciences/dataset_slices_sorted_run_10_GoogLeNet,,run_dataset_geosciences/dataset_slices_sorted_run_10_GoogLeNet,,,1231.0009307861328,True,10
32,FedProx,16,0.5727069351230425,0.4171339473352896,0.6830256137271855,0.32804779113503946,0.5727069351230425,1,-1,-1,csv_geosciences/runs/20260416-074803_dataset_slices_sorted_worker_1.csv,dataset_slices_sorted,dataset/dataset_slices_sorted,cuda,5,no_encryption,0.05,20,,,,224,0.01,5,logs_geosciences/dataset_slices_sorted_run_1_GoogLeNet,GoogLeNet,1,,2,32,2,,geosciences,static/plots_geosciences/dataset_slices_sorted_run_1_GoogLeNet,,run_dataset_geosciences/dataset_slices_sorted_run_1_GoogLeNet,,,677.6846632957458,True,1
16,FedProx,16,0.6736111111111112,0.6229587893552269,0.6252737718599813,0.7130403872161118,0.6736111111111112,19,-1,-1,csv_geosciences/runs/20260416-074921_dataset_slices_sorted_worker_6.csv,dataset_slices_sorted,dataset/dataset_slices_sorted,cuda,5,no_encryption,0.05,20,,,,224,0.0001,5,logs_geosciences/dataset_slices_sorted_run_6_GoogLeNet,GoogLeNet,1,,2,16,4,,geosciences,static/plots_geosciences/dataset_slices_sorted_run_6_GoogLeNet,,run_dataset_geosciences/dataset_slices_sorted_run_6_GoogLeNet,,,1268.3527386188507,True,6
32,FedAvg,16,0.5727069351230425,0.4171339473352896,0.6923167112156315,0.32804779113503946,0.5727069351230425,0,-1,-1,csv_geosciences/runs/20260416-075427_dataset_slices_sorted_worker_3.csv,dataset_slices_sorted,dataset/dataset_slices_sorted,cuda,5,no_encryption,0.0,20,,,,224,0.01,5,logs_geosciences/dataset_slices_sorted_run_3_GoogLeNet,GoogLeNet,1,,2,32,2,,geosciences,static/plots_geosciences/dataset_slices_sorted_run_3_GoogLeNet,,run_dataset_geosciences/dataset_slices_sorted_run_3_GoogLeNet,,,1526.8737070560455,True,3
32,FedAvg,16,0.5727069351230425,0.4171339473352896,0.6842203842980217,0.32804779113503946,0.5727069351230425,0,-1,-1,csv_geosciences/runs/20260416-080310_dataset_slices_sorted_worker_4.csv,dataset_slices_sorted,dataset/dataset_slices_sorted,cuda,5,no_encryption,0.0,20,,,,224,0.01,5,logs_geosciences/dataset_slices_sorted_run_4_GoogLeNet,GoogLeNet,1,,2,32,4,,geosciences,static/plots_geosciences/dataset_slices_sorted_run_4_GoogLeNet,,run_dataset_geosciences/dataset_slices_sorted_run_4_GoogLeNet,,,1612.0714840888977,True,4
32,FedAvg,16,0.6420581655480985,0.6359495117562315,0.6356884131762272,0.669210804110133,0.6420581655480985,15,-1,-1,csv_geosciences/runs/20260416-080539_dataset_slices_sorted_worker_7.csv,dataset_slices_sorted,dataset/dataset_slices_sorted,cuda,5,no_encryption,0.0,20,,,,224,0.001,5,logs_geosciences/dataset_slices_sorted_run_7_GoogLeNet,GoogLeNet,1,,2,32,2,,geosciences,static/plots_geosciences/dataset_slices_sorted_run_7_GoogLeNet,,run_dataset_geosciences/dataset_slices_sorted_run_7_GoogLeNet,,,1535.5837843418121,True,7
32,FedProx,16,0.5727069351230425,0.4171339473352896,0.6848497192064921,0.32804779113503946,0.5727069351230425,0,-1,-1,csv_geosciences/runs/20260416-080617_dataset_slices_sorted_worker_0.csv,dataset_slices_sorted,dataset/dataset_slices_sorted,cuda,5,no_encryption,0.05,20,,,,224,0.01,5,logs_geosciences/dataset_slices_sorted_run_0_GoogLeNet,GoogLeNet,1,,2,32,4,,geosciences,static/plots_geosciences/dataset_slices_sorted_run_0_GoogLeNet,,run_dataset_geosciences/dataset_slices_sorted_run_0_GoogLeNet,,,1623.663738489151,True,0
32,FedProx,16,0.6845637583892618,0.6735359802764793,0.6074111445638157,0.6937452182418624,0.6845637583892618,19,-1,-1,csv_geosciences/runs/20260416-080651_dataset_slices_sorted_worker_10.csv,dataset_slices_sorted,dataset/dataset_slices_sorted,cuda,5,no_encryption,0.05,20,,,,224,0.001,5,logs_geosciences/dataset_slices_sorted_run_10_GoogLeNet,GoogLeNet,1,,2,32,2,,geosciences,static/plots_geosciences/dataset_slices_sorted_run_10_GoogLeNet,,run_dataset_geosciences/dataset_slices_sorted_run_10_GoogLeNet,,,1495.2115058898926,True,10
32,FedAvg,16,0.6196868008948546,0.6127324752275403,0.6601737528305992,0.6509381123475082,0.6196868008948546,8,-1,-1,csv_geosciences/runs/20260416-080742_dataset_slices_sorted_worker_9.csv,dataset_slices_sorted,dataset/dataset_slices_sorted,cuda,5,no_encryption,0.0,20,,,,224,0.001,5,logs_geosciences/dataset_slices_sorted_run_9_GoogLeNet,GoogLeNet,1,,2,32,4,,geosciences,static/plots_geosciences/dataset_slices_sorted_run_9_GoogLeNet,,run_dataset_geosciences/dataset_slices_sorted_run_9_GoogLeNet,,,1552.5017447471619,True,9
32,FedAvg,16,0.6420581655480985,0.6082270041627574,0.6363118570923005,0.6626549438629975,0.6420581655480985,19,-1,-1,csv_geosciences/runs/20260416-081337_dataset_slices_sorted_worker_6.csv,dataset_slices_sorted,dataset/dataset_slices_sorted,cuda,5,no_encryption,0.0,20,,,,224,0.0001,5,logs_geosciences/dataset_slices_sorted_run_6_GoogLeNet,GoogLeNet,1,,2,32,2,,geosciences,static/plots_geosciences/dataset_slices_sorted_run_6_GoogLeNet,,run_dataset_geosciences/dataset_slices_sorted_run_6_GoogLeNet,,,1452.6406240463257,True,6
32,FedProx,16,0.6554809843400448,0.6467894583089796,0.6213441608469492,0.6665864461166474,0.6554809843400448,19,-1,-1,csv_geosciences/runs/20260416-081443_dataset_slices_sorted_worker_1.csv,dataset_slices_sorted,dataset/dataset_slices_sorted,cuda,5,no_encryption,0.05,20,,,,224,0.001,5,logs_geosciences/dataset_slices_sorted_run_1_GoogLeNet,GoogLeNet,1,,2,32,4,,geosciences,static/plots_geosciences/dataset_slices_sorted_run_1_GoogLeNet,,run_dataset_geosciences/dataset_slices_sorted_run_1_GoogLeNet,,,1596.3992550373077,True,1
32,FedAvg,16,0.5727069351230425,0.4171339473352896,0.6837327082951864,0.32804779113503946,0.5727069351230425,1,-1,-1,csv_geosciences/runs/20260416-082049_dataset_slices_sorted_worker_3.csv,dataset_slices_sorted,dataset/dataset_slices_sorted,cuda,5,no_encryption,0.0,20,,,,224,0.0001,5,logs_geosciences/dataset_slices_sorted_run_3_GoogLeNet,GoogLeNet,1,,2,32,4,,geosciences,static/plots_geosciences/dataset_slices_sorted_run_3_GoogLeNet,,run_dataset_geosciences/dataset_slices_sorted_run_3_GoogLeNet,,,1578.8026087284088,True,3
32,FedProx,16,0.6465324384787472,0.605952623182037,0.6357841217011146,0.657763638300551,0.6465324384787472,19,-1,-1,csv_geosciences/runs/20260416-082708_dataset_slices_sorted_worker_4.csv,dataset_slices_sorted,dataset/dataset_slices_sorted,cuda,5,no_encryption,0.05,20,,,,224,0.0001,5,logs_geosciences/dataset_slices_sorted_run_4_GoogLeNet,GoogLeNet,1,,2,32,2,,geosciences,static/plots_geosciences/dataset_slices_sorted_run_4_GoogLeNet,,run_dataset_geosciences/dataset_slices_sorted_run_4_GoogLeNet,,,1434.863763332367,True,4
32,FedProx,16,0.5794183445190156,0.4355509477374543,0.6646304550586931,0.3801969842238298,0.5794183445190156,19,-1,-1,csv_geosciences/runs/20260416-083100_dataset_slices_sorted_worker_7.csv,dataset_slices_sorted,dataset/dataset_slices_sorted,cuda,5,no_encryption,0.05,20,,,,224,0.0001,5,logs_geosciences/dataset_slices_sorted_run_7_GoogLeNet,GoogLeNet,1,,2,32,4,,geosciences,static/plots_geosciences/dataset_slices_sorted_run_7_GoogLeNet,,run_dataset_geosciences/dataset_slices_sorted_run_7_GoogLeNet,,,1517.5163462162018,True,7
2,FedAvg,16,0.5857142857142857,0.43268983268983274,0.6785086682864598,0.3430612244897959,0.5857142857142857,0,-1,-1,csv_geosciences/runs/20260416-084731_dataset_slices_sorted_worker_0.csv,dataset_slices_sorted,dataset/dataset_slices_sorted,cuda,5,no_encryption,0.0,20,,,,224,0.01,10,logs_geosciences/dataset_slices_sorted_run_0_GoogLeNet,GoogLeNet,1,,2,2,2,,geosciences,static/plots_geosciences/dataset_slices_sorted_run_0_GoogLeNet,,run_dataset_geosciences/dataset_slices_sorted_run_0_GoogLeNet,,,2471.2505855560303,True,0
2,FedAvg,16,0.5857142857142857,0.43268983268983274,0.6784234228588286,0.3430612244897959,0.5857142857142857,0,-1,-1,csv_geosciences/runs/20260416-084814_dataset_slices_sorted_worker_10.csv,dataset_slices_sorted,dataset/dataset_slices_sorted,cuda,5,no_encryption,0.0,20,,,,224,0.01,10,logs_geosciences/dataset_slices_sorted_run_10_GoogLeNet,GoogLeNet,1,,2,2,4,,geosciences,static/plots_geosciences/dataset_slices_sorted_run_10_GoogLeNet,,run_dataset_geosciences/dataset_slices_sorted_run_10_GoogLeNet,,,2479.3794977664948,True,10
2,FedProx,16,0.5595238095238095,0.45813219330816773,0.6892878118015471,0.4706804876814324,0.5595238095238095,0,-1,-1,csv_geosciences/runs/20260416-084935_dataset_slices_sorted_worker_9.csv,dataset_slices_sorted,dataset/dataset_slices_sorted,cuda,5,no_encryption,0.05,20,,,,224,0.01,10,logs_geosciences/dataset_slices_sorted_run_9_GoogLeNet,GoogLeNet,1,,2,2,2,,geosciences,static/plots_geosciences/dataset_slices_sorted_run_9_GoogLeNet,,run_dataset_geosciences/dataset_slices_sorted_run_9_GoogLeNet,,,2509.5213553905487,True,9
2,FedAvg,16,0.7785714285714286,0.7767371829531984,0.45680076139313835,0.7773922301364012,0.7785714285714286,19,-1,-1,csv_geosciences/runs/20260416-085553_dataset_slices_sorted_worker_1.csv,dataset_slices_sorted,dataset/dataset_slices_sorted,cuda,5,no_encryption,0.0,20,,,,224,0.001,10,logs_geosciences/dataset_slices_sorted_run_1_GoogLeNet,GoogLeNet,1,,2,2,2,,geosciences,static/plots_geosciences/dataset_slices_sorted_run_1_GoogLeNet,,run_dataset_geosciences/dataset_slices_sorted_run_1_GoogLeNet,,,2467.198580265045,True,1
2,FedProx,16,0.5857142857142857,0.43268983268983274,0.6797831955410185,0.3430612244897959,0.5857142857142857,0,-1,-1,csv_geosciences/runs/20260416-085556_dataset_slices_sorted_worker_6.csv,dataset_slices_sorted,dataset/dataset_slices_sorted,cuda,5,no_encryption,0.05,20,,,,224,0.01,10,logs_geosciences/dataset_slices_sorted_run_6_GoogLeNet,GoogLeNet,1,,2,2,4,,geosciences,static/plots_geosciences/dataset_slices_sorted_run_6_GoogLeNet,,run_dataset_geosciences/dataset_slices_sorted_run_6_GoogLeNet,,,2535.4418795108795,True,6
2,FedAvg,16,0.7428571428571429,0.7330517471252765,0.5491793235143025,0.7464988826791947,0.7428571428571429,13,-1,-1,csv_geosciences/runs/20260416-090202_dataset_slices_sorted_worker_3.csv,dataset_slices_sorted,dataset/dataset_slices_sorted,cuda,5,no_encryption,0.0,20,,,,224,0.001,10,logs_geosciences/dataset_slices_sorted_run_3_GoogLeNet,GoogLeNet,1,,2,2,4,,geosciences,static/plots_geosciences/dataset_slices_sorted_run_3_GoogLeNet,,run_dataset_geosciences/dataset_slices_sorted_run_3_GoogLeNet,,,2469.517592906952,True,3
2,FedProx,16,0.7357142857142858,0.7329850160812276,0.54419538463865,0.7334489605333615,0.7357142857142858,19,-1,-1,csv_geosciences/runs/20260416-090900_dataset_slices_sorted_worker_4.csv,dataset_slices_sorted,dataset/dataset_slices_sorted,cuda,5,no_encryption,0.05,20,,,,224,0.001,10,logs_geosciences/dataset_slices_sorted_run_4_GoogLeNet,GoogLeNet,1,,2,2,2,,geosciences,static/plots_geosciences/dataset_slices_sorted_run_4_GoogLeNet,,run_dataset_geosciences/dataset_slices_sorted_run_4_GoogLeNet,,,2508.125597715378,True,4
2,FedProx,16,0.6976190476190476,0.6919245784438176,0.6023539196877252,0.6941301857346632,0.6976190476190476,12,-1,-1,csv_geosciences/runs/20260416-091320_dataset_slices_sorted_worker_7.csv,dataset_slices_sorted,dataset/dataset_slices_sorted,cuda,5,no_encryption,0.05,20,,,,224,0.001,10,logs_geosciences/dataset_slices_sorted_run_7_GoogLeNet,GoogLeNet,1,,2,2,4,,geosciences,static/plots_geosciences/dataset_slices_sorted_run_7_GoogLeNet,,run_dataset_geosciences/dataset_slices_sorted_run_7_GoogLeNet,,,2537.1469764709473,True,7
4,FedAvg,16,0.5904761904761905,0.4384374108925007,0.6776741833913894,0.34866213151927433,0.5904761904761905,0,-1,-1,csv_geosciences/runs/20260416-092122_dataset_slices_sorted_worker_6.csv,dataset_slices_sorted,dataset/dataset_slices_sorted,cuda,5,no_encryption,0.0,20,,,,224,0.01,10,logs_geosciences/dataset_slices_sorted_run_6_GoogLeNet,GoogLeNet,1,,2,4,2,,geosciences,static/plots_geosciences/dataset_slices_sorted_run_6_GoogLeNet,,run_dataset_geosciences/dataset_slices_sorted_run_6_GoogLeNet,,,1522.7170429229736,True,6
4,FedAvg,16,0.5904761904761905,0.4384374108925007,0.6767011074792771,0.34866213151927433,0.5904761904761905,0,-1,-1,csv_geosciences/runs/20260416-092759_dataset_slices_sorted_worker_3.csv,dataset_slices_sorted,dataset/dataset_slices_sorted,cuda,5,no_encryption,0.0,20,,,,224,0.01,10,logs_geosciences/dataset_slices_sorted_run_3_GoogLeNet,GoogLeNet,1,,2,4,4,,geosciences,static/plots_geosciences/dataset_slices_sorted_run_3_GoogLeNet,,run_dataset_geosciences/dataset_slices_sorted_run_3_GoogLeNet,,,1553.8828809261322,True,3
2,FedAvg,16,0.7738095238095238,0.7715123781124731,0.47263058367229643,0.7726305747719048,0.7738095238095238,16,-1,-1,csv_geosciences/runs/20260416-093006_dataset_slices_sorted_worker_0.csv,dataset_slices_sorted,dataset/dataset_slices_sorted,cuda,5,no_encryption,0.0,20,,,,224,0.0001,10,logs_geosciences/dataset_slices_sorted_run_0_GoogLeNet,GoogLeNet,1,,2,2,2,,geosciences,static/plots_geosciences/dataset_slices_sorted_run_0_GoogLeNet,,run_dataset_geosciences/dataset_slices_sorted_run_0_GoogLeNet,,,2552.294997215271,True,0
2,FedAvg,16,0.7952380952380952,0.7925039872408293,0.4781990093844278,0.7977430529669336,0.7952380952380952,19,-1,-1,csv_geosciences/runs/20260416-093054_dataset_slices_sorted_worker_10.csv,dataset_slices_sorted,dataset/dataset_slices_sorted,cuda,5,no_encryption,0.0,20,,,,224,0.0001,10,logs_geosciences/dataset_slices_sorted_run_10_GoogLeNet,GoogLeNet,1,,2,2,4,,geosciences,static/plots_geosciences/dataset_slices_sorted_run_10_GoogLeNet,,run_dataset_geosciences/dataset_slices_sorted_run_10_GoogLeNet,,,2557.640277147293,True,10
2,FedProx,16,0.7547619047619047,0.7500509267990473,0.5061385114987691,0.7540845252238414,0.7547619047619047,19,-1,-1,csv_geosciences/runs/20260416-093312_dataset_slices_sorted_worker_9.csv,dataset_slices_sorted,dataset/dataset_slices_sorted,cuda,5,no_encryption,0.05,20,,,,224,0.0001,10,logs_geosciences/dataset_slices_sorted_run_9_GoogLeNet,GoogLeNet,1,,2,2,2,,geosciences,static/plots_geosciences/dataset_slices_sorted_run_9_GoogLeNet,,run_dataset_geosciences/dataset_slices_sorted_run_9_GoogLeNet,,,2614.4172620773315,True,9
4,FedProx,16,0.5904761904761905,0.4384374108925007,0.6858654523179645,0.34866213151927433,0.5904761904761905,0,-1,-1,csv_geosciences/runs/20260416-093549_dataset_slices_sorted_worker_4.csv,dataset_slices_sorted,dataset/dataset_slices_sorted,cuda,5,no_encryption,0.05,20,,,,224,0.01,10,logs_geosciences/dataset_slices_sorted_run_4_GoogLeNet,GoogLeNet,1,,2,4,2,,geosciences,static/plots_geosciences/dataset_slices_sorted_run_4_GoogLeNet,,run_dataset_geosciences/dataset_slices_sorted_run_4_GoogLeNet,,,1606.5795991420746,True,4
2,FedProx,16,0.7404761904761905,0.7384678719972838,0.5555724935872214,0.738488531996284,0.7404761904761905,17,-1,-1,csv_geosciences/runs/20260416-094012_dataset_slices_sorted_worker_1.csv,dataset_slices_sorted,dataset/dataset_slices_sorted,cuda,5,no_encryption,0.05,20,,,,224,0.0001,10,logs_geosciences/dataset_slices_sorted_run_1_GoogLeNet,GoogLeNet,1,,2,2,4,,geosciences,static/plots_geosciences/dataset_slices_sorted_run_1_GoogLeNet,,run_dataset_geosciences/dataset_slices_sorted_run_1_GoogLeNet,,,2655.384072303772,True,1
4,FedProx,16,0.5904761904761905,0.4384374108925007,0.6790346514611018,0.34866213151927433,0.5904761904761905,0,-1,-1,csv_geosciences/runs/20260416-094057_dataset_slices_sorted_worker_7.csv,dataset_slices_sorted,dataset/dataset_slices_sorted,cuda,5,no_encryption,0.05,20,,,,224,0.01,10,logs_geosciences/dataset_slices_sorted_run_7_GoogLeNet,GoogLeNet,1,,2,4,4,,geosciences,static/plots_geosciences/dataset_slices_sorted_run_7_GoogLeNet,,run_dataset_geosciences/dataset_slices_sorted_run_7_GoogLeNet,,,1654.4308195114136,True,7
4,FedAvg,16,0.7380952380952381,0.738559743667477,0.526780652148383,0.7417409211142504,0.7380952380952381,19,-1,-1,csv_geosciences/runs/20260416-094825_dataset_slices_sorted_worker_6.csv,dataset_slices_sorted,dataset/dataset_slices_sorted,cuda,5,no_encryption,0.0,20,,,,224,0.001,10,logs_geosciences/dataset_slices_sorted_run_6_GoogLeNet,GoogLeNet,1,,2,4,2,,geosciences,static/plots_geosciences/dataset_slices_sorted_run_6_GoogLeNet,,run_dataset_geosciences/dataset_slices_sorted_run_6_GoogLeNet,,,1619.8474562168121,True,6
4,FedAvg,16,0.7238095238095238,0.7259027075791493,0.5605185826619467,0.7346216902236019,0.7238095238095238,16,-1,-1,csv_geosciences/runs/20260416-095541_dataset_slices_sorted_worker_3.csv,dataset_slices_sorted,dataset/dataset_slices_sorted,cuda,5,no_encryption,0.0,20,,,,224,0.001,10,logs_geosciences/dataset_slices_sorted_run_3_GoogLeNet,GoogLeNet,1,,2,4,4,,geosciences,static/plots_geosciences/dataset_slices_sorted_run_3_GoogLeNet,,run_dataset_geosciences/dataset_slices_sorted_run_3_GoogLeNet,,,1659.580176115036,True,3
4,FedProx,16,0.7404761904761905,0.7422452329042198,0.517083682403678,0.7512031186842507,0.7404761904761905,18,-1,-1,csv_geosciences/runs/20260416-095824_dataset_slices_sorted_worker_0.csv,dataset_slices_sorted,dataset/dataset_slices_sorted,cuda,5,no_encryption,0.05,20,,,,224,0.001,10,logs_geosciences/dataset_slices_sorted_run_0_GoogLeNet,GoogLeNet,1,,2,4,2,,geosciences,static/plots_geosciences/dataset_slices_sorted_run_0_GoogLeNet,,run_dataset_geosciences/dataset_slices_sorted_run_0_GoogLeNet,,,1694.1554162502289,True,0
4,FedProx,16,0.6928571428571428,0.6948705451453449,0.5774086205732255,0.700490311610919,0.6928571428571428,18,-1,-1,csv_geosciences/runs/20260416-095936_dataset_slices_sorted_worker_10.csv,dataset_slices_sorted,dataset/dataset_slices_sorted,cuda,5,no_encryption,0.05,20,,,,224,0.001,10,logs_geosciences/dataset_slices_sorted_run_10_GoogLeNet,GoogLeNet,1,,2,4,4,,geosciences,static/plots_geosciences/dataset_slices_sorted_run_10_GoogLeNet,,run_dataset_geosciences/dataset_slices_sorted_run_10_GoogLeNet,,,1718.0096957683563,True,10
4,FedAvg,16,0.7452380952380953,0.7420167489305817,0.5014043582337243,0.7445238300280318,0.7452380952380953,18,-1,-1,csv_geosciences/runs/20260416-100111_dataset_slices_sorted_worker_9.csv,dataset_slices_sorted,dataset/dataset_slices_sorted,cuda,5,no_encryption,0.0,20,,,,224,0.0001,10,logs_geosciences/dataset_slices_sorted_run_9_GoogLeNet,GoogLeNet,1,,2,4,2,,geosciences,static/plots_geosciences/dataset_slices_sorted_run_9_GoogLeNet,,run_dataset_geosciences/dataset_slices_sorted_run_9_GoogLeNet,,,1674.9019572734833,True,9
4,FedAvg,16,0.7714285714285715,0.773234335547505,0.47448616652261644,0.7855296225354625,0.7714285714285715,19,-1,-1,csv_geosciences/runs/20260416-100415_dataset_slices_sorted_worker_4.csv,dataset_slices_sorted,dataset/dataset_slices_sorted,cuda,5,no_encryption,0.0,20,,,,224,0.0001,10,logs_geosciences/dataset_slices_sorted_run_4_GoogLeNet,GoogLeNet,1,,2,4,4,,geosciences,static/plots_geosciences/dataset_slices_sorted_run_4_GoogLeNet,,run_dataset_geosciences/dataset_slices_sorted_run_4_GoogLeNet,,,1702.3909208774567,True,4
4,FedProx,16,0.719047619047619,0.71617938089214,0.5347595210586276,0.7179538457890202,0.719047619047619,16,-1,-1,csv_geosciences/runs/20260416-100909_dataset_slices_sorted_worker_1.csv,dataset_slices_sorted,dataset/dataset_slices_sorted,cuda,5,no_encryption,0.05,20,,,,224,0.0001,10,logs_geosciences/dataset_slices_sorted_run_1_GoogLeNet,GoogLeNet,1,,2,4,2,,geosciences,static/plots_geosciences/dataset_slices_sorted_run_1_GoogLeNet,,run_dataset_geosciences/dataset_slices_sorted_run_1_GoogLeNet,,,1733.4487664699554,True,1
4,FedProx,16,0.7166666666666667,0.7175523405786819,0.5471897712066061,0.7222843741314515,0.7166666666666667,19,-1,-1,csv_geosciences/runs/20260416-101035_dataset_slices_sorted_worker_7.csv,dataset_slices_sorted,dataset/dataset_slices_sorted,cuda,5,no_encryption,0.05,20,,,,224,0.0001,10,logs_geosciences/dataset_slices_sorted_run_7_GoogLeNet,GoogLeNet,1,,2,4,4,,geosciences,static/plots_geosciences/dataset_slices_sorted_run_7_GoogLeNet,,run_dataset_geosciences/dataset_slices_sorted_run_7_GoogLeNet,,,1774.3292908668518,True,7
8,FedAvg,16,0.5849056603773585,0.4317160826594789,0.681053582227455,0.3421146315414738,0.5849056603773585,0,-1,-1,csv_geosciences/runs/20260416-101615_dataset_slices_sorted_worker_6.csv,dataset_slices_sorted,dataset/dataset_slices_sorted,cuda,5,no_encryption,0.0,20,,,,224,0.01,10,logs_geosciences/dataset_slices_sorted_run_6_GoogLeNet,GoogLeNet,1,,2,8,2,,geosciences,static/plots_geosciences/dataset_slices_sorted_run_6_GoogLeNet,,run_dataset_geosciences/dataset_slices_sorted_run_6_GoogLeNet,,,1667.1491627693176,True,6
8,FedAvg,16,0.5849056603773585,0.4317160826594789,0.6786639105598882,0.3421146315414738,0.5849056603773585,0,-1,-1,csv_geosciences/runs/20260416-102441_dataset_slices_sorted_worker_3.csv,dataset_slices_sorted,dataset/dataset_slices_sorted,cuda,5,no_encryption,0.0,20,,,,224,0.01,10,logs_geosciences/dataset_slices_sorted_run_3_GoogLeNet,GoogLeNet,1,,2,8,4,,geosciences,static/plots_geosciences/dataset_slices_sorted_run_3_GoogLeNet,,run_dataset_geosciences/dataset_slices_sorted_run_3_GoogLeNet,,,1736.8108775615692,True,3
8,FedProx,16,0.5849056603773585,0.4317160826594789,0.6913489979111923,0.3421146315414738,0.5849056603773585,0,-1,-1,csv_geosciences/runs/20260416-102755_dataset_slices_sorted_worker_0.csv,dataset_slices_sorted,dataset/dataset_slices_sorted,cuda,5,no_encryption,0.05,20,,,,224,0.01,10,logs_geosciences/dataset_slices_sorted_run_0_GoogLeNet,GoogLeNet,1,,2,8,2,,geosciences,static/plots_geosciences/dataset_slices_sorted_run_0_GoogLeNet,,run_dataset_geosciences/dataset_slices_sorted_run_0_GoogLeNet,,,1768.2243762016296,True,0
8,FedAvg,16,0.7075471698113207,0.708974424483858,0.598073025708491,0.7203423004537086,0.7075471698113207,9,-1,-1,csv_geosciences/runs/20260416-102952_dataset_slices_sorted_worker_9.csv,dataset_slices_sorted,dataset/dataset_slices_sorted,cuda,5,no_encryption,0.0,20,,,,224,0.001,10,logs_geosciences/dataset_slices_sorted_run_9_GoogLeNet,GoogLeNet,1,,2,8,2,,geosciences,static/plots_geosciences/dataset_slices_sorted_run_9_GoogLeNet,,run_dataset_geosciences/dataset_slices_sorted_run_9_GoogLeNet,,,1718.3199470043182,True,9
8,FedProx,16,0.5849056603773585,0.4317160826594789,0.6795954535592277,0.3421146315414738,0.5849056603773585,0,-1,-1,csv_geosciences/runs/20260416-103018_dataset_slices_sorted_worker_10.csv,dataset_slices_sorted,dataset/dataset_slices_sorted,cuda,5,no_encryption,0.05,20,,,,224,0.01,10,logs_geosciences/dataset_slices_sorted_run_10_GoogLeNet,GoogLeNet,1,,2,8,4,,geosciences,static/plots_geosciences/dataset_slices_sorted_run_10_GoogLeNet,,run_dataset_geosciences/dataset_slices_sorted_run_10_GoogLeNet,,,1839.0686399936676,True,10
8,FedAvg,16,0.6721698113207547,0.6741160195271778,0.6172445677923706,0.6870458453387861,0.6721698113207547,19,-1,-1,csv_geosciences/runs/20260416-103345_dataset_slices_sorted_worker_4.csv,dataset_slices_sorted,dataset/dataset_slices_sorted,cuda,5,no_encryption,0.0,20,,,,224,0.001,10,logs_geosciences/dataset_slices_sorted_run_4_GoogLeNet,GoogLeNet,1,,2,8,4,,geosciences,static/plots_geosciences/dataset_slices_sorted_run_4_GoogLeNet,,run_dataset_geosciences/dataset_slices_sorted_run_4_GoogLeNet,,,1766.6508951187134,True,4
8,FedProx,16,0.7287735849056604,0.7285307421332908,0.5627313899403473,0.7319869350043797,0.7287735849056604,13,-1,-1,csv_geosciences/runs/20260416-103856_dataset_slices_sorted_worker_1.csv,dataset_slices_sorted,dataset/dataset_slices_sorted,cuda,5,no_encryption,0.05,20,,,,224,0.001,10,logs_geosciences/dataset_slices_sorted_run_1_GoogLeNet,GoogLeNet,1,,2,8,2,,geosciences,static/plots_geosciences/dataset_slices_sorted_run_1_GoogLeNet,,run_dataset_geosciences/dataset_slices_sorted_run_1_GoogLeNet,,,1784.2062320709229,True,1
8,FedProx,16,0.7240566037735849,0.7234792162755596,0.5801060568752154,0.7278618339193516,0.7240566037735849,16,-1,-1,csv_geosciences/runs/20260416-104123_dataset_slices_sorted_worker_7.csv,dataset_slices_sorted,dataset/dataset_slices_sorted,cuda,5,no_encryption,0.05,20,,,,224,0.001,10,logs_geosciences/dataset_slices_sorted_run_7_GoogLeNet,GoogLeNet,1,,2,8,4,,geosciences,static/plots_geosciences/dataset_slices_sorted_run_7_GoogLeNet,,run_dataset_geosciences/dataset_slices_sorted_run_7_GoogLeNet,,,1844.4834942817688,True,7
8,FedAvg,16,0.7051886792452831,0.704914224701814,0.5572478920221329,0.7101519532722858,0.7051886792452831,19,-1,-1,csv_geosciences/runs/20260416-104503_dataset_slices_sorted_worker_6.csv,dataset_slices_sorted,dataset/dataset_slices_sorted,cuda,5,no_encryption,0.0,20,,,,224,0.0001,10,logs_geosciences/dataset_slices_sorted_run_6_GoogLeNet,GoogLeNet,1,,2,8,2,,geosciences,static/plots_geosciences/dataset_slices_sorted_run_6_GoogLeNet,,run_dataset_geosciences/dataset_slices_sorted_run_6_GoogLeNet,,,1724.3964319229126,True,6
8,FedAvg,16,0.6957547169811321,0.6947449771212494,0.5827859401843458,0.6971644738397892,0.6957547169811321,12,-1,-1,csv_geosciences/runs/20260416-105412_dataset_slices_sorted_worker_3.csv,dataset_slices_sorted,dataset/dataset_slices_sorted,cuda,5,no_encryption,0.0,20,,,,224,0.0001,10,logs_geosciences/dataset_slices_sorted_run_3_GoogLeNet,GoogLeNet,1,,2,8,4,,geosciences,static/plots_geosciences/dataset_slices_sorted_run_3_GoogLeNet,,run_dataset_geosciences/dataset_slices_sorted_run_3_GoogLeNet,,,1767.1049938201904,True,3
8,FedProx,16,0.7099056603773585,0.7033186015215264,0.5670216686601909,0.7100871074707529,0.7099056603773585,17,-1,-1,csv_geosciences/runs/20260416-105745_dataset_slices_sorted_worker_0.csv,dataset_slices_sorted,dataset/dataset_slices_sorted,cuda,5,no_encryption,0.05,20,,,,224,0.0001,10,logs_geosciences/dataset_slices_sorted_run_0_GoogLeNet,GoogLeNet,1,,2,8,2,,geosciences,static/plots_geosciences/dataset_slices_sorted_run_0_GoogLeNet,,run_dataset_geosciences/dataset_slices_sorted_run_0_GoogLeNet,,,1787.052829504013,True,0
8,FedProx,16,0.6886792452830188,0.6877356752742594,0.5882729218112972,0.6927383307002011,0.6886792452830188,18,-1,-1,csv_geosciences/runs/20260416-110031_dataset_slices_sorted_worker_9.csv,dataset_slices_sorted,dataset/dataset_slices_sorted,cuda,5,no_encryption,0.05,20,,,,224,0.0001,10,logs_geosciences/dataset_slices_sorted_run_9_GoogLeNet,GoogLeNet,1,,2,8,4,,geosciences,static/plots_geosciences/dataset_slices_sorted_run_9_GoogLeNet,,run_dataset_geosciences/dataset_slices_sorted_run_9_GoogLeNet,,,1836.051523923874,True,9
16,FedAvg,16,0.5925925925925926,0.4409991386735573,0.6759503373393306,0.3511659807956104,0.5925925925925926,1,-1,-1,csv_geosciences/runs/20260416-110249_dataset_slices_sorted_worker_10.csv,dataset_slices_sorted,dataset/dataset_slices_sorted,cuda,5,no_encryption,0.0,20,,,,224,0.01,10,logs_geosciences/dataset_slices_sorted_run_10_GoogLeNet,GoogLeNet,1,,2,16,2,,geosciences,static/plots_geosciences/dataset_slices_sorted_run_10_GoogLeNet,,run_dataset_geosciences/dataset_slices_sorted_run_10_GoogLeNet,,,1947.8625178337097,True,10
16,FedAvg,16,0.5925925925925926,0.4409991386735573,0.6767792193977921,0.3511659807956104,0.5925925925925926,0,-1,-1,csv_geosciences/runs/20260416-110724_dataset_slices_sorted_worker_4.csv,dataset_slices_sorted,dataset/dataset_slices_sorted,cuda,5,no_encryption,0.0,20,,,,224,0.01,10,logs_geosciences/dataset_slices_sorted_run_4_GoogLeNet,GoogLeNet,1,,2,16,4,,geosciences,static/plots_geosciences/dataset_slices_sorted_run_4_GoogLeNet,,run_dataset_geosciences/dataset_slices_sorted_run_4_GoogLeNet,,,2015.6383814811707,True,4
16,FedProx,16,0.5925925925925926,0.4409991386735573,0.69110017352634,0.3511659807956104,0.5925925925925926,0,-1,-1,csv_geosciences/runs/20260416-111222_dataset_slices_sorted_worker_1.csv,dataset_slices_sorted,dataset/dataset_slices_sorted,cuda,5,no_encryption,0.05,20,,,,224,0.01,10,logs_geosciences/dataset_slices_sorted_run_1_GoogLeNet,GoogLeNet,1,,2,16,2,,geosciences,static/plots_geosciences/dataset_slices_sorted_run_1_GoogLeNet,,run_dataset_geosciences/dataset_slices_sorted_run_1_GoogLeNet,,,2003.0693471431732,True,1
16,FedProx,16,0.5925925925925926,0.4409991386735573,0.6824701763689518,0.3511659807956104,0.5925925925925926,0,-1,-1,csv_geosciences/runs/20260416-111607_dataset_slices_sorted_worker_7.csv,dataset_slices_sorted,dataset/dataset_slices_sorted,cuda,5,no_encryption,0.05,20,,,,224,0.01,10,logs_geosciences/dataset_slices_sorted_run_7_GoogLeNet,GoogLeNet,1,,2,16,4,,geosciences,static/plots_geosciences/dataset_slices_sorted_run_7_GoogLeNet,,run_dataset_geosciences/dataset_slices_sorted_run_7_GoogLeNet,,,2081.1779470443726,True,7
16,FedAvg,16,0.7245370370370371,0.7250743324050118,0.5803397271644186,0.7446438178515385,0.7245370370370371,19,-1,-1,csv_geosciences/runs/20260416-111726_dataset_slices_sorted_worker_6.csv,dataset_slices_sorted,dataset/dataset_slices_sorted,cuda,5,no_encryption,0.0,20,,,,224,0.001,10,logs_geosciences/dataset_slices_sorted_run_6_GoogLeNet,GoogLeNet,1,,2,16,2,,geosciences,static/plots_geosciences/dataset_slices_sorted_run_6_GoogLeNet,,run_dataset_geosciences/dataset_slices_sorted_run_6_GoogLeNet,,,1939.2671859264374,True,6
16,FedAvg,16,0.6736111111111112,0.671514943344462,0.621399609303033,0.7187015092547535,0.6736111111111112,18,-1,-1,csv_geosciences/runs/20260416-112752_dataset_slices_sorted_worker_3.csv,dataset_slices_sorted,dataset/dataset_slices_sorted,cuda,5,no_encryption,0.0,20,,,,224,0.001,10,logs_geosciences/dataset_slices_sorted_run_3_GoogLeNet,GoogLeNet,1,,2,16,4,,geosciences,static/plots_geosciences/dataset_slices_sorted_run_3_GoogLeNet,,run_dataset_geosciences/dataset_slices_sorted_run_3_GoogLeNet,,,2016.3182666301727,True,3
16,FedProx,16,0.7337962962962963,0.7325148162695535,0.548557152626691,0.7412819679261673,0.7337962962962963,17,-1,-1,csv_geosciences/runs/20260416-113101_dataset_slices_sorted_worker_0.csv,dataset_slices_sorted,dataset/dataset_slices_sorted,cuda,5,no_encryption,0.05,20,,,,224,0.001,10,logs_geosciences/dataset_slices_sorted_run_0_GoogLeNet,GoogLeNet,1,,2,16,2,,geosciences,static/plots_geosciences/dataset_slices_sorted_run_0_GoogLeNet,,run_dataset_geosciences/dataset_slices_sorted_run_0_GoogLeNet,,,1992.6810882091522,True,0
16,FedProx,16,0.7060185185185185,0.7072505254268222,0.5779987246625953,0.7238035337861727,0.7060185185185185,19,-1,-1,csv_geosciences/runs/20260416-113452_dataset_slices_sorted_worker_9.csv,dataset_slices_sorted,dataset/dataset_slices_sorted,cuda,5,no_encryption,0.05,20,,,,224,0.001,10,logs_geosciences/dataset_slices_sorted_run_9_GoogLeNet,GoogLeNet,1,,2,16,4,,geosciences,static/plots_geosciences/dataset_slices_sorted_run_9_GoogLeNet,,run_dataset_geosciences/dataset_slices_sorted_run_9_GoogLeNet,,,2057.3013648986816,True,9
16,FedAvg,16,0.7152777777777778,0.7013690192402138,0.5792387064408373,0.7219613372181527,0.7152777777777778,12,-1,-1,csv_geosciences/runs/20260416-113453_dataset_slices_sorted_worker_10.csv,dataset_slices_sorted,dataset/dataset_slices_sorted,cuda,5,no_encryption,0.0,20,,,,224,0.0001,10,logs_geosciences/dataset_slices_sorted_run_10_GoogLeNet,GoogLeNet,1,,2,16,2,,geosciences,static/plots_geosciences/dataset_slices_sorted_run_10_GoogLeNet,,run_dataset_geosciences/dataset_slices_sorted_run_10_GoogLeNet,,,1921.0523097515106,True,10
16,FedAvg,16,0.7106481481481481,0.7084857717006997,0.5683817338474371,0.7148749491424501,0.7106481481481481,17,-1,-1,csv_geosciences/runs/20260416-114030_dataset_slices_sorted_worker_4.csv,dataset_slices_sorted,dataset/dataset_slices_sorted,cuda,5,no_encryption,0.0,20,,,,224,0.0001,10,logs_geosciences/dataset_slices_sorted_run_4_GoogLeNet,GoogLeNet,1,,2,16,4,,geosciences,static/plots_geosciences/dataset_slices_sorted_run_4_GoogLeNet,,run_dataset_geosciences/dataset_slices_sorted_run_4_GoogLeNet,,,1983.0637030601501,True,4
16,FedProx,16,0.7175925925925926,0.7019609630806742,0.5767040219571855,0.7258677445371201,0.7175925925925926,16,-1,-1,csv_geosciences/runs/20260416-114518_dataset_slices_sorted_worker_1.csv,dataset_slices_sorted,dataset/dataset_slices_sorted,cuda,5,no_encryption,0.05,20,,,,224,0.0001,10,logs_geosciences/dataset_slices_sorted_run_1_GoogLeNet,GoogLeNet,1,,2,16,2,,geosciences,static/plots_geosciences/dataset_slices_sorted_run_1_GoogLeNet,,run_dataset_geosciences/dataset_slices_sorted_run_1_GoogLeNet,,,1972.5289204120636,True,1
32,FedProx,16,0.5727069351230425,0.4171339473352896,0.6924054757327308,0.32804779113503946,0.5727069351230425,0,-1,-1,csv_geosciences/runs/20260416-114721_dataset_slices_sorted_worker_0.csv,dataset_slices_sorted,dataset/dataset_slices_sorted,cuda,5,no_encryption,0.05,20,,,,224,0.01,10,logs_geosciences/dataset_slices_sorted_run_0_GoogLeNet,GoogLeNet,1,,2,32,2,,geosciences,static/plots_geosciences/dataset_slices_sorted_run_0_GoogLeNet,,run_dataset_geosciences/dataset_slices_sorted_run_0_GoogLeNet,,,976.4983580112457,True,0
16,FedProx,16,0.7245370370370371,0.7202785289676211,0.5731459546972204,0.7239436693480812,0.7245370370370371,18,-1,-1,csv_geosciences/runs/20260416-115001_dataset_slices_sorted_worker_7.csv,dataset_slices_sorted,dataset/dataset_slices_sorted,cuda,5,no_encryption,0.05,20,,,,224,0.0001,10,logs_geosciences/dataset_slices_sorted_run_7_GoogLeNet,GoogLeNet,1,,2,16,4,,geosciences,static/plots_geosciences/dataset_slices_sorted_run_7_GoogLeNet,,run_dataset_geosciences/dataset_slices_sorted_run_7_GoogLeNet,,,2030.369885444641,True,7
32,FedAvg,16,0.5727069351230425,0.4171339473352896,0.691037238844289,0.32804779113503946,0.5727069351230425,0,-1,-1,csv_geosciences/runs/20260416-115528_dataset_slices_sorted_worker_6.csv,dataset_slices_sorted,dataset/dataset_slices_sorted,cuda,5,no_encryption,0.0,20,,,,224,0.01,10,logs_geosciences/dataset_slices_sorted_run_6_GoogLeNet,GoogLeNet,1,,2,32,2,,geosciences,static/plots_geosciences/dataset_slices_sorted_run_6_GoogLeNet,,run_dataset_geosciences/dataset_slices_sorted_run_6_GoogLeNet,,,2278.6755800247192,True,6
32,FedAvg,16,0.5727069351230425,0.4171339473352896,0.6833056763514577,0.32804779113503946,0.5727069351230425,0,-1,-1,csv_geosciences/runs/20260416-120711_dataset_slices_sorted_worker_3.csv,dataset_slices_sorted,dataset/dataset_slices_sorted,cuda,5,no_encryption,0.0,20,,,,224,0.01,10,logs_geosciences/dataset_slices_sorted_run_3_GoogLeNet,GoogLeNet,1,,2,32,4,,geosciences,static/plots_geosciences/dataset_slices_sorted_run_3_GoogLeNet,,run_dataset_geosciences/dataset_slices_sorted_run_3_GoogLeNet,,,2355.867413520813,True,3
32,FedAvg,16,0.6666666666666666,0.6598972938647133,0.6129275847068035,0.6922922094063034,0.6666666666666666,17,-1,-1,csv_geosciences/runs/20260416-121148_dataset_slices_sorted_worker_10.csv,dataset_slices_sorted,dataset/dataset_slices_sorted,cuda,5,no_encryption,0.0,20,,,,224,0.001,10,logs_geosciences/dataset_slices_sorted_run_10_GoogLeNet,GoogLeNet,1,,2,32,2,,geosciences,static/plots_geosciences/dataset_slices_sorted_run_10_GoogLeNet,,run_dataset_geosciences/dataset_slices_sorted_run_10_GoogLeNet,,,2210.9068791866302,True,10
32,FedProx,16,0.5727069351230425,0.4171339473352896,0.6839105417531075,0.32804779113503946,0.5727069351230425,1,-1,-1,csv_geosciences/runs/20260416-121542_dataset_slices_sorted_worker_9.csv,dataset_slices_sorted,dataset/dataset_slices_sorted,cuda,5,no_encryption,0.05,20,,,,224,0.01,10,logs_geosciences/dataset_slices_sorted_run_9_GoogLeNet,GoogLeNet,1,,2,32,4,,geosciences,static/plots_geosciences/dataset_slices_sorted_run_9_GoogLeNet,,run_dataset_geosciences/dataset_slices_sorted_run_9_GoogLeNet,,,2446.587103366852,True,9
32,FedAvg,16,0.6219239373601789,0.6070190372151849,0.6443758478900731,0.6851169958552509,0.6219239373601789,18,-1,-1,csv_geosciences/runs/20260416-121928_dataset_slices_sorted_worker_4.csv,dataset_slices_sorted,dataset/dataset_slices_sorted,cuda,5,no_encryption,0.0,20,,,,224,0.001,10,logs_geosciences/dataset_slices_sorted_run_4_GoogLeNet,GoogLeNet,1,,2,32,4,,geosciences,static/plots_geosciences/dataset_slices_sorted_run_4_GoogLeNet,,run_dataset_geosciences/dataset_slices_sorted_run_4_GoogLeNet,,,2335.3420174121857,True,4
32,FedProx,16,0.7024608501118568,0.6932977554686783,0.5917473964776502,0.7131971682307252,0.7024608501118568,16,-1,-1,csv_geosciences/runs/20260416-122318_dataset_slices_sorted_worker_1.csv,dataset_slices_sorted,dataset/dataset_slices_sorted,cuda,5,no_encryption,0.05,20,,,,224,0.001,10,logs_geosciences/dataset_slices_sorted_run_1_GoogLeNet,GoogLeNet,1,,2,32,2,,geosciences,static/plots_geosciences/dataset_slices_sorted_run_1_GoogLeNet,,run_dataset_geosciences/dataset_slices_sorted_run_1_GoogLeNet,,,2276.7125101089478,True,1
32,FedAvg,16,0.6621923937360179,0.6378801112526465,0.6183713835891195,0.6819238802460279,0.6621923937360179,17,-1,-1,csv_geosciences/runs/20260416-122636_dataset_slices_sorted_worker_7.csv,dataset_slices_sorted,dataset/dataset_slices_sorted,cuda,5,no_encryption,0.0,20,,,,224,0.0001,10,logs_geosciences/dataset_slices_sorted_run_7_GoogLeNet,GoogLeNet,1,,2,32,2,,geosciences,static/plots_geosciences/dataset_slices_sorted_run_7_GoogLeNet,,run_dataset_geosciences/dataset_slices_sorted_run_7_GoogLeNet,,,2192.2294540405273,True,7
32,FedProx,16,0.6845637583892618,0.676597950793309,0.6075318779721356,0.7006659758337612,0.6845637583892618,16,-1,-1,csv_geosciences/runs/20260416-122728_dataset_slices_sorted_worker_0.csv,dataset_slices_sorted,dataset/dataset_slices_sorted,cuda,5,no_encryption,0.05,20,,,,224,0.001,10,logs_geosciences/dataset_slices_sorted_run_0_GoogLeNet,GoogLeNet,1,,2,32,4,,geosciences,static/plots_geosciences/dataset_slices_sorted_run_0_GoogLeNet,,run_dataset_geosciences/dataset_slices_sorted_run_0_GoogLeNet,,,2403.2396862506866,True,0
2,FedAvg,16,0.5857142857142857,0.43268983268983274,0.6817331580888657,0.3430612244897959,0.5857142857142857,0,-1,-1,csv_geosciences/runs/20260416-122916_dataset_slices_sorted_worker_9.csv,dataset_slices_sorted,dataset/dataset_slices_sorted,cuda,5,no_encryption,0.0,30,,,,224,0.01,1,logs_geosciences/dataset_slices_sorted_run_9_GoogLeNet,GoogLeNet,1,,2,2,2,,geosciences,static/plots_geosciences/dataset_slices_sorted_run_9_GoogLeNet,,run_dataset_geosciences/dataset_slices_sorted_run_9_GoogLeNet,,,810.9989087581635,True,9
2,FedAvg,16,0.5857142857142857,0.43268983268983274,0.6792846685364133,0.3430612244897959,0.5857142857142857,0,-1,-1,csv_geosciences/runs/20260416-123258_dataset_slices_sorted_worker_4.csv,dataset_slices_sorted,dataset/dataset_slices_sorted,cuda,5,no_encryption,0.0,30,,,,224,0.01,1,logs_geosciences/dataset_slices_sorted_run_4_GoogLeNet,GoogLeNet,1,,2,2,4,,geosciences,static/plots_geosciences/dataset_slices_sorted_run_4_GoogLeNet,,run_dataset_geosciences/dataset_slices_sorted_run_4_GoogLeNet,,,806.6399874687195,True,4
32,FedAvg,16,0.6487695749440716,0.6392605682796221,0.6290584705286645,0.6512209018920428,0.6487695749440716,19,-1,-1,csv_geosciences/runs/20260416-123324_dataset_slices_sorted_worker_6.csv,dataset_slices_sorted,dataset/dataset_slices_sorted,cuda,5,no_encryption,0.0,20,,,,224,0.0001,10,logs_geosciences/dataset_slices_sorted_run_6_GoogLeNet,GoogLeNet,1,,2,32,4,,geosciences,static/plots_geosciences/dataset_slices_sorted_run_6_GoogLeNet,,run_dataset_geosciences/dataset_slices_sorted_run_6_GoogLeNet,,,2272.6740441322327,True,6
2,FedProx,16,0.5857142857142857,0.43268983268983274,0.6838909455708095,0.3430612244897959,0.5857142857142857,0,-1,-1,csv_geosciences/runs/20260416-123401_dataset_slices_sorted_worker_1.csv,dataset_slices_sorted,dataset/dataset_slices_sorted,cuda,5,no_encryption,0.05,30,,,,224,0.01,1,logs_geosciences/dataset_slices_sorted_run_1_GoogLeNet,GoogLeNet,1,,2,2,2,,geosciences,static/plots_geosciences/dataset_slices_sorted_run_1_GoogLeNet,,run_dataset_geosciences/dataset_slices_sorted_run_1_GoogLeNet,,,639.8910677433014,True,1
2,FedProx,16,0.5857142857142857,0.43268983268983274,0.6805460506961459,0.3430612244897959,0.5857142857142857,0,-1,-1,csv_geosciences/runs/20260416-123952_dataset_slices_sorted_worker_7.csv,dataset_slices_sorted,dataset/dataset_slices_sorted,cuda,5,no_encryption,0.05,30,,,,224,0.01,1,logs_geosciences/dataset_slices_sorted_run_7_GoogLeNet,GoogLeNet,1,,2,2,4,,geosciences,static/plots_geosciences/dataset_slices_sorted_run_7_GoogLeNet,,run_dataset_geosciences/dataset_slices_sorted_run_7_GoogLeNet,,,792.379228591919,True,7
2,FedAvg,16,0.6928571428571428,0.6828459660215987,0.5836763450077602,0.6901042783746202,0.6928571428571428,28,-1,-1,csv_geosciences/runs/20260416-124027_dataset_slices_sorted_worker_0.csv,dataset_slices_sorted,dataset/dataset_slices_sorted,cuda,5,no_encryption,0.0,30,,,,224,0.001,1,logs_geosciences/dataset_slices_sorted_run_0_GoogLeNet,GoogLeNet,1,,2,2,2,,geosciences,static/plots_geosciences/dataset_slices_sorted_run_0_GoogLeNet,,run_dataset_geosciences/dataset_slices_sorted_run_0_GoogLeNet,,,776.0413854122162,True,0
2,FedAvg,16,0.6904761904761905,0.6747350426657149,0.6192694820108868,0.6908205876460832,0.6904761904761905,20,-1,-1,csv_geosciences/runs/20260416-124227_dataset_slices_sorted_worker_9.csv,dataset_slices_sorted,dataset/dataset_slices_sorted,cuda,5,no_encryption,0.0,30,,,,224,0.001,1,logs_geosciences/dataset_slices_sorted_run_9_GoogLeNet,GoogLeNet,1,,2,2,4,,geosciences,static/plots_geosciences/dataset_slices_sorted_run_9_GoogLeNet,,run_dataset_geosciences/dataset_slices_sorted_run_9_GoogLeNet,,,786.9988753795624,True,9
32,FedProx,16,0.6577181208053692,0.636339610210826,0.6149376442768429,0.6724139767763929,0.6577181208053692,18,-1,-1,csv_geosciences/runs/20260416-124335_dataset_slices_sorted_worker_3.csv,dataset_slices_sorted,dataset/dataset_slices_sorted,cuda,5,no_encryption,0.05,20,,,,224,0.0001,10,logs_geosciences/dataset_slices_sorted_run_3_GoogLeNet,GoogLeNet,1,,2,32,2,,geosciences,static/plots_geosciences/dataset_slices_sorted_run_3_GoogLeNet,,run_dataset_geosciences/dataset_slices_sorted_run_3_GoogLeNet,,,2180.971246242523,True,3
2,FedProx,16,0.6928571428571428,0.687566279115931,0.5850694000720977,0.6891687289018624,0.6928571428571428,26,-1,-1,csv_geosciences/runs/20260416-124601_dataset_slices_sorted_worker_4.csv,dataset_slices_sorted,dataset/dataset_slices_sorted,cuda,5,no_encryption,0.05,30,,,,224,0.001,1,logs_geosciences/dataset_slices_sorted_run_4_GoogLeNet,GoogLeNet,1,,2,2,2,,geosciences,static/plots_geosciences/dataset_slices_sorted_run_4_GoogLeNet,,run_dataset_geosciences/dataset_slices_sorted_run_4_GoogLeNet,,,779.8692138195038,True,4
2,FedProx,16,0.6714285714285714,0.668686418927327,0.6254509261676243,0.6680721149159686,0.6714285714285714,20,-1,-1,csv_geosciences/runs/20260416-124639_dataset_slices_sorted_worker_6.csv,dataset_slices_sorted,dataset/dataset_slices_sorted,cuda,5,no_encryption,0.05,30,,,,224,0.001,1,logs_geosciences/dataset_slices_sorted_run_6_GoogLeNet,GoogLeNet,1,,2,2,4,,geosciences,static/plots_geosciences/dataset_slices_sorted_run_6_GoogLeNet,,run_dataset_geosciences/dataset_slices_sorted_run_6_GoogLeNet,,,792.0925047397614,True,6
2,FedAvg,16,0.6928571428571428,0.6905420468244591,0.6126394212245941,0.6908499622071049,0.6928571428571428,23,-1,-1,csv_geosciences/runs/20260416-124700_dataset_slices_sorted_worker_1.csv,dataset_slices_sorted,dataset/dataset_slices_sorted,cuda,5,no_encryption,0.0,30,,,,224,0.0001,1,logs_geosciences/dataset_slices_sorted_run_1_GoogLeNet,GoogLeNet,1,,2,2,2,,geosciences,static/plots_geosciences/dataset_slices_sorted_run_1_GoogLeNet,,run_dataset_geosciences/dataset_slices_sorted_run_1_GoogLeNet,,,775.847208738327,True,1
32,FedProx,16,0.6465324384787472,0.6152544477060861,0.6364653634544987,0.6546887614001707,0.6465324384787472,19,-1,-1,csv_geosciences/runs/20260416-124904_dataset_slices_sorted_worker_10.csv,dataset_slices_sorted,dataset/dataset_slices_sorted,cuda,5,no_encryption,0.05,20,,,,224,0.0001,10,logs_geosciences/dataset_slices_sorted_run_10_GoogLeNet,GoogLeNet,1,,2,32,4,,geosciences,static/plots_geosciences/dataset_slices_sorted_run_10_GoogLeNet,,run_dataset_geosciences/dataset_slices_sorted_run_10_GoogLeNet,,,2233.497798681259,True,10
4,FedAvg,16,0.5904761904761905,0.4384374108925007,0.6768260291644506,0.34866213151927433,0.5904761904761905,1,-1,-1,csv_geosciences/runs/20260416-125235_dataset_slices_sorted_worker_3.csv,dataset_slices_sorted,dataset/dataset_slices_sorted,cuda,5,no_encryption,0.0,30,,,,224,0.01,1,logs_geosciences/dataset_slices_sorted_run_3_GoogLeNet,GoogLeNet,1,,2,4,2,,geosciences,static/plots_geosciences/dataset_slices_sorted_run_3_GoogLeNet,,run_dataset_geosciences/dataset_slices_sorted_run_3_GoogLeNet,,,536.2759144306183,True,3
2,FedAvg,16,0.680952380952381,0.679870519185876,0.615555780558359,0.6795465190547159,0.680952380952381,29,-1,-1,csv_geosciences/runs/20260416-125314_dataset_slices_sorted_worker_7.csv,dataset_slices_sorted,dataset/dataset_slices_sorted,cuda,5,no_encryption,0.0,30,,,,224,0.0001,1,logs_geosciences/dataset_slices_sorted_run_7_GoogLeNet,GoogLeNet,1,,2,2,4,,geosciences,static/plots_geosciences/dataset_slices_sorted_run_7_GoogLeNet,,run_dataset_geosciences/dataset_slices_sorted_run_7_GoogLeNet,,,798.8048424720764,True,7
2,FedProx,16,0.669047619047619,0.6668740099054936,0.6319388278893062,0.6659965298482741,0.669047619047619,15,-1,-1,csv_geosciences/runs/20260416-125354_dataset_slices_sorted_worker_0.csv,dataset_slices_sorted,dataset/dataset_slices_sorted,cuda,5,no_encryption,0.05,30,,,,224,0.0001,1,logs_geosciences/dataset_slices_sorted_run_0_GoogLeNet,GoogLeNet,1,,2,2,2,,geosciences,static/plots_geosciences/dataset_slices_sorted_run_0_GoogLeNet,,run_dataset_geosciences/dataset_slices_sorted_run_0_GoogLeNet,,,803.0006213188171,True,0
4,FedAvg,16,0.5904761904761905,0.4384374108925007,0.6897500690959749,0.34866213151927433,0.5904761904761905,0,-1,-1,csv_geosciences/runs/20260416-125535_dataset_slices_sorted_worker_4.csv,dataset_slices_sorted,dataset/dataset_slices_sorted,cuda,5,no_encryption,0.0,30,,,,224,0.01,1,logs_geosciences/dataset_slices_sorted_run_4_GoogLeNet,GoogLeNet,1,,2,4,4,,geosciences,static/plots_geosciences/dataset_slices_sorted_run_4_GoogLeNet,,run_dataset_geosciences/dataset_slices_sorted_run_4_GoogLeNet,,,570.065515756607,True,4
4,FedProx,16,0.5904761904761905,0.4384374108925007,0.6888583897125153,0.34866213151927433,0.5904761904761905,1,-1,-1,csv_geosciences/runs/20260416-125557_dataset_slices_sorted_worker_6.csv,dataset_slices_sorted,dataset/dataset_slices_sorted,cuda,5,no_encryption,0.05,30,,,,224,0.01,1,logs_geosciences/dataset_slices_sorted_run_6_GoogLeNet,GoogLeNet,1,,2,4,2,,geosciences,static/plots_geosciences/dataset_slices_sorted_run_6_GoogLeNet,,run_dataset_geosciences/dataset_slices_sorted_run_6_GoogLeNet,,,555.022762298584,True,6
2,FedProx,16,0.669047619047619,0.6641996999443027,0.6257644871870677,0.6650286777190342,0.669047619047619,29,-1,-1,csv_geosciences/runs/20260416-125602_dataset_slices_sorted_worker_9.csv,dataset_slices_sorted,dataset/dataset_slices_sorted,cuda,5,no_encryption,0.05,30,,,,224,0.0001,1,logs_geosciences/dataset_slices_sorted_run_9_GoogLeNet,GoogLeNet,1,,2,2,4,,geosciences,static/plots_geosciences/dataset_slices_sorted_run_9_GoogLeNet,,run_dataset_geosciences/dataset_slices_sorted_run_9_GoogLeNet,,,812.0437421798706,True,9
4,FedProx,16,0.5904761904761905,0.4384374108925007,0.6911305995214553,0.34866213151927433,0.5904761904761905,0,-1,-1,csv_geosciences/runs/20260416-125641_dataset_slices_sorted_worker_1.csv,dataset_slices_sorted,dataset/dataset_slices_sorted,cuda,5,no_encryption,0.05,30,,,,224,0.01,1,logs_geosciences/dataset_slices_sorted_run_1_GoogLeNet,GoogLeNet,1,,2,4,4,,geosciences,static/plots_geosciences/dataset_slices_sorted_run_1_GoogLeNet,,run_dataset_geosciences/dataset_slices_sorted_run_1_GoogLeNet,,,577.7305493354797,True,1
4,FedAvg,16,0.7047619047619048,0.7004717893703186,0.6000986876941863,0.7018403869874457,0.7047619047619048,23,-1,-1,csv_geosciences/runs/20260416-125821_dataset_slices_sorted_worker_10.csv,dataset_slices_sorted,dataset/dataset_slices_sorted,cuda,5,no_encryption,0.0,30,,,,224,0.001,1,logs_geosciences/dataset_slices_sorted_run_10_GoogLeNet,GoogLeNet,1,,2,4,2,,geosciences,static/plots_geosciences/dataset_slices_sorted_run_10_GoogLeNet,,run_dataset_geosciences/dataset_slices_sorted_run_10_GoogLeNet,,,553.9537737369537,True,10
4,FedAvg,16,0.6619047619047619,0.6632125575155233,0.6275940643889564,0.6917194974490055,0.6619047619047619,23,-1,-1,csv_geosciences/runs/20260416-130221_dataset_slices_sorted_worker_3.csv,dataset_slices_sorted,dataset/dataset_slices_sorted,cuda,5,no_encryption,0.0,30,,,,224,0.001,1,logs_geosciences/dataset_slices_sorted_run_3_GoogLeNet,GoogLeNet,1,,2,4,4,,geosciences,static/plots_geosciences/dataset_slices_sorted_run_3_GoogLeNet,,run_dataset_geosciences/dataset_slices_sorted_run_3_GoogLeNet,,,583.2741570472717,True,3
4,FedProx,16,0.680952380952381,0.6805506784351382,0.5980601813111986,0.6822952912695206,0.680952380952381,26,-1,-1,csv_geosciences/runs/20260416-130247_dataset_slices_sorted_worker_7.csv,dataset_slices_sorted,dataset/dataset_slices_sorted,cuda,5,no_encryption,0.05,30,,,,224,0.001,1,logs_geosciences/dataset_slices_sorted_run_7_GoogLeNet,GoogLeNet,1,,2,4,2,,geosciences,static/plots_geosciences/dataset_slices_sorted_run_7_GoogLeNet,,run_dataset_geosciences/dataset_slices_sorted_run_7_GoogLeNet,,,569.6624073982239,True,7
4,FedProx,16,0.6666666666666666,0.668099780978121,0.6149412966909863,0.6731931703859234,0.6666666666666666,29,-1,-1,csv_geosciences/runs/20260416-130352_dataset_slices_sorted_worker_0.csv,dataset_slices_sorted,dataset/dataset_slices_sorted,cuda,5,no_encryption,0.05,30,,,,224,0.001,1,logs_geosciences/dataset_slices_sorted_run_0_GoogLeNet,GoogLeNet,1,,2,4,4,,geosciences,static/plots_geosciences/dataset_slices_sorted_run_0_GoogLeNet,,run_dataset_geosciences/dataset_slices_sorted_run_0_GoogLeNet,,,595.4553277492523,True,0
4,FedAvg,16,0.6738095238095239,0.6731600460772841,0.6197356486604327,0.6751351614889536,0.6738095238095239,21,-1,-1,csv_geosciences/runs/20260416-130510_dataset_slices_sorted_worker_4.csv,dataset_slices_sorted,dataset/dataset_slices_sorted,cuda,5,no_encryption,0.0,30,,,,224,0.0001,1,logs_geosciences/dataset_slices_sorted_run_4_GoogLeNet,GoogLeNet,1,,2,4,2,,geosciences,static/plots_geosciences/dataset_slices_sorted_run_4_GoogLeNet,,run_dataset_geosciences/dataset_slices_sorted_run_4_GoogLeNet,,,571.9600079059601,True,4
4,FedProx,16,0.6738095238095239,0.6639099145637133,0.6239689930563881,0.6695149438228777,0.6738095238095239,15,-1,-1,csv_geosciences/runs/20260416-130546_dataset_slices_sorted_worker_9.csv,dataset_slices_sorted,dataset/dataset_slices_sorted,cuda,5,no_encryption,0.05,30,,,,224,0.0001,1,logs_geosciences/dataset_slices_sorted_run_9_GoogLeNet,GoogLeNet,1,,2,4,2,,geosciences,static/plots_geosciences/dataset_slices_sorted_run_9_GoogLeNet,,run_dataset_geosciences/dataset_slices_sorted_run_9_GoogLeNet,,,579.8825001716614,True,9
4,FedAvg,16,0.6642857142857143,0.6649576565108907,0.6241204207851774,0.6700749634768919,0.6642857142857143,28,-1,-1,csv_geosciences/runs/20260416-130556_dataset_slices_sorted_worker_6.csv,dataset_slices_sorted,dataset/dataset_slices_sorted,cuda,5,no_encryption,0.0,30,,,,224,0.0001,1,logs_geosciences/dataset_slices_sorted_run_6_GoogLeNet,GoogLeNet,1,,2,4,4,,geosciences,static/plots_geosciences/dataset_slices_sorted_run_6_GoogLeNet,,run_dataset_geosciences/dataset_slices_sorted_run_6_GoogLeNet,,,595.2288267612457,True,6
4,FedProx,16,0.6428571428571429,0.6070571747548325,0.6305633911064693,0.6450037148626531,0.6428571428571429,27,-1,-1,csv_geosciences/runs/20260416-130649_dataset_slices_sorted_worker_1.csv,dataset_slices_sorted,dataset/dataset_slices_sorted,cuda,5,no_encryption,0.05,30,,,,224,0.0001,1,logs_geosciences/dataset_slices_sorted_run_1_GoogLeNet,GoogLeNet,1,,2,4,4,,geosciences,static/plots_geosciences/dataset_slices_sorted_run_1_GoogLeNet,,run_dataset_geosciences/dataset_slices_sorted_run_1_GoogLeNet,,,604.8451716899872,True,1
8,FedAvg,16,0.5849056603773585,0.4317160826594789,0.6867400857637513,0.3421146315414738,0.5849056603773585,0,-1,-1,csv_geosciences/runs/20260416-130912_dataset_slices_sorted_worker_10.csv,dataset_slices_sorted,dataset/dataset_slices_sorted,cuda,5,no_encryption,0.0,30,,,,224,0.01,1,logs_geosciences/dataset_slices_sorted_run_10_GoogLeNet,GoogLeNet,1,,2,8,2,,geosciences,static/plots_geosciences/dataset_slices_sorted_run_10_GoogLeNet,,run_dataset_geosciences/dataset_slices_sorted_run_10_GoogLeNet,,,647.47332239151,True,10
8,FedAvg,16,0.5849056603773585,0.4317160826594789,0.6888771844360063,0.3421146315414738,0.5849056603773585,0,-1,-1,csv_geosciences/runs/20260416-131345_dataset_slices_sorted_worker_3.csv,dataset_slices_sorted,dataset/dataset_slices_sorted,cuda,5,no_encryption,0.0,30,,,,224,0.01,1,logs_geosciences/dataset_slices_sorted_run_3_GoogLeNet,GoogLeNet,1,,2,8,4,,geosciences,static/plots_geosciences/dataset_slices_sorted_run_3_GoogLeNet,,run_dataset_geosciences/dataset_slices_sorted_run_3_GoogLeNet,,,681.1161735057831,True,3
8,FedProx,16,0.5849056603773585,0.4317160826594789,0.6847423542782946,0.3421146315414738,0.5849056603773585,1,-1,-1,csv_geosciences/runs/20260416-131346_dataset_slices_sorted_worker_7.csv,dataset_slices_sorted,dataset/dataset_slices_sorted,cuda,5,no_encryption,0.05,30,,,,224,0.01,1,logs_geosciences/dataset_slices_sorted_run_7_GoogLeNet,GoogLeNet,1,,2,8,2,,geosciences,static/plots_geosciences/dataset_slices_sorted_run_7_GoogLeNet,,run_dataset_geosciences/dataset_slices_sorted_run_7_GoogLeNet,,,656.1807613372803,True,7
8,FedProx,16,0.5849056603773585,0.4317160826594789,0.6874183802953306,0.3421146315414738,0.5849056603773585,1,-1,-1,csv_geosciences/runs/20260416-131515_dataset_slices_sorted_worker_0.csv,dataset_slices_sorted,dataset/dataset_slices_sorted,cuda,5,no_encryption,0.05,30,,,,224,0.01,1,logs_geosciences/dataset_slices_sorted_run_0_GoogLeNet,GoogLeNet,1,,2,8,4,,geosciences,static/plots_geosciences/dataset_slices_sorted_run_0_GoogLeNet,,run_dataset_geosciences/dataset_slices_sorted_run_0_GoogLeNet,,,680.0127339363098,True,0
8,FedAvg,16,0.660377358490566,0.6616863356916597,0.6278357550782977,0.6656708700966776,0.660377358490566,24,-1,-1,csv_geosciences/runs/20260416-131610_dataset_slices_sorted_worker_4.csv,dataset_slices_sorted,dataset/dataset_slices_sorted,cuda,5,no_encryption,0.0,30,,,,224,0.001,1,logs_geosciences/dataset_slices_sorted_run_4_GoogLeNet,GoogLeNet,1,,2,8,2,,geosciences,static/plots_geosciences/dataset_slices_sorted_run_4_GoogLeNet,,run_dataset_geosciences/dataset_slices_sorted_run_4_GoogLeNet,,,657.2005407810211,True,4
8,FedProx,16,0.6768867924528302,0.6759543845067029,0.6133518492416391,0.6763916119883686,0.6768867924528302,29,-1,-1,csv_geosciences/runs/20260416-131655_dataset_slices_sorted_worker_6.csv,dataset_slices_sorted,dataset/dataset_slices_sorted,cuda,5,no_encryption,0.05,30,,,,224,0.001,1,logs_geosciences/dataset_slices_sorted_run_6_GoogLeNet,GoogLeNet,1,,2,8,2,,geosciences,static/plots_geosciences/dataset_slices_sorted_run_6_GoogLeNet,,run_dataset_geosciences/dataset_slices_sorted_run_6_GoogLeNet,,,654.841551065445,True,6
8,FedAvg,16,0.660377358490566,0.651514777339965,0.6564033962083313,0.6570054319737137,0.660377358490566,14,-1,-1,csv_geosciences/runs/20260416-131723_dataset_slices_sorted_worker_9.csv,dataset_slices_sorted,dataset/dataset_slices_sorted,cuda,5,no_encryption,0.0,30,,,,224,0.001,1,logs_geosciences/dataset_slices_sorted_run_9_GoogLeNet,GoogLeNet,1,,2,8,4,,geosciences,static/plots_geosciences/dataset_slices_sorted_run_9_GoogLeNet,,run_dataset_geosciences/dataset_slices_sorted_run_9_GoogLeNet,,,694.8119163513184,True,9
8,FedProx,16,0.6674528301886793,0.6648372395628342,0.6238266848168283,0.6658034327939295,0.6674528301886793,26,-1,-1,csv_geosciences/runs/20260416-131836_dataset_slices_sorted_worker_1.csv,dataset_slices_sorted,dataset/dataset_slices_sorted,cuda,5,no_encryption,0.05,30,,,,224,0.001,1,logs_geosciences/dataset_slices_sorted_run_1_GoogLeNet,GoogLeNet,1,,2,8,4,,geosciences,static/plots_geosciences/dataset_slices_sorted_run_1_GoogLeNet,,run_dataset_geosciences/dataset_slices_sorted_run_1_GoogLeNet,,,703.1296496391296,True,1
8,FedAvg,16,0.6674528301886793,0.6512950901220295,0.6245223081336831,0.6643269011284811,0.6674528301886793,29,-1,-1,csv_geosciences/runs/20260416-132000_dataset_slices_sorted_worker_10.csv,dataset_slices_sorted,dataset/dataset_slices_sorted,cuda,5,no_encryption,0.0,30,,,,224,0.0001,1,logs_geosciences/dataset_slices_sorted_run_10_GoogLeNet,GoogLeNet,1,,2,8,2,,geosciences,static/plots_geosciences/dataset_slices_sorted_run_10_GoogLeNet,,run_dataset_geosciences/dataset_slices_sorted_run_10_GoogLeNet,,,644.8903980255127,True,10
8,FedProx,16,0.6556603773584906,0.6341525361179303,0.6228205333903151,0.6557574635919603,0.6556603773584906,29,-1,-1,csv_geosciences/runs/20260416-132428_dataset_slices_sorted_worker_7.csv,dataset_slices_sorted,dataset/dataset_slices_sorted,cuda,5,no_encryption,0.05,30,,,,224,0.0001,1,logs_geosciences/dataset_slices_sorted_run_7_GoogLeNet,GoogLeNet,1,,2,8,2,,geosciences,static/plots_geosciences/dataset_slices_sorted_run_7_GoogLeNet,,run_dataset_geosciences/dataset_slices_sorted_run_7_GoogLeNet,,,638.9521129131317,True,7
8,FedAvg,16,0.5377358490566038,0.4957187705195768,0.6923391750117518,0.4964801099240078,0.5377358490566038,0,-1,-1,csv_geosciences/runs/20260416-132454_dataset_slices_sorted_worker_3.csv,dataset_slices_sorted,dataset/dataset_slices_sorted,cuda,5,no_encryption,0.0,30,,,,224,0.0001,1,logs_geosciences/dataset_slices_sorted_run_3_GoogLeNet,GoogLeNet,1,,2,8,4,,geosciences,static/plots_geosciences/dataset_slices_sorted_run_3_GoogLeNet,,run_dataset_geosciences/dataset_slices_sorted_run_3_GoogLeNet,,,665.2405481338501,True,3
8,FedProx,16,0.6014150943396226,0.471347296042192,0.654590554394812,0.6854112099011634,0.6014150943396226,29,-1,-1,csv_geosciences/runs/20260416-132634_dataset_slices_sorted_worker_0.csv,dataset_slices_sorted,dataset/dataset_slices_sorted,cuda,5,no_encryption,0.05,30,,,,224,0.0001,1,logs_geosciences/dataset_slices_sorted_run_0_GoogLeNet,GoogLeNet,1,,2,8,4,,geosciences,static/plots_geosciences/dataset_slices_sorted_run_0_GoogLeNet,,run_dataset_geosciences/dataset_slices_sorted_run_0_GoogLeNet,,,675.1577000617981,True,0
16,FedAvg,16,0.5925925925925926,0.4409991386735573,0.6887494678850528,0.3511659807956104,0.5925925925925926,0,-1,-1,csv_geosciences/runs/20260416-133057_dataset_slices_sorted_worker_4.csv,dataset_slices_sorted,dataset/dataset_slices_sorted,cuda,5,no_encryption,0.0,30,,,,224,0.01,1,logs_geosciences/dataset_slices_sorted_run_4_GoogLeNet,GoogLeNet,1,,2,16,2,,geosciences,static/plots_geosciences/dataset_slices_sorted_run_4_GoogLeNet,,run_dataset_geosciences/dataset_slices_sorted_run_4_GoogLeNet,,,883.8857281208038,True,4
16,FedProx,16,0.5925925925925926,0.4409991386735573,0.6927096380127801,0.3511659807956104,0.5925925925925926,0,-1,-1,csv_geosciences/runs/20260416-133208_dataset_slices_sorted_worker_9.csv,dataset_slices_sorted,dataset/dataset_slices_sorted,cuda,5,no_encryption,0.05,30,,,,224,0.01,1,logs_geosciences/dataset_slices_sorted_run_9_GoogLeNet,GoogLeNet,1,,2,16,2,,geosciences,static/plots_geosciences/dataset_slices_sorted_run_9_GoogLeNet,,run_dataset_geosciences/dataset_slices_sorted_run_9_GoogLeNet,,,881.2118606567383,True,9
16,FedAvg,16,0.5925925925925926,0.4409991386735573,0.6823730027234113,0.3511659807956104,0.5925925925925926,0,-1,-1,csv_geosciences/runs/20260416-133251_dataset_slices_sorted_worker_6.csv,dataset_slices_sorted,dataset/dataset_slices_sorted,cuda,5,no_encryption,0.0,30,,,,224,0.01,1,logs_geosciences/dataset_slices_sorted_run_6_GoogLeNet,GoogLeNet,1,,2,16,4,,geosciences,static/plots_geosciences/dataset_slices_sorted_run_6_GoogLeNet,,run_dataset_geosciences/dataset_slices_sorted_run_6_GoogLeNet,,,953.3132326602936,True,6
16,FedProx,16,0.5925925925925926,0.4409991386735573,0.6925887425464613,0.3511659807956104,0.5925925925925926,1,-1,-1,csv_geosciences/runs/20260416-133432_dataset_slices_sorted_worker_1.csv,dataset_slices_sorted,dataset/dataset_slices_sorted,cuda,5,no_encryption,0.05,30,,,,224,0.01,1,logs_geosciences/dataset_slices_sorted_run_1_GoogLeNet,GoogLeNet,1,,2,16,4,,geosciences,static/plots_geosciences/dataset_slices_sorted_run_1_GoogLeNet,,run_dataset_geosciences/dataset_slices_sorted_run_1_GoogLeNet,,,953.2352566719055,True,1
16,FedAvg,16,0.6620370370370371,0.6628312692846052,0.6445733456423989,0.6862380006068732,0.6620370370370371,29,-1,-1,csv_geosciences/runs/20260416-133434_dataset_slices_sorted_worker_10.csv,dataset_slices_sorted,dataset/dataset_slices_sorted,cuda,5,no_encryption,0.0,30,,,,224,0.001,1,logs_geosciences/dataset_slices_sorted_run_10_GoogLeNet,GoogLeNet,1,,2,16,2,,geosciences,static/plots_geosciences/dataset_slices_sorted_run_10_GoogLeNet,,run_dataset_geosciences/dataset_slices_sorted_run_10_GoogLeNet,,,870.9615361690521,True,10
16,FedAvg,16,0.6689814814814815,0.6622383703514707,0.6545312302532019,0.6706767429193901,0.6689814814814815,23,-1,-1,csv_geosciences/runs/20260416-133934_dataset_slices_sorted_worker_7.csv,dataset_slices_sorted,dataset/dataset_slices_sorted,cuda,5,no_encryption,0.0,30,,,,224,0.001,1,logs_geosciences/dataset_slices_sorted_run_7_GoogLeNet,GoogLeNet,1,,2,16,4,,geosciences,static/plots_geosciences/dataset_slices_sorted_run_7_GoogLeNet,,run_dataset_geosciences/dataset_slices_sorted_run_7_GoogLeNet,,,902.182594537735,True,7
16,FedProx,16,0.6666666666666666,0.6661706283749845,0.6374543255401982,0.6773079133934935,0.6666666666666666,23,-1,-1,csv_geosciences/runs/20260416-133943_dataset_slices_sorted_worker_3.csv,dataset_slices_sorted,dataset/dataset_slices_sorted,cuda,5,no_encryption,0.05,30,,,,224,0.001,1,logs_geosciences/dataset_slices_sorted_run_3_GoogLeNet,GoogLeNet,1,,2,16,2,,geosciences,static/plots_geosciences/dataset_slices_sorted_run_3_GoogLeNet,,run_dataset_geosciences/dataset_slices_sorted_run_3_GoogLeNet,,,885.8537609577179,True,3
16,FedProx,16,0.6481481481481481,0.6480087829694212,0.6468866496450372,0.6611951796388071,0.6481481481481481,26,-1,-1,csv_geosciences/runs/20260416-134234_dataset_slices_sorted_worker_0.csv,dataset_slices_sorted,dataset/dataset_slices_sorted,cuda,5,no_encryption,0.05,30,,,,224,0.001,1,logs_geosciences/dataset_slices_sorted_run_0_GoogLeNet,GoogLeNet,1,,2,16,4,,geosciences,static/plots_geosciences/dataset_slices_sorted_run_0_GoogLeNet,,run_dataset_geosciences/dataset_slices_sorted_run_0_GoogLeNet,,,957.2238240242004,True,0
32,FedAvg,16,0.5727069351230425,0.4171339473352896,0.6880310181803351,0.32804779113503946,0.5727069351230425,1,-1,-1,csv_geosciences/runs/20260416-134414_dataset_slices_sorted_worker_10.csv,dataset_slices_sorted,dataset/dataset_slices_sorted,cuda,5,no_encryption,0.0,30,,,,224,0.01,1,logs_geosciences/dataset_slices_sorted_run_10_GoogLeNet,GoogLeNet,1,,2,32,2,,geosciences,static/plots_geosciences/dataset_slices_sorted_run_10_GoogLeNet,,run_dataset_geosciences/dataset_slices_sorted_run_10_GoogLeNet,,,576.1801047325134,True,10
16,FedAvg,16,0.6435185185185185,0.5705242594819084,0.6448202763718588,0.691547824491665,0.6435185185185185,27,-1,-1,csv_geosciences/runs/20260416-134521_dataset_slices_sorted_worker_4.csv,dataset_slices_sorted,dataset/dataset_slices_sorted,cuda,5,no_encryption,0.0,30,,,,224,0.0001,1,logs_geosciences/dataset_slices_sorted_run_4_GoogLeNet,GoogLeNet,1,,2,16,2,,geosciences,static/plots_geosciences/dataset_slices_sorted_run_4_GoogLeNet,,run_dataset_geosciences/dataset_slices_sorted_run_4_GoogLeNet,,,860.9155418872833,True,4
16,FedProx,16,0.6574074074074074,0.6085053081842136,0.6386865312578501,0.6850748821763314,0.6574074074074074,27,-1,-1,csv_geosciences/runs/20260416-134725_dataset_slices_sorted_worker_6.csv,dataset_slices_sorted,dataset/dataset_slices_sorted,cuda,5,no_encryption,0.05,30,,,,224,0.0001,1,logs_geosciences/dataset_slices_sorted_run_6_GoogLeNet,GoogLeNet,1,,2,16,2,,geosciences,static/plots_geosciences/dataset_slices_sorted_run_6_GoogLeNet,,run_dataset_geosciences/dataset_slices_sorted_run_6_GoogLeNet,,,870.9018623828888,True,6
16,FedAvg,16,0.5925925925925926,0.4409991386735573,0.6838064764936765,0.3511659807956104,0.5925925925925926,0,-1,-1,csv_geosciences/runs/20260416-134749_dataset_slices_sorted_worker_9.csv,dataset_slices_sorted,dataset/dataset_slices_sorted,cuda,5,no_encryption,0.0,30,,,,224,0.0001,1,logs_geosciences/dataset_slices_sorted_run_9_GoogLeNet,GoogLeNet,1,,2,16,4,,geosciences,static/plots_geosciences/dataset_slices_sorted_run_9_GoogLeNet,,run_dataset_geosciences/dataset_slices_sorted_run_9_GoogLeNet,,,938.2179837226868,True,9
16,FedProx,16,0.5925925925925926,0.4409991386735573,0.6879278471072515,0.3511659807956104,0.5925925925925926,0,-1,-1,csv_geosciences/runs/20260416-135007_dataset_slices_sorted_worker_1.csv,dataset_slices_sorted,dataset/dataset_slices_sorted,cuda,5,no_encryption,0.05,30,,,,224,0.0001,1,logs_geosciences/dataset_slices_sorted_run_1_GoogLeNet,GoogLeNet,1,,2,16,4,,geosciences,static/plots_geosciences/dataset_slices_sorted_run_1_GoogLeNet,,run_dataset_geosciences/dataset_slices_sorted_run_1_GoogLeNet,,,932.032422542572,True,1
32,FedProx,16,0.5727069351230425,0.4171339473352896,0.6905353319991622,0.32804779113503946,0.5727069351230425,0,-1,-1,csv_geosciences/runs/20260416-140144_dataset_slices_sorted_worker_3.csv,dataset_slices_sorted,dataset/dataset_slices_sorted,cuda,5,no_encryption,0.05,30,,,,224,0.01,1,logs_geosciences/dataset_slices_sorted_run_3_GoogLeNet,GoogLeNet,1,,2,32,2,,geosciences,static/plots_geosciences/dataset_slices_sorted_run_3_GoogLeNet,,run_dataset_geosciences/dataset_slices_sorted_run_3_GoogLeNet,,,1317.7260506153107,True,3
32,FedAvg,16,0.5727069351230425,0.4171339473352896,0.6857127664606577,0.32804779113503946,0.5727069351230425,0,-1,-1,csv_geosciences/runs/20260416-140337_dataset_slices_sorted_worker_7.csv,dataset_slices_sorted,dataset/dataset_slices_sorted,cuda,5,no_encryption,0.0,30,,,,224,0.01,1,logs_geosciences/dataset_slices_sorted_run_7_GoogLeNet,GoogLeNet,1,,2,32,4,,geosciences,static/plots_geosciences/dataset_slices_sorted_run_7_GoogLeNet,,run_dataset_geosciences/dataset_slices_sorted_run_7_GoogLeNet,,,1440.0893385410309,True,7
32,FedAvg,16,0.6286353467561522,0.5787602948593661,0.6547420968945394,0.6377488283528552,0.6286353467561522,28,-1,-1,csv_geosciences/runs/20260416-140540_dataset_slices_sorted_worker_10.csv,dataset_slices_sorted,dataset/dataset_slices_sorted,cuda,5,no_encryption,0.0,30,,,,224,0.001,1,logs_geosciences/dataset_slices_sorted_run_10_GoogLeNet,GoogLeNet,1,,2,32,2,,geosciences,static/plots_geosciences/dataset_slices_sorted_run_10_GoogLeNet,,run_dataset_geosciences/dataset_slices_sorted_run_10_GoogLeNet,,,1283.1080627441406,True,10
32,FedProx,16,0.5727069351230425,0.4171339473352896,0.6906187895693768,0.32804779113503946,0.5727069351230425,1,-1,-1,csv_geosciences/runs/20260416-140640_dataset_slices_sorted_worker_0.csv,dataset_slices_sorted,dataset/dataset_slices_sorted,cuda,5,no_encryption,0.05,30,,,,224,0.01,1,logs_geosciences/dataset_slices_sorted_run_0_GoogLeNet,GoogLeNet,1,,2,32,4,,geosciences,static/plots_geosciences/dataset_slices_sorted_run_0_GoogLeNet,,run_dataset_geosciences/dataset_slices_sorted_run_0_GoogLeNet,,,1443.0468595027924,True,0
32,FedProx,16,0.639821029082774,0.6320828228011307,0.6494993238107737,0.6528860028860027,0.639821029082774,24,-1,-1,csv_geosciences/runs/20260416-140857_dataset_slices_sorted_worker_6.csv,dataset_slices_sorted,dataset/dataset_slices_sorted,cuda,5,no_encryption,0.05,30,,,,224,0.001,1,logs_geosciences/dataset_slices_sorted_run_6_GoogLeNet,GoogLeNet,1,,2,32,2,,geosciences,static/plots_geosciences/dataset_slices_sorted_run_6_GoogLeNet,,run_dataset_geosciences/dataset_slices_sorted_run_6_GoogLeNet,,,1289.0950963497162,True,6
32,FedAvg,16,0.5727069351230425,0.4171339473352896,0.6835239488273126,0.32804779113503946,0.5727069351230425,0,-1,-1,csv_geosciences/runs/20260416-140909_dataset_slices_sorted_worker_4.csv,dataset_slices_sorted,dataset/dataset_slices_sorted,cuda,5,no_encryption,0.0,30,,,,224,0.001,1,logs_geosciences/dataset_slices_sorted_run_4_GoogLeNet,GoogLeNet,1,,2,32,4,,geosciences,static/plots_geosciences/dataset_slices_sorted_run_4_GoogLeNet,,run_dataset_geosciences/dataset_slices_sorted_run_4_GoogLeNet,,,1424.3595750331879,True,4
32,FedAvg,16,0.5771812080536913,0.4412067386281444,0.6588297108942497,0.4068459504701115,0.5771812080536913,29,-1,-1,csv_geosciences/runs/20260416-141125_dataset_slices_sorted_worker_1.csv,dataset_slices_sorted,dataset/dataset_slices_sorted,cuda,5,no_encryption,0.0,30,,,,224,0.0001,1,logs_geosciences/dataset_slices_sorted_run_1_GoogLeNet,GoogLeNet,1,,2,32,2,,geosciences,static/plots_geosciences/dataset_slices_sorted_run_1_GoogLeNet,,run_dataset_geosciences/dataset_slices_sorted_run_1_GoogLeNet,,,1274.1269216537476,True,1
32,FedProx,16,0.6263982102908278,0.609258356880274,0.6594729826220996,0.6223135800317008,0.6263982102908278,29,-1,-1,csv_geosciences/runs/20260416-141128_dataset_slices_sorted_worker_9.csv,dataset_slices_sorted,dataset/dataset_slices_sorted,cuda,5,no_encryption,0.05,30,,,,224,0.001,1,logs_geosciences/dataset_slices_sorted_run_9_GoogLeNet,GoogLeNet,1,,2,32,4,,geosciences,static/plots_geosciences/dataset_slices_sorted_run_9_GoogLeNet,,run_dataset_geosciences/dataset_slices_sorted_run_9_GoogLeNet,,,1416.0570394992828,True,9
2,FedAvg,16,0.5857142857142857,0.43268983268983274,0.6788701710246858,0.3430612244897959,0.5857142857142857,0,-1,-1,csv_geosciences/runs/20260416-142428_dataset_slices_sorted_worker_0.csv,dataset_slices_sorted,dataset/dataset_slices_sorted,cuda,5,no_encryption,0.0,30,,,,224,0.01,2,logs_geosciences/dataset_slices_sorted_run_0_GoogLeNet,GoogLeNet,1,,2,2,2,,geosciences,static/plots_geosciences/dataset_slices_sorted_run_0_GoogLeNet,,run_dataset_geosciences/dataset_slices_sorted_run_0_GoogLeNet,,,1064.6750888824463,True,0
32,FedAvg,16,0.5525727069351231,0.4784794336189603,0.6923022094188921,0.4970937340064857,0.5525727069351231,0,-1,-1,csv_geosciences/runs/20260416-142512_dataset_slices_sorted_worker_3.csv,dataset_slices_sorted,dataset/dataset_slices_sorted,cuda,5,no_encryption,0.0,30,,,,224,0.0001,1,logs_geosciences/dataset_slices_sorted_run_3_GoogLeNet,GoogLeNet,1,,2,32,4,,geosciences,static/plots_geosciences/dataset_slices_sorted_run_3_GoogLeNet,,run_dataset_geosciences/dataset_slices_sorted_run_3_GoogLeNet,,,1405.0810475349426,True,3
32,FedProx,16,0.5771812080536913,0.42941398646096635,0.6647373349874611,0.3700862895493768,0.5771812080536913,24,-1,-1,csv_geosciences/runs/20260416-142515_dataset_slices_sorted_worker_7.csv,dataset_slices_sorted,dataset/dataset_slices_sorted,cuda,5,no_encryption,0.05,30,,,,224,0.0001,1,logs_geosciences/dataset_slices_sorted_run_7_GoogLeNet,GoogLeNet,1,,2,32,2,,geosciences,static/plots_geosciences/dataset_slices_sorted_run_7_GoogLeNet,,run_dataset_geosciences/dataset_slices_sorted_run_7_GoogLeNet,,,1295.0201301574707,True,7
2,FedAvg,16,0.5857142857142857,0.43268983268983274,0.678461758295695,0.3430612244897959,0.5857142857142857,0,-1,-1,csv_geosciences/runs/20260416-142702_dataset_slices_sorted_worker_6.csv,dataset_slices_sorted,dataset/dataset_slices_sorted,cuda,5,no_encryption,0.0,30,,,,224,0.01,2,logs_geosciences/dataset_slices_sorted_run_6_GoogLeNet,GoogLeNet,1,,2,2,4,,geosciences,static/plots_geosciences/dataset_slices_sorted_run_6_GoogLeNet,,run_dataset_geosciences/dataset_slices_sorted_run_6_GoogLeNet,,,1081.2089431285858,True,6
2,FedProx,16,0.6047619047619047,0.5948256364839707,0.6863165426821936,0.5966410727180474,0.6047619047619047,0,-1,-1,csv_geosciences/runs/20260416-142711_dataset_slices_sorted_worker_4.csv,dataset_slices_sorted,dataset/dataset_slices_sorted,cuda,5,no_encryption,0.05,30,,,,224,0.01,2,logs_geosciences/dataset_slices_sorted_run_4_GoogLeNet,GoogLeNet,1,,2,2,2,,geosciences,static/plots_geosciences/dataset_slices_sorted_run_4_GoogLeNet,,run_dataset_geosciences/dataset_slices_sorted_run_4_GoogLeNet,,,1078.79127907753,True,4
32,FedProx,16,0.5727069351230425,0.4171339473352896,0.691199474286713,0.32804779113503946,0.5727069351230425,0,-1,-1,csv_geosciences/runs/20260416-142923_dataset_slices_sorted_worker_10.csv,dataset_slices_sorted,dataset/dataset_slices_sorted,cuda,5,no_encryption,0.05,30,,,,224,0.0001,1,logs_geosciences/dataset_slices_sorted_run_10_GoogLeNet,GoogLeNet,1,,2,32,4,,geosciences,static/plots_geosciences/dataset_slices_sorted_run_10_GoogLeNet,,run_dataset_geosciences/dataset_slices_sorted_run_10_GoogLeNet,,,1419.1480498313904,True,10
2,FedAvg,16,0.7119047619047619,0.7062778559944225,0.5622695658888136,0.7096596647657135,0.7119047619047619,24,-1,-1,csv_geosciences/runs/20260416-142927_dataset_slices_sorted_worker_9.csv,dataset_slices_sorted,dataset/dataset_slices_sorted,cuda,5,no_encryption,0.0,30,,,,224,0.001,2,logs_geosciences/dataset_slices_sorted_run_9_GoogLeNet,GoogLeNet,1,,2,2,2,,geosciences,static/plots_geosciences/dataset_slices_sorted_run_9_GoogLeNet,,run_dataset_geosciences/dataset_slices_sorted_run_9_GoogLeNet,,,1075.7810835838318,True,9
2,FedProx,16,0.5857142857142857,0.43268983268983274,0.6812661664826529,0.3430612244897959,0.5857142857142857,0,-1,-1,csv_geosciences/runs/20260416-142948_dataset_slices_sorted_worker_1.csv,dataset_slices_sorted,dataset/dataset_slices_sorted,cuda,5,no_encryption,0.05,30,,,,224,0.01,2,logs_geosciences/dataset_slices_sorted_run_1_GoogLeNet,GoogLeNet,1,,2,2,4,,geosciences,static/plots_geosciences/dataset_slices_sorted_run_1_GoogLeNet,,run_dataset_geosciences/dataset_slices_sorted_run_1_GoogLeNet,,,1100.6372818946838,True,1
4,FedAvg,16,0.5904761904761905,0.4384374108925007,0.6831515613056365,0.34866213151927433,0.5904761904761905,0,-1,-1,csv_geosciences/runs/20260416-144148_dataset_slices_sorted_worker_1.csv,dataset_slices_sorted,dataset/dataset_slices_sorted,cuda,5,no_encryption,0.0,30,,,,224,0.01,2,logs_geosciences/dataset_slices_sorted_run_1_GoogLeNet,GoogLeNet,1,,2,4,2,,geosciences,static/plots_geosciences/dataset_slices_sorted_run_1_GoogLeNet,,run_dataset_geosciences/dataset_slices_sorted_run_1_GoogLeNet,,,715.7609915733337,True,1
2,FedAvg,16,0.680952380952381,0.6832805759510596,0.6176415474641891,0.6935222310985353,0.680952380952381,22,-1,-1,csv_geosciences/runs/20260416-144257_dataset_slices_sorted_worker_0.csv,dataset_slices_sorted,dataset/dataset_slices_sorted,cuda,5,no_encryption,0.0,30,,,,224,0.001,2,logs_geosciences/dataset_slices_sorted_run_0_GoogLeNet,GoogLeNet,1,,2,2,4,,geosciences,static/plots_geosciences/dataset_slices_sorted_run_0_GoogLeNet,,run_dataset_geosciences/dataset_slices_sorted_run_0_GoogLeNet,,,1105.8711631298065,True,0
2,FedProx,16,0.7071428571428572,0.7050872817021495,0.5686215079966046,0.7047941824257613,0.7071428571428572,28,-1,-1,csv_geosciences/runs/20260416-144339_dataset_slices_sorted_worker_3.csv,dataset_slices_sorted,dataset/dataset_slices_sorted,cuda,5,no_encryption,0.05,30,,,,224,0.001,2,logs_geosciences/dataset_slices_sorted_run_3_GoogLeNet,GoogLeNet,1,,2,2,2,,geosciences,static/plots_geosciences/dataset_slices_sorted_run_3_GoogLeNet,,run_dataset_geosciences/dataset_slices_sorted_run_3_GoogLeNet,,,1103.7100501060486,True,3
2,FedProx,16,0.6976190476190476,0.6907147785146824,0.6006184013116928,0.6940460899123049,0.6976190476190476,28,-1,-1,csv_geosciences/runs/20260416-144406_dataset_slices_sorted_worker_7.csv,dataset_slices_sorted,dataset/dataset_slices_sorted,cuda,5,no_encryption,0.05,30,,,,224,0.001,2,logs_geosciences/dataset_slices_sorted_run_7_GoogLeNet,GoogLeNet,1,,2,2,4,,geosciences,static/plots_geosciences/dataset_slices_sorted_run_7_GoogLeNet,,run_dataset_geosciences/dataset_slices_sorted_run_7_GoogLeNet,,,1126.9856746196747,True,7
2,FedAvg,16,0.7071428571428572,0.7036708956544798,0.5820301694529397,0.7038748473748474,0.7071428571428572,23,-1,-1,csv_geosciences/runs/20260416-144531_dataset_slices_sorted_worker_6.csv,dataset_slices_sorted,dataset/dataset_slices_sorted,cuda,5,no_encryption,0.0,30,,,,224,0.0001,2,logs_geosciences/dataset_slices_sorted_run_6_GoogLeNet,GoogLeNet,1,,2,2,2,,geosciences,static/plots_geosciences/dataset_slices_sorted_run_6_GoogLeNet,,run_dataset_geosciences/dataset_slices_sorted_run_6_GoogLeNet,,,1106.257131099701,True,6
2,FedAvg,16,0.7095238095238096,0.7039739252662899,0.5728616691771008,0.7065197780649054,0.7095238095238096,27,-1,-1,csv_geosciences/runs/20260416-144551_dataset_slices_sorted_worker_4.csv,dataset_slices_sorted,dataset/dataset_slices_sorted,cuda,5,no_encryption,0.0,30,,,,224,0.0001,2,logs_geosciences/dataset_slices_sorted_run_4_GoogLeNet,GoogLeNet,1,,2,2,4,,geosciences,static/plots_geosciences/dataset_slices_sorted_run_4_GoogLeNet,,run_dataset_geosciences/dataset_slices_sorted_run_4_GoogLeNet,,,1116.752536535263,True,4
2,FedProx,16,0.7142857142857143,0.7070082173465632,0.579632731562569,0.7122017116080104,0.7142857142857143,28,-1,-1,csv_geosciences/runs/20260416-144807_dataset_slices_sorted_worker_10.csv,dataset_slices_sorted,dataset/dataset_slices_sorted,cuda,5,no_encryption,0.05,30,,,,224,0.0001,2,logs_geosciences/dataset_slices_sorted_run_10_GoogLeNet,GoogLeNet,1,,2,2,2,,geosciences,static/plots_geosciences/dataset_slices_sorted_run_10_GoogLeNet,,run_dataset_geosciences/dataset_slices_sorted_run_10_GoogLeNet,,,1120.9439313411713,True,10
2,FedProx,16,0.6928571428571428,0.6869160216645142,0.6003695947783334,0.6889068593140686,0.6928571428571428,29,-1,-1,csv_geosciences/runs/20260416-144833_dataset_slices_sorted_worker_9.csv,dataset_slices_sorted,dataset/dataset_slices_sorted,cuda,5,no_encryption,0.05,30,,,,224,0.0001,2,logs_geosciences/dataset_slices_sorted_run_9_GoogLeNet,GoogLeNet,1,,2,2,4,,geosciences,static/plots_geosciences/dataset_slices_sorted_run_9_GoogLeNet,,run_dataset_geosciences/dataset_slices_sorted_run_9_GoogLeNet,,,1142.6137201786041,True,9
4,FedAvg,16,0.5904761904761905,0.4384374108925007,0.6781803795269558,0.34866213151927433,0.5904761904761905,0,-1,-1,csv_geosciences/runs/20260416-145449_dataset_slices_sorted_worker_1.csv,dataset_slices_sorted,dataset/dataset_slices_sorted,cuda,5,no_encryption,0.0,30,,,,224,0.01,2,logs_geosciences/dataset_slices_sorted_run_1_GoogLeNet,GoogLeNet,1,,2,4,4,,geosciences,static/plots_geosciences/dataset_slices_sorted_run_1_GoogLeNet,,run_dataset_geosciences/dataset_slices_sorted_run_1_GoogLeNet,,,778.0934937000275,True,1
4,FedProx,16,0.5904761904761905,0.4384374108925007,0.6825449835686457,0.34866213151927433,0.5904761904761905,0,-1,-1,csv_geosciences/runs/20260416-145547_dataset_slices_sorted_worker_3.csv,dataset_slices_sorted,dataset/dataset_slices_sorted,cuda,5,no_encryption,0.05,30,,,,224,0.01,2,logs_geosciences/dataset_slices_sorted_run_3_GoogLeNet,GoogLeNet,1,,2,4,4,,geosciences,static/plots_geosciences/dataset_slices_sorted_run_3_GoogLeNet,,run_dataset_geosciences/dataset_slices_sorted_run_3_GoogLeNet,,,724.8412160873413,True,3
4,FedProx,16,0.6071428571428571,0.5299519199964091,0.6889944859913417,0.5994740299247971,0.6071428571428571,0,-1,-1,csv_geosciences/runs/20260416-145558_dataset_slices_sorted_worker_0.csv,dataset_slices_sorted,dataset/dataset_slices_sorted,cuda,5,no_encryption,0.05,30,,,,224,0.01,2,logs_geosciences/dataset_slices_sorted_run_0_GoogLeNet,GoogLeNet,1,,2,4,2,,geosciences,static/plots_geosciences/dataset_slices_sorted_run_0_GoogLeNet,,run_dataset_geosciences/dataset_slices_sorted_run_0_GoogLeNet,,,777.3183915615082,True,0
4,FedAvg,16,0.6928571428571428,0.6906537882719325,0.571710929274559,0.6910690315056603,0.6928571428571428,28,-1,-1,csv_geosciences/runs/20260416-145659_dataset_slices_sorted_worker_7.csv,dataset_slices_sorted,dataset/dataset_slices_sorted,cuda,5,no_encryption,0.0,30,,,,224,0.001,2,logs_geosciences/dataset_slices_sorted_run_7_GoogLeNet,GoogLeNet,1,,2,4,2,,geosciences,static/plots_geosciences/dataset_slices_sorted_run_7_GoogLeNet,,run_dataset_geosciences/dataset_slices_sorted_run_7_GoogLeNet,,,769.7793536186218,True,7
4,FedAvg,16,0.6785714285714286,0.6795368816762839,0.5963077425956727,0.6886376162368846,0.6785714285714286,26,-1,-1,csv_geosciences/runs/20260416-145855_dataset_slices_sorted_worker_6.csv,dataset_slices_sorted,dataset/dataset_slices_sorted,cuda,5,no_encryption,0.0,30,,,,224,0.001,2,logs_geosciences/dataset_slices_sorted_run_6_GoogLeNet,GoogLeNet,1,,2,4,4,,geosciences,static/plots_geosciences/dataset_slices_sorted_run_6_GoogLeNet,,run_dataset_geosciences/dataset_slices_sorted_run_6_GoogLeNet,,,800.4238407611847,True,6
4,FedProx,16,0.6761904761904762,0.6768177564667625,0.5802227565220424,0.6803953657927772,0.6761904761904762,28,-1,-1,csv_geosciences/runs/20260416-145905_dataset_slices_sorted_worker_4.csv,dataset_slices_sorted,dataset/dataset_slices_sorted,cuda,5,no_encryption,0.05,30,,,,224,0.001,2,logs_geosciences/dataset_slices_sorted_run_4_GoogLeNet,GoogLeNet,1,,2,4,2,,geosciences,static/plots_geosciences/dataset_slices_sorted_run_4_GoogLeNet,,run_dataset_geosciences/dataset_slices_sorted_run_4_GoogLeNet,,,790.6307444572449,True,4
4,FedAvg,16,0.7047619047619048,0.7034553407001946,0.5820964787687574,0.7046305493537522,0.7047619047619048,26,-1,-1,csv_geosciences/runs/20260416-150144_dataset_slices_sorted_worker_9.csv,dataset_slices_sorted,dataset/dataset_slices_sorted,cuda,5,no_encryption,0.0,30,,,,224,0.0001,2,logs_geosciences/dataset_slices_sorted_run_9_GoogLeNet,GoogLeNet,1,,2,4,2,,geosciences,static/plots_geosciences/dataset_slices_sorted_run_9_GoogLeNet,,run_dataset_geosciences/dataset_slices_sorted_run_9_GoogLeNet,,,787.910813331604,True,9
4,FedProx,16,0.6785714285714286,0.6722339700833729,0.5987497216179257,0.6742589853702449,0.6785714285714286,21,-1,-1,csv_geosciences/runs/20260416-150149_dataset_slices_sorted_worker_10.csv,dataset_slices_sorted,dataset/dataset_slices_sorted,cuda,5,no_encryption,0.05,30,,,,224,0.001,2,logs_geosciences/dataset_slices_sorted_run_10_GoogLeNet,GoogLeNet,1,,2,4,4,,geosciences,static/plots_geosciences/dataset_slices_sorted_run_10_GoogLeNet,,run_dataset_geosciences/dataset_slices_sorted_run_10_GoogLeNet,,,819.3596420288086,True,10
4,FedAvg,16,0.6904761904761905,0.6832555333698583,0.6004705837794713,0.685729256327848,0.6904761904761905,22,-1,-1,csv_geosciences/runs/20260416-150825_dataset_slices_sorted_worker_1.csv,dataset_slices_sorted,dataset/dataset_slices_sorted,cuda,5,no_encryption,0.0,30,,,,224,0.0001,2,logs_geosciences/dataset_slices_sorted_run_1_GoogLeNet,GoogLeNet,1,,2,4,4,,geosciences,static/plots_geosciences/dataset_slices_sorted_run_1_GoogLeNet,,run_dataset_geosciences/dataset_slices_sorted_run_1_GoogLeNet,,,812.8509950637817,True,1
4,FedProx,16,0.6952380952380952,0.6899154171212996,0.5915070386159987,0.6931099955239288,0.6952380952380952,23,-1,-1,csv_geosciences/runs/20260416-150911_dataset_slices_sorted_worker_3.csv,dataset_slices_sorted,dataset/dataset_slices_sorted,cuda,5,no_encryption,0.05,30,,,,224,0.0001,2,logs_geosciences/dataset_slices_sorted_run_3_GoogLeNet,GoogLeNet,1,,2,4,2,,geosciences,static/plots_geosciences/dataset_slices_sorted_run_3_GoogLeNet,,run_dataset_geosciences/dataset_slices_sorted_run_3_GoogLeNet,,,800.4643399715424,True,3
8,FedProx,16,0.5849056603773585,0.4317160826594789,0.692614697060495,0.3421146315414738,0.5849056603773585,0,-1,-1,csv_geosciences/runs/20260416-150947_dataset_slices_sorted_worker_4.csv,dataset_slices_sorted,dataset/dataset_slices_sorted,cuda,5,no_encryption,0.05,30,,,,224,0.01,2,logs_geosciences/dataset_slices_sorted_run_4_GoogLeNet,GoogLeNet,1,,2,8,2,,geosciences,static/plots_geosciences/dataset_slices_sorted_run_4_GoogLeNet,,run_dataset_geosciences/dataset_slices_sorted_run_4_GoogLeNet,,,639.0458207130432,True,4
4,FedProx,16,0.6761904761904762,0.6710685938650586,0.6048823697226388,0.6721780976350864,0.6761904761904762,29,-1,-1,csv_geosciences/runs/20260416-150958_dataset_slices_sorted_worker_0.csv,dataset_slices_sorted,dataset/dataset_slices_sorted,cuda,5,no_encryption,0.05,30,,,,224,0.0001,2,logs_geosciences/dataset_slices_sorted_run_0_GoogLeNet,GoogLeNet,1,,2,4,4,,geosciences,static/plots_geosciences/dataset_slices_sorted_run_0_GoogLeNet,,run_dataset_geosciences/dataset_slices_sorted_run_0_GoogLeNet,,,837.1045446395874,True,0
8,FedAvg,16,0.5849056603773585,0.4317160826594789,0.6843567771731682,0.3421146315414738,0.5849056603773585,0,-1,-1,csv_geosciences/runs/20260416-151106_dataset_slices_sorted_worker_7.csv,dataset_slices_sorted,dataset/dataset_slices_sorted,cuda,5,no_encryption,0.0,30,,,,224,0.01,2,logs_geosciences/dataset_slices_sorted_run_7_GoogLeNet,GoogLeNet,1,,2,8,2,,geosciences,static/plots_geosciences/dataset_slices_sorted_run_7_GoogLeNet,,run_dataset_geosciences/dataset_slices_sorted_run_7_GoogLeNet,,,844.0718913078308,True,7
8,FedAvg,16,0.5849056603773585,0.4317160826594789,0.6829777483670216,0.3421146315414738,0.5849056603773585,0,-1,-1,csv_geosciences/runs/20260416-151352_dataset_slices_sorted_worker_6.csv,dataset_slices_sorted,dataset/dataset_slices_sorted,cuda,5,no_encryption,0.0,30,,,,224,0.01,2,logs_geosciences/dataset_slices_sorted_run_6_GoogLeNet,GoogLeNet,1,,2,8,4,,geosciences,static/plots_geosciences/dataset_slices_sorted_run_6_GoogLeNet,,run_dataset_geosciences/dataset_slices_sorted_run_6_GoogLeNet,,,893.8132364749908,True,6
8,FedProx,16,0.5849056603773585,0.4317160826594789,0.6837389491639048,0.3421146315414738,0.5849056603773585,1,-1,-1,csv_geosciences/runs/20260416-151559_dataset_slices_sorted_worker_9.csv,dataset_slices_sorted,dataset/dataset_slices_sorted,cuda,5,no_encryption,0.05,30,,,,224,0.01,2,logs_geosciences/dataset_slices_sorted_run_9_GoogLeNet,GoogLeNet,1,,2,8,4,,geosciences,static/plots_geosciences/dataset_slices_sorted_run_9_GoogLeNet,,run_dataset_geosciences/dataset_slices_sorted_run_9_GoogLeNet,,,851.4841570854187,True,9
8,FedAvg,16,0.6816037735849056,0.6817821312201323,0.6129438524257462,0.6849701429806528,0.6816037735849056,22,-1,-1,csv_geosciences/runs/20260416-151605_dataset_slices_sorted_worker_10.csv,dataset_slices_sorted,dataset/dataset_slices_sorted,cuda,5,no_encryption,0.0,30,,,,224,0.001,2,logs_geosciences/dataset_slices_sorted_run_10_GoogLeNet,GoogLeNet,1,,2,8,2,,geosciences,static/plots_geosciences/dataset_slices_sorted_run_10_GoogLeNet,,run_dataset_geosciences/dataset_slices_sorted_run_10_GoogLeNet,,,851.7988677024841,True,10
8,FedAvg,16,0.6721698113207547,0.6736996783644198,0.6326486431765106,0.6932188527830446,0.6721698113207547,17,-1,-1,csv_geosciences/runs/20260416-152333_dataset_slices_sorted_worker_1.csv,dataset_slices_sorted,dataset/dataset_slices_sorted,cuda,5,no_encryption,0.0,30,,,,224,0.001,2,logs_geosciences/dataset_slices_sorted_run_1_GoogLeNet,GoogLeNet,1,,2,8,4,,geosciences,static/plots_geosciences/dataset_slices_sorted_run_1_GoogLeNet,,run_dataset_geosciences/dataset_slices_sorted_run_1_GoogLeNet,,,905.1185004711151,True,1
8,FedProx,16,0.6933962264150944,0.6851334674194571,0.5910569415339884,0.6925500737272381,0.6933962264150944,24,-1,-1,csv_geosciences/runs/20260416-152350_dataset_slices_sorted_worker_3.csv,dataset_slices_sorted,dataset/dataset_slices_sorted,cuda,5,no_encryption,0.05,30,,,,224,0.001,2,logs_geosciences/dataset_slices_sorted_run_3_GoogLeNet,GoogLeNet,1,,2,8,2,,geosciences,static/plots_geosciences/dataset_slices_sorted_run_3_GoogLeNet,,run_dataset_geosciences/dataset_slices_sorted_run_3_GoogLeNet,,,875.9755828380585,True,3
8,FedAvg,16,0.6745283018867925,0.6678396400579192,0.6063242817543587,0.6697873356929105,0.6745283018867925,27,-1,-1,csv_geosciences/runs/20260416-152422_dataset_slices_sorted_worker_0.csv,dataset_slices_sorted,dataset/dataset_slices_sorted,cuda,5,no_encryption,0.0,30,,,,224,0.0001,2,logs_geosciences/dataset_slices_sorted_run_0_GoogLeNet,GoogLeNet,1,,2,8,2,,geosciences,static/plots_geosciences/dataset_slices_sorted_run_0_GoogLeNet,,run_dataset_geosciences/dataset_slices_sorted_run_0_GoogLeNet,,,860.213415145874,True,0
8,FedProx,16,0.6816037735849056,0.6830170433354783,0.6218171718547929,0.6880319422646506,0.6816037735849056,23,-1,-1,csv_geosciences/runs/20260416-152515_dataset_slices_sorted_worker_4.csv,dataset_slices_sorted,dataset/dataset_slices_sorted,cuda,5,no_encryption,0.05,30,,,,224,0.001,2,logs_geosciences/dataset_slices_sorted_run_4_GoogLeNet,GoogLeNet,1,,2,8,4,,geosciences,static/plots_geosciences/dataset_slices_sorted_run_4_GoogLeNet,,run_dataset_geosciences/dataset_slices_sorted_run_4_GoogLeNet,,,924.4247250556946,True,4
8,FedAvg,16,0.660377358490566,0.6540423615832727,0.6245222631490456,0.6549217851515372,0.660377358490566,28,-1,-1,csv_geosciences/runs/20260416-152602_dataset_slices_sorted_worker_7.csv,dataset_slices_sorted,dataset/dataset_slices_sorted,cuda,5,no_encryption,0.0,30,,,,224,0.0001,2,logs_geosciences/dataset_slices_sorted_run_7_GoogLeNet,GoogLeNet,1,,2,8,4,,geosciences,static/plots_geosciences/dataset_slices_sorted_run_7_GoogLeNet,,run_dataset_geosciences/dataset_slices_sorted_run_7_GoogLeNet,,,892.8789417743683,True,7
8,FedProx,16,0.6698113207547169,0.6576208614780258,0.6004264628830945,0.6671446830676355,0.6698113207547169,29,-1,-1,csv_geosciences/runs/20260416-152825_dataset_slices_sorted_worker_6.csv,dataset_slices_sorted,dataset/dataset_slices_sorted,cuda,5,no_encryption,0.05,30,,,,224,0.0001,2,logs_geosciences/dataset_slices_sorted_run_6_GoogLeNet,GoogLeNet,1,,2,8,2,,geosciences,static/plots_geosciences/dataset_slices_sorted_run_6_GoogLeNet,,run_dataset_geosciences/dataset_slices_sorted_run_6_GoogLeNet,,,870.2756707668304,True,6
8,FedProx,16,0.6509433962264151,0.6342037476263288,0.626323051328929,0.6435985434843233,0.6509433962264151,29,-1,-1,csv_geosciences/runs/20260416-153111_dataset_slices_sorted_worker_9.csv,dataset_slices_sorted,dataset/dataset_slices_sorted,cuda,5,no_encryption,0.05,30,,,,224,0.0001,2,logs_geosciences/dataset_slices_sorted_run_9_GoogLeNet,GoogLeNet,1,,2,8,4,,geosciences,static/plots_geosciences/dataset_slices_sorted_run_9_GoogLeNet,,run_dataset_geosciences/dataset_slices_sorted_run_9_GoogLeNet,,,909.1499440670013,True,9
16,FedAvg,16,0.5925925925925926,0.4409991386735573,0.6775823191360191,0.3511659807956104,0.5925925925925926,1,-1,-1,csv_geosciences/runs/20260416-153326_dataset_slices_sorted_worker_10.csv,dataset_slices_sorted,dataset/dataset_slices_sorted,cuda,5,no_encryption,0.0,30,,,,224,0.01,2,logs_geosciences/dataset_slices_sorted_run_10_GoogLeNet,GoogLeNet,1,,2,16,2,,geosciences,static/plots_geosciences/dataset_slices_sorted_run_10_GoogLeNet,,run_dataset_geosciences/dataset_slices_sorted_run_10_GoogLeNet,,,1038.1332206726074,True,10
16,FedProx,16,0.5925925925925926,0.4409991386735573,0.6929692625999451,0.3511659807956104,0.5925925925925926,0,-1,-1,csv_geosciences/runs/20260416-154217_dataset_slices_sorted_worker_3.csv,dataset_slices_sorted,dataset/dataset_slices_sorted,cuda,5,no_encryption,0.05,30,,,,224,0.01,2,logs_geosciences/dataset_slices_sorted_run_3_GoogLeNet,GoogLeNet,1,,2,16,2,,geosciences,static/plots_geosciences/dataset_slices_sorted_run_3_GoogLeNet,,run_dataset_geosciences/dataset_slices_sorted_run_3_GoogLeNet,,,1103.4275405406952,True,3
16,FedAvg,16,0.5925925925925926,0.4409991386735573,0.6769184624707257,0.3511659807956104,0.5925925925925926,1,-1,-1,csv_geosciences/runs/20260416-154248_dataset_slices_sorted_worker_1.csv,dataset_slices_sorted,dataset/dataset_slices_sorted,cuda,5,no_encryption,0.0,30,,,,224,0.01,2,logs_geosciences/dataset_slices_sorted_run_1_GoogLeNet,GoogLeNet,1,,2,16,4,,geosciences,static/plots_geosciences/dataset_slices_sorted_run_1_GoogLeNet,,run_dataset_geosciences/dataset_slices_sorted_run_1_GoogLeNet,,,1151.3496134281158,True,1
16,FedAvg,16,0.6736111111111112,0.67319964392579,0.6345379712680975,0.6803072056544279,0.6736111111111112,17,-1,-1,csv_geosciences/runs/20260416-154319_dataset_slices_sorted_worker_4.csv,dataset_slices_sorted,dataset/dataset_slices_sorted,cuda,5,no_encryption,0.0,30,,,,224,0.001,2,logs_geosciences/dataset_slices_sorted_run_4_GoogLeNet,GoogLeNet,1,,2,16,2,,geosciences,static/plots_geosciences/dataset_slices_sorted_run_4_GoogLeNet,,run_dataset_geosciences/dataset_slices_sorted_run_4_GoogLeNet,,,1081.3653292655945,True,4
16,FedProx,16,0.5925925925925926,0.4409991386735573,0.6871346889270676,0.3511659807956104,0.5925925925925926,0,-1,-1,csv_geosciences/runs/20260416-154402_dataset_slices_sorted_worker_0.csv,dataset_slices_sorted,dataset/dataset_slices_sorted,cuda,5,no_encryption,0.05,30,,,,224,0.01,2,logs_geosciences/dataset_slices_sorted_run_0_GoogLeNet,GoogLeNet,1,,2,16,4,,geosciences,static/plots_geosciences/dataset_slices_sorted_run_0_GoogLeNet,,run_dataset_geosciences/dataset_slices_sorted_run_0_GoogLeNet,,,1176.328140258789,True,0
16,FedAvg,16,0.6666666666666666,0.6492319945278321,0.6608902834079884,0.6626644460658545,0.6666666666666666,10,-1,-1,csv_geosciences/runs/20260416-154520_dataset_slices_sorted_worker_7.csv,dataset_slices_sorted,dataset/dataset_slices_sorted,cuda,5,no_encryption,0.0,30,,,,224,0.001,2,logs_geosciences/dataset_slices_sorted_run_7_GoogLeNet,GoogLeNet,1,,2,16,4,,geosciences,static/plots_geosciences/dataset_slices_sorted_run_7_GoogLeNet,,run_dataset_geosciences/dataset_slices_sorted_run_7_GoogLeNet,,,1154.5770812034607,True,7
16,FedProx,16,0.7222222222222222,0.7210174336154624,0.5968785208684427,0.7252071211350538,0.7222222222222222,28,-1,-1,csv_geosciences/runs/20260416-154632_dataset_slices_sorted_worker_6.csv,dataset_slices_sorted,dataset/dataset_slices_sorted,cuda,5,no_encryption,0.05,30,,,,224,0.001,2,logs_geosciences/dataset_slices_sorted_run_6_GoogLeNet,GoogLeNet,1,,2,16,2,,geosciences,static/plots_geosciences/dataset_slices_sorted_run_6_GoogLeNet,,run_dataset_geosciences/dataset_slices_sorted_run_6_GoogLeNet,,,1083.269427061081,True,6
16,FedProx,16,0.6666666666666666,0.6666579663003842,0.6324338441093763,0.6756524143370549,0.6666666666666666,20,-1,-1,csv_geosciences/runs/20260416-155042_dataset_slices_sorted_worker_9.csv,dataset_slices_sorted,dataset/dataset_slices_sorted,cuda,5,no_encryption,0.05,30,,,,224,0.001,2,logs_geosciences/dataset_slices_sorted_run_9_GoogLeNet,GoogLeNet,1,,2,16,4,,geosciences,static/plots_geosciences/dataset_slices_sorted_run_9_GoogLeNet,,run_dataset_geosciences/dataset_slices_sorted_run_9_GoogLeNet,,,1167.3564982414246,True,9
16,FedAvg,16,0.6944444444444444,0.6635714518416832,0.6229201842237402,0.7119993499522486,0.6944444444444444,22,-1,-1,csv_geosciences/runs/20260416-155109_dataset_slices_sorted_worker_10.csv,dataset_slices_sorted,dataset/dataset_slices_sorted,cuda,5,no_encryption,0.0,30,,,,224,0.0001,2,logs_geosciences/dataset_slices_sorted_run_10_GoogLeNet,GoogLeNet,1,,2,16,2,,geosciences,static/plots_geosciences/dataset_slices_sorted_run_10_GoogLeNet,,run_dataset_geosciences/dataset_slices_sorted_run_10_GoogLeNet,,,1059.5729806423187,True,10
32,FedProx,16,0.5727069351230425,0.4171339473352896,0.6898266973111453,0.32804779113503946,0.5727069351230425,0,-1,-1,csv_geosciences/runs/20260416-155607_dataset_slices_sorted_worker_6.csv,dataset_slices_sorted,dataset/dataset_slices_sorted,cuda,5,no_encryption,0.05,30,,,,224,0.01,2,logs_geosciences/dataset_slices_sorted_run_6_GoogLeNet,GoogLeNet,1,,2,32,2,,geosciences,static/plots_geosciences/dataset_slices_sorted_run_6_GoogLeNet,,run_dataset_geosciences/dataset_slices_sorted_run_6_GoogLeNet,,,571.7367398738861,True,6
16,FedProx,16,0.6944444444444444,0.6652606779364391,0.6191857523388333,0.7101733998020229,0.6944444444444444,26,-1,-1,csv_geosciences/runs/20260416-160031_dataset_slices_sorted_worker_1.csv,dataset_slices_sorted,dataset/dataset_slices_sorted,cuda,5,no_encryption,0.05,30,,,,224,0.0001,2,logs_geosciences/dataset_slices_sorted_run_1_GoogLeNet,GoogLeNet,1,,2,16,2,,geosciences,static/plots_geosciences/dataset_slices_sorted_run_1_GoogLeNet,,run_dataset_geosciences/dataset_slices_sorted_run_1_GoogLeNet,,,1059.667638540268,True,1
16,FedAvg,16,0.5925925925925926,0.4409991386735573,0.6833527478630896,0.3511659807956104,0.5925925925925926,0,-1,-1,csv_geosciences/runs/20260416-160049_dataset_slices_sorted_worker_3.csv,dataset_slices_sorted,dataset/dataset_slices_sorted,cuda,5,no_encryption,0.0,30,,,,224,0.0001,2,logs_geosciences/dataset_slices_sorted_run_3_GoogLeNet,GoogLeNet,1,,2,16,4,,geosciences,static/plots_geosciences/dataset_slices_sorted_run_3_GoogLeNet,,run_dataset_geosciences/dataset_slices_sorted_run_3_GoogLeNet,,,1108.6619019508362,True,3
32,FedProx,16,0.5727069351230425,0.4171339473352896,0.6865460579293953,0.32804779113503946,0.5727069351230425,0,-1,-1,csv_geosciences/runs/20260416-160108_dataset_slices_sorted_worker_9.csv,dataset_slices_sorted,dataset/dataset_slices_sorted,cuda,5,no_encryption,0.05,30,,,,224,0.01,2,logs_geosciences/dataset_slices_sorted_run_9_GoogLeNet,GoogLeNet,1,,2,32,4,,geosciences,static/plots_geosciences/dataset_slices_sorted_run_9_GoogLeNet,,run_dataset_geosciences/dataset_slices_sorted_run_9_GoogLeNet,,,622.3489768505096,True,9
16,FedProx,16,0.5949074074074074,0.46418759055836006,0.6532433645592796,0.4806650311279941,0.5949074074074074,29,-1,-1,csv_geosciences/runs/20260416-160239_dataset_slices_sorted_worker_4.csv,dataset_slices_sorted,dataset/dataset_slices_sorted,cuda,5,no_encryption,0.05,30,,,,224,0.0001,2,logs_geosciences/dataset_slices_sorted_run_4_GoogLeNet,GoogLeNet,1,,2,16,4,,geosciences,static/plots_geosciences/dataset_slices_sorted_run_4_GoogLeNet,,run_dataset_geosciences/dataset_slices_sorted_run_4_GoogLeNet,,,1156.575621843338,True,4
32,FedAvg,16,0.5727069351230425,0.4171339473352896,0.6921661829521726,0.32804779113503946,0.5727069351230425,0,-1,-1,csv_geosciences/runs/20260416-160944_dataset_slices_sorted_worker_0.csv,dataset_slices_sorted,dataset/dataset_slices_sorted,cuda,5,no_encryption,0.0,30,,,,224,0.01,2,logs_geosciences/dataset_slices_sorted_run_0_GoogLeNet,GoogLeNet,1,,2,32,2,,geosciences,static/plots_geosciences/dataset_slices_sorted_run_0_GoogLeNet,,run_dataset_geosciences/dataset_slices_sorted_run_0_GoogLeNet,,,1538.7919142246246,True,0
32,FedAvg,16,0.5727069351230425,0.4171339473352896,0.6925790368577245,0.32804779113503946,0.5727069351230425,0,-1,-1,csv_geosciences/runs/20260416-161339_dataset_slices_sorted_worker_7.csv,dataset_slices_sorted,dataset/dataset_slices_sorted,cuda,5,no_encryption,0.0,30,,,,224,0.01,2,logs_geosciences/dataset_slices_sorted_run_7_GoogLeNet,GoogLeNet,1,,2,32,4,,geosciences,static/plots_geosciences/dataset_slices_sorted_run_7_GoogLeNet,,run_dataset_geosciences/dataset_slices_sorted_run_7_GoogLeNet,,,1695.6951670646667,True,7
32,FedAvg,16,0.6375838926174496,0.6331033721874622,0.6500219049336393,0.6555229508249644,0.6375838926174496,28,-1,-1,csv_geosciences/runs/20260416-161643_dataset_slices_sorted_worker_10.csv,dataset_slices_sorted,dataset/dataset_slices_sorted,cuda,5,no_encryption,0.0,30,,,,224,0.001,2,logs_geosciences/dataset_slices_sorted_run_10_GoogLeNet,GoogLeNet,1,,2,32,2,,geosciences,static/plots_geosciences/dataset_slices_sorted_run_10_GoogLeNet,,run_dataset_geosciences/dataset_slices_sorted_run_10_GoogLeNet,,,1531.068899154663,True,10
32,FedAvg,16,0.6420581655480985,0.638622276087732,0.6526866085844019,0.6601896239480133,0.6420581655480985,26,-1,-1,csv_geosciences/runs/20260416-162405_dataset_slices_sorted_worker_6.csv,dataset_slices_sorted,dataset/dataset_slices_sorted,cuda,5,no_encryption,0.0,30,,,,224,0.001,2,logs_geosciences/dataset_slices_sorted_run_6_GoogLeNet,GoogLeNet,1,,2,32,4,,geosciences,static/plots_geosciences/dataset_slices_sorted_run_6_GoogLeNet,,run_dataset_geosciences/dataset_slices_sorted_run_6_GoogLeNet,,,1675.409204006195,True,6
32,FedAvg,16,0.6040268456375839,0.5311369086713488,0.648304813793575,0.5785819698571376,0.6040268456375839,29,-1,-1,csv_geosciences/runs/20260416-162615_dataset_slices_sorted_worker_9.csv,dataset_slices_sorted,dataset/dataset_slices_sorted,cuda,5,no_encryption,0.0,30,,,,224,0.0001,2,logs_geosciences/dataset_slices_sorted_run_9_GoogLeNet,GoogLeNet,1,,2,32,2,,geosciences,static/plots_geosciences/dataset_slices_sorted_run_9_GoogLeNet,,run_dataset_geosciences/dataset_slices_sorted_run_9_GoogLeNet,,,1503.7516610622406,True,9
32,FedProx,16,0.6510067114093959,0.6412831879835847,0.6402440891169862,0.656897353206078,0.6510067114093959,26,-1,-1,csv_geosciences/runs/20260416-162834_dataset_slices_sorted_worker_3.csv,dataset_slices_sorted,dataset/dataset_slices_sorted,cuda,5,no_encryption,0.05,30,,,,224,0.001,2,logs_geosciences/dataset_slices_sorted_run_3_GoogLeNet,GoogLeNet,1,,2,32,4,,geosciences,static/plots_geosciences/dataset_slices_sorted_run_3_GoogLeNet,,run_dataset_geosciences/dataset_slices_sorted_run_3_GoogLeNet,,,1662.1389214992523,True,3
32,FedProx,16,0.6711409395973155,0.6602847037488715,0.6225177026968408,0.6804411968841498,0.6711409395973155,29,-1,-1,csv_geosciences/runs/20260416-162840_dataset_slices_sorted_worker_1.csv,dataset_slices_sorted,dataset/dataset_slices_sorted,cuda,5,no_encryption,0.05,30,,,,224,0.001,2,logs_geosciences/dataset_slices_sorted_run_1_GoogLeNet,GoogLeNet,1,,2,32,2,,geosciences,static/plots_geosciences/dataset_slices_sorted_run_1_GoogLeNet,,run_dataset_geosciences/dataset_slices_sorted_run_1_GoogLeNet,,,1685.8060200214386,True,1
32,FedAvg,16,0.5727069351230425,0.4171339473352896,0.682220842080895,0.32804779113503946,0.5727069351230425,0,-1,-1,csv_geosciences/runs/20260416-162957_dataset_slices_sorted_worker_4.csv,dataset_slices_sorted,dataset/dataset_slices_sorted,cuda,5,no_encryption,0.0,30,,,,224,0.0001,2,logs_geosciences/dataset_slices_sorted_run_4_GoogLeNet,GoogLeNet,1,,2,32,4,,geosciences,static/plots_geosciences/dataset_slices_sorted_run_4_GoogLeNet,,run_dataset_geosciences/dataset_slices_sorted_run_4_GoogLeNet,,,1635.0292799472809,True,4
32,FedProx,16,0.6174496644295302,0.5529344972131766,0.6499928393353285,0.6136339424930031,0.6174496644295302,27,-1,-1,csv_geosciences/runs/20260416-163504_dataset_slices_sorted_worker_0.csv,dataset_slices_sorted,dataset/dataset_slices_sorted,cuda,5,no_encryption,0.05,30,,,,224,0.0001,2,logs_geosciences/dataset_slices_sorted_run_0_GoogLeNet,GoogLeNet,1,,2,32,2,,geosciences,static/plots_geosciences/dataset_slices_sorted_run_0_GoogLeNet,,run_dataset_geosciences/dataset_slices_sorted_run_0_GoogLeNet,,,1517.44912648201,True,0
2,FedProx,16,0.5880952380952381,0.4380492662119168,0.6843419202736446,0.5510248022654037,0.5880952380952381,0,-1,-1,csv_geosciences/runs/20260416-163649_dataset_slices_sorted_worker_9.csv,dataset_slices_sorted,dataset/dataset_slices_sorted,cuda,5,no_encryption,0.05,30,,,,224,0.01,3,logs_geosciences/dataset_slices_sorted_run_9_GoogLeNet,GoogLeNet,1,,2,2,2,,geosciences,static/plots_geosciences/dataset_slices_sorted_run_9_GoogLeNet,,run_dataset_geosciences/dataset_slices_sorted_run_9_GoogLeNet,,,631.102931022644,True,9
2,FedAvg,16,0.5857142857142857,0.43268983268983274,0.6783806482950846,0.3430612244897959,0.5857142857142857,0,-1,-1,csv_geosciences/runs/20260416-164003_dataset_slices_sorted_worker_10.csv,dataset_slices_sorted,dataset/dataset_slices_sorted,cuda,5,no_encryption,0.0,30,,,,224,0.01,3,logs_geosciences/dataset_slices_sorted_run_10_GoogLeNet,GoogLeNet,1,,2,2,2,,geosciences,static/plots_geosciences/dataset_slices_sorted_run_10_GoogLeNet,,run_dataset_geosciences/dataset_slices_sorted_run_10_GoogLeNet,,,1396.2820580005646,True,10
32,FedProx,16,0.5167785234899329,0.4795011296704733,0.6925417694202739,0.47713362948262283,0.5167785234899329,0,-1,-1,csv_geosciences/runs/20260416-164053_dataset_slices_sorted_worker_7.csv,dataset_slices_sorted,dataset/dataset_slices_sorted,cuda,5,no_encryption,0.05,30,,,,224,0.0001,2,logs_geosciences/dataset_slices_sorted_run_7_GoogLeNet,GoogLeNet,1,,2,32,4,,geosciences,static/plots_geosciences/dataset_slices_sorted_run_7_GoogLeNet,,run_dataset_geosciences/dataset_slices_sorted_run_7_GoogLeNet,,,1631.1424384117126,True,7
2,FedAvg,16,0.5857142857142857,0.43268983268983274,0.6785367908931914,0.3430612244897959,0.5857142857142857,0,-1,-1,csv_geosciences/runs/20260416-164745_dataset_slices_sorted_worker_6.csv,dataset_slices_sorted,dataset/dataset_slices_sorted,cuda,5,no_encryption,0.0,30,,,,224,0.01,3,logs_geosciences/dataset_slices_sorted_run_6_GoogLeNet,GoogLeNet,1,,2,2,4,,geosciences,static/plots_geosciences/dataset_slices_sorted_run_6_GoogLeNet,,run_dataset_geosciences/dataset_slices_sorted_run_6_GoogLeNet,,,1416.6742906570435,True,6
2,FedAvg,16,0.7404761904761905,0.7373693935335227,0.5257342278957366,0.7382974674711088,0.7404761904761905,26,-1,-1,csv_geosciences/runs/20260416-165205_dataset_slices_sorted_worker_1.csv,dataset_slices_sorted,dataset/dataset_slices_sorted,cuda,5,no_encryption,0.0,30,,,,224,0.001,3,logs_geosciences/dataset_slices_sorted_run_1_GoogLeNet,GoogLeNet,1,,2,2,2,,geosciences,static/plots_geosciences/dataset_slices_sorted_run_1_GoogLeNet,,run_dataset_geosciences/dataset_slices_sorted_run_1_GoogLeNet,,,1401.7985632419586,True,1
2,FedProx,16,0.5857142857142857,0.43268983268983274,0.6814660390218099,0.3430612244897959,0.5857142857142857,0,-1,-1,csv_geosciences/runs/20260416-165224_dataset_slices_sorted_worker_3.csv,dataset_slices_sorted,dataset/dataset_slices_sorted,cuda,5,no_encryption,0.05,30,,,,224,0.01,3,logs_geosciences/dataset_slices_sorted_run_3_GoogLeNet,GoogLeNet,1,,2,2,4,,geosciences,static/plots_geosciences/dataset_slices_sorted_run_3_GoogLeNet,,run_dataset_geosciences/dataset_slices_sorted_run_3_GoogLeNet,,,1426.424078464508,True,3
2,FedAvg,16,0.7166666666666667,0.710884251101065,0.5484620119844165,0.7138850152204432,0.7166666666666667,26,-1,-1,csv_geosciences/runs/20260416-165339_dataset_slices_sorted_worker_4.csv,dataset_slices_sorted,dataset/dataset_slices_sorted,cuda,5,no_encryption,0.0,30,,,,224,0.001,3,logs_geosciences/dataset_slices_sorted_run_4_GoogLeNet,GoogLeNet,1,,2,2,4,,geosciences,static/plots_geosciences/dataset_slices_sorted_run_4_GoogLeNet,,run_dataset_geosciences/dataset_slices_sorted_run_4_GoogLeNet,,,1418.1904356479645,True,4
2,FedProx,16,0.7214285714285714,0.7177917557846161,0.5341093449365525,0.7186441934022453,0.7214285714285714,29,-1,-1,csv_geosciences/runs/20260416-165852_dataset_slices_sorted_worker_0.csv,dataset_slices_sorted,dataset/dataset_slices_sorted,cuda,5,no_encryption,0.05,30,,,,224,0.001,3,logs_geosciences/dataset_slices_sorted_run_0_GoogLeNet,GoogLeNet,1,,2,2,2,,geosciences,static/plots_geosciences/dataset_slices_sorted_run_0_GoogLeNet,,run_dataset_geosciences/dataset_slices_sorted_run_0_GoogLeNet,,,1424.3239979743958,True,0
2,FedProx,16,0.7023809523809523,0.686885886222621,0.5908028392564684,0.7050092250816923,0.7023809523809523,22,-1,-1,csv_geosciences/runs/20260416-170057_dataset_slices_sorted_worker_9.csv,dataset_slices_sorted,dataset/dataset_slices_sorted,cuda,5,no_encryption,0.05,30,,,,224,0.001,3,logs_geosciences/dataset_slices_sorted_run_9_GoogLeNet,GoogLeNet,1,,2,2,4,,geosciences,static/plots_geosciences/dataset_slices_sorted_run_9_GoogLeNet,,run_dataset_geosciences/dataset_slices_sorted_run_9_GoogLeNet,,,1444.2876563072205,True,9
2,FedAvg,16,0.7309523809523809,0.7273855133638079,0.5452318526449658,0.7288602446794584,0.7309523809523809,27,-1,-1,csv_geosciences/runs/20260416-170343_dataset_slices_sorted_worker_10.csv,dataset_slices_sorted,dataset/dataset_slices_sorted,cuda,5,no_encryption,0.0,30,,,,224,0.0001,3,logs_geosciences/dataset_slices_sorted_run_10_GoogLeNet,GoogLeNet,1,,2,2,2,,geosciences,static/plots_geosciences/dataset_slices_sorted_run_10_GoogLeNet,,run_dataset_geosciences/dataset_slices_sorted_run_10_GoogLeNet,,,1417.196944475174,True,10
2,FedAvg,16,0.7404761904761905,0.7386294769325791,0.5193851399989355,0.7386314813006541,0.7404761904761905,27,-1,-1,csv_geosciences/runs/20260416-170454_dataset_slices_sorted_worker_7.csv,dataset_slices_sorted,dataset/dataset_slices_sorted,cuda,5,no_encryption,0.0,30,,,,224,0.0001,3,logs_geosciences/dataset_slices_sorted_run_7_GoogLeNet,GoogLeNet,1,,2,2,4,,geosciences,static/plots_geosciences/dataset_slices_sorted_run_7_GoogLeNet,,run_dataset_geosciences/dataset_slices_sorted_run_7_GoogLeNet,,,1438.2782399654388,True,7
4,FedAvg,16,0.5904761904761905,0.4384374108925007,0.6784137521471296,0.34866213151927433,0.5904761904761905,0,-1,-1,csv_geosciences/runs/20260416-170753_dataset_slices_sorted_worker_3.csv,dataset_slices_sorted,dataset/dataset_slices_sorted,cuda,5,no_encryption,0.0,30,,,,224,0.01,3,logs_geosciences/dataset_slices_sorted_run_3_GoogLeNet,GoogLeNet,1,,2,4,2,,geosciences,static/plots_geosciences/dataset_slices_sorted_run_3_GoogLeNet,,run_dataset_geosciences/dataset_slices_sorted_run_3_GoogLeNet,,,926.0803580284119,True,3
4,FedAvg,16,0.5904761904761905,0.4384374108925007,0.6767283212570917,0.34866213151927433,0.5904761904761905,0,-1,-1,csv_geosciences/runs/20260416-170935_dataset_slices_sorted_worker_4.csv,dataset_slices_sorted,dataset/dataset_slices_sorted,cuda,5,no_encryption,0.0,30,,,,224,0.01,3,logs_geosciences/dataset_slices_sorted_run_4_GoogLeNet,GoogLeNet,1,,2,4,4,,geosciences,static/plots_geosciences/dataset_slices_sorted_run_4_GoogLeNet,,run_dataset_geosciences/dataset_slices_sorted_run_4_GoogLeNet,,,952.8755121231079,True,4
2,FedProx,16,0.7357142857142858,0.7316795403418042,0.5624382751328605,0.7338088812682286,0.7357142857142858,26,-1,-1,csv_geosciences/runs/20260416-171229_dataset_slices_sorted_worker_6.csv,dataset_slices_sorted,dataset/dataset_slices_sorted,cuda,5,no_encryption,0.05,30,,,,224,0.0001,3,logs_geosciences/dataset_slices_sorted_run_6_GoogLeNet,GoogLeNet,1,,2,2,2,,geosciences,static/plots_geosciences/dataset_slices_sorted_run_6_GoogLeNet,,run_dataset_geosciences/dataset_slices_sorted_run_6_GoogLeNet,,,1480.901941537857,True,6
4,FedProx,16,0.5904761904761905,0.4384374108925007,0.6783124781790234,0.34866213151927433,0.5904761904761905,1,-1,-1,csv_geosciences/runs/20260416-171508_dataset_slices_sorted_worker_0.csv,dataset_slices_sorted,dataset/dataset_slices_sorted,cuda,5,no_encryption,0.05,30,,,,224,0.01,3,logs_geosciences/dataset_slices_sorted_run_0_GoogLeNet,GoogLeNet,1,,2,4,2,,geosciences,static/plots_geosciences/dataset_slices_sorted_run_0_GoogLeNet,,run_dataset_geosciences/dataset_slices_sorted_run_0_GoogLeNet,,,972.7652747631073,True,0
2,FedProx,16,0.7047619047619048,0.6983195923013317,0.5812010716824304,0.7015816326530612,0.7047619047619048,29,-1,-1,csv_geosciences/runs/20260416-171728_dataset_slices_sorted_worker_1.csv,dataset_slices_sorted,dataset/dataset_slices_sorted,cuda,5,no_encryption,0.05,30,,,,224,0.0001,3,logs_geosciences/dataset_slices_sorted_run_1_GoogLeNet,GoogLeNet,1,,2,2,4,,geosciences,static/plots_geosciences/dataset_slices_sorted_run_1_GoogLeNet,,run_dataset_geosciences/dataset_slices_sorted_run_1_GoogLeNet,,,1519.7008528709412,True,1
4,FedProx,16,0.5904761904761905,0.4384374108925007,0.682484848300616,0.34866213151927433,0.5904761904761905,0,-1,-1,csv_geosciences/runs/20260416-171746_dataset_slices_sorted_worker_9.csv,dataset_slices_sorted,dataset/dataset_slices_sorted,cuda,5,no_encryption,0.05,30,,,,224,0.01,3,logs_geosciences/dataset_slices_sorted_run_9_GoogLeNet,GoogLeNet,1,,2,4,4,,geosciences,static/plots_geosciences/dataset_slices_sorted_run_9_GoogLeNet,,run_dataset_geosciences/dataset_slices_sorted_run_9_GoogLeNet,,,1005.9025518894196,True,9
4,FedAvg,16,0.7071428571428572,0.708830727618884,0.5604323310511453,0.7151632728595921,0.7071428571428572,29,-1,-1,csv_geosciences/runs/20260416-171948_dataset_slices_sorted_worker_10.csv,dataset_slices_sorted,dataset/dataset_slices_sorted,cuda,5,no_encryption,0.0,30,,,,224,0.001,3,logs_geosciences/dataset_slices_sorted_run_10_GoogLeNet,GoogLeNet,1,,2,4,2,,geosciences,static/plots_geosciences/dataset_slices_sorted_run_10_GoogLeNet,,run_dataset_geosciences/dataset_slices_sorted_run_10_GoogLeNet,,,962.2272338867188,True,10
4,FedAvg,16,0.6833333333333333,0.6853103139811226,0.6019934407302312,0.6936271171387651,0.6833333333333333,26,-1,-1,csv_geosciences/runs/20260416-172131_dataset_slices_sorted_worker_7.csv,dataset_slices_sorted,dataset/dataset_slices_sorted,cuda,5,no_encryption,0.0,30,,,,224,0.001,3,logs_geosciences/dataset_slices_sorted_run_7_GoogLeNet,GoogLeNet,1,,2,4,4,,geosciences,static/plots_geosciences/dataset_slices_sorted_run_7_GoogLeNet,,run_dataset_geosciences/dataset_slices_sorted_run_7_GoogLeNet,,,993.5566115379333,True,7
4,FedProx,16,0.7166666666666667,0.7142330776697702,0.5570036439668564,0.7143147046721281,0.7166666666666667,28,-1,-1,csv_geosciences/runs/20260416-172433_dataset_slices_sorted_worker_3.csv,dataset_slices_sorted,dataset/dataset_slices_sorted,cuda,5,no_encryption,0.05,30,,,,224,0.001,3,logs_geosciences/dataset_slices_sorted_run_3_GoogLeNet,GoogLeNet,1,,2,4,2,,geosciences,static/plots_geosciences/dataset_slices_sorted_run_3_GoogLeNet,,run_dataset_geosciences/dataset_slices_sorted_run_3_GoogLeNet,,,997.4354701042175,True,3
4,FedProx,16,0.6904761904761905,0.6890132621064503,0.5832637158178148,0.6884492264787941,0.6904761904761905,26,-1,-1,csv_geosciences/runs/20260416-172655_dataset_slices_sorted_worker_4.csv,dataset_slices_sorted,dataset/dataset_slices_sorted,cuda,5,no_encryption,0.05,30,,,,224,0.001,3,logs_geosciences/dataset_slices_sorted_run_4_GoogLeNet,GoogLeNet,1,,2,4,4,,geosciences,static/plots_geosciences/dataset_slices_sorted_run_4_GoogLeNet,,run_dataset_geosciences/dataset_slices_sorted_run_4_GoogLeNet,,,1036.9256885051727,True,4
4,FedAvg,16,0.7095238095238096,0.7033629574720682,0.5571794898737045,0.7058707011415847,0.7095238095238096,28,-1,-1,csv_geosciences/runs/20260416-172921_dataset_slices_sorted_worker_6.csv,dataset_slices_sorted,dataset/dataset_slices_sorted,cuda,5,no_encryption,0.0,30,,,,224,0.0001,3,logs_geosciences/dataset_slices_sorted_run_6_GoogLeNet,GoogLeNet,1,,2,4,2,,geosciences,static/plots_geosciences/dataset_slices_sorted_run_6_GoogLeNet,,run_dataset_geosciences/dataset_slices_sorted_run_6_GoogLeNet,,,1008.5768027305603,True,6
4,FedAvg,16,0.6904761904761905,0.6916736849492929,0.5774937669436137,0.6950315840621963,0.6904761904761905,26,-1,-1,csv_geosciences/runs/20260416-173233_dataset_slices_sorted_worker_0.csv,dataset_slices_sorted,dataset/dataset_slices_sorted,cuda,5,no_encryption,0.0,30,,,,224,0.0001,3,logs_geosciences/dataset_slices_sorted_run_0_GoogLeNet,GoogLeNet,1,,2,4,4,,geosciences,static/plots_geosciences/dataset_slices_sorted_run_0_GoogLeNet,,run_dataset_geosciences/dataset_slices_sorted_run_0_GoogLeNet,,,1041.7012977600098,True,0
4,FedProx,16,0.6833333333333333,0.6835316931502279,0.5943502617733819,0.6863992898351469,0.6833333333333333,29,-1,-1,csv_geosciences/runs/20260416-173539_dataset_slices_sorted_worker_9.csv,dataset_slices_sorted,dataset/dataset_slices_sorted,cuda,5,no_encryption,0.05,30,,,,224,0.0001,3,logs_geosciences/dataset_slices_sorted_run_9_GoogLeNet,GoogLeNet,1,,2,4,4,,geosciences,static/plots_geosciences/dataset_slices_sorted_run_9_GoogLeNet,,run_dataset_geosciences/dataset_slices_sorted_run_9_GoogLeNet,,,1070.320056438446,True,9
4,FedProx,16,0.7166666666666667,0.7078976138897415,0.5679349103144237,0.7150108994457999,0.7166666666666667,28,-1,-1,csv_geosciences/runs/20260416-173557_dataset_slices_sorted_worker_1.csv,dataset_slices_sorted,dataset/dataset_slices_sorted,cuda,5,no_encryption,0.05,30,,,,224,0.0001,3,logs_geosciences/dataset_slices_sorted_run_1_GoogLeNet,GoogLeNet,1,,2,4,2,,geosciences,static/plots_geosciences/dataset_slices_sorted_run_1_GoogLeNet,,run_dataset_geosciences/dataset_slices_sorted_run_1_GoogLeNet,,,1106.0218455791473,True,1
8,FedAvg,16,0.5849056603773585,0.4317160826594789,0.6890506766877085,0.3421146315414738,0.5849056603773585,0,-1,-1,csv_geosciences/runs/20260416-173726_dataset_slices_sorted_worker_10.csv,dataset_slices_sorted,dataset/dataset_slices_sorted,cuda,5,no_encryption,0.0,30,,,,224,0.01,3,logs_geosciences/dataset_slices_sorted_run_10_GoogLeNet,GoogLeNet,1,,2,8,2,,geosciences,static/plots_geosciences/dataset_slices_sorted_run_10_GoogLeNet,,run_dataset_geosciences/dataset_slices_sorted_run_10_GoogLeNet,,,1054.3112361431122,True,10
8,FedAvg,16,0.5849056603773585,0.4317160826594789,0.6865048408508301,0.3421146315414738,0.5849056603773585,0,-1,-1,csv_geosciences/runs/20260416-173955_dataset_slices_sorted_worker_7.csv,dataset_slices_sorted,dataset/dataset_slices_sorted,cuda,5,no_encryption,0.0,30,,,,224,0.01,3,logs_geosciences/dataset_slices_sorted_run_7_GoogLeNet,GoogLeNet,1,,2,8,4,,geosciences,static/plots_geosciences/dataset_slices_sorted_run_7_GoogLeNet,,run_dataset_geosciences/dataset_slices_sorted_run_7_GoogLeNet,,,1100.99836063385,True,7
8,FedProx,16,0.5849056603773585,0.4317160826594789,0.6792400622705244,0.3421146315414738,0.5849056603773585,1,-1,-1,csv_geosciences/runs/20260416-174242_dataset_slices_sorted_worker_3.csv,dataset_slices_sorted,dataset/dataset_slices_sorted,cuda,5,no_encryption,0.05,30,,,,224,0.01,3,logs_geosciences/dataset_slices_sorted_run_3_GoogLeNet,GoogLeNet,1,,2,8,2,,geosciences,static/plots_geosciences/dataset_slices_sorted_run_3_GoogLeNet,,run_dataset_geosciences/dataset_slices_sorted_run_3_GoogLeNet,,,1085.6497321128845,True,3
8,FedProx,16,0.5849056603773585,0.4317160826594789,0.6859515385245377,0.3421146315414738,0.5849056603773585,0,-1,-1,csv_geosciences/runs/20260416-174555_dataset_slices_sorted_worker_4.csv,dataset_slices_sorted,dataset/dataset_slices_sorted,cuda,5,no_encryption,0.05,30,,,,224,0.01,3,logs_geosciences/dataset_slices_sorted_run_4_GoogLeNet,GoogLeNet,1,,2,8,4,,geosciences,static/plots_geosciences/dataset_slices_sorted_run_4_GoogLeNet,,run_dataset_geosciences/dataset_slices_sorted_run_4_GoogLeNet,,,1136.6564600467682,True,4
8,FedAvg,16,0.6768867924528302,0.6787652715375928,0.6318484252353884,0.6863414701062858,0.6768867924528302,8,-1,-1,csv_geosciences/runs/20260416-174712_dataset_slices_sorted_worker_6.csv,dataset_slices_sorted,dataset/dataset_slices_sorted,cuda,5,no_encryption,0.0,30,,,,224,0.001,3,logs_geosciences/dataset_slices_sorted_run_6_GoogLeNet,GoogLeNet,1,,2,8,2,,geosciences,static/plots_geosciences/dataset_slices_sorted_run_6_GoogLeNet,,run_dataset_geosciences/dataset_slices_sorted_run_6_GoogLeNet,,,1067.7806854248047,True,6
8,FedAvg,16,0.660377358490566,0.6618809088169458,0.6228377262376389,0.6772996295094326,0.660377358490566,12,-1,-1,csv_geosciences/runs/20260416-175103_dataset_slices_sorted_worker_0.csv,dataset_slices_sorted,dataset/dataset_slices_sorted,cuda,5,no_encryption,0.0,30,,,,224,0.001,3,logs_geosciences/dataset_slices_sorted_run_0_GoogLeNet,GoogLeNet,1,,2,8,4,,geosciences,static/plots_geosciences/dataset_slices_sorted_run_0_GoogLeNet,,run_dataset_geosciences/dataset_slices_sorted_run_0_GoogLeNet,,,1107.4044806957245,True,0
8,FedProx,16,0.7028301886792453,0.7036704209198227,0.5773924472478201,0.7105350337522165,0.7028301886792453,27,-1,-1,csv_geosciences/runs/20260416-175349_dataset_slices_sorted_worker_9.csv,dataset_slices_sorted,dataset/dataset_slices_sorted,cuda,5,no_encryption,0.05,30,,,,224,0.001,3,logs_geosciences/dataset_slices_sorted_run_9_GoogLeNet,GoogLeNet,1,,2,8,2,,geosciences,static/plots_geosciences/dataset_slices_sorted_run_9_GoogLeNet,,run_dataset_geosciences/dataset_slices_sorted_run_9_GoogLeNet,,,1086.6929459571838,True,9
8,FedAvg,16,0.6933962264150944,0.6861400699311629,0.5944547574475126,0.6933172781110837,0.6933962264150944,27,-1,-1,csv_geosciences/runs/20260416-175509_dataset_slices_sorted_worker_10.csv,dataset_slices_sorted,dataset/dataset_slices_sorted,cuda,5,no_encryption,0.0,30,,,,224,0.0001,3,logs_geosciences/dataset_slices_sorted_run_10_GoogLeNet,GoogLeNet,1,,2,8,2,,geosciences,static/plots_geosciences/dataset_slices_sorted_run_10_GoogLeNet,,run_dataset_geosciences/dataset_slices_sorted_run_10_GoogLeNet,,,1060.3414413928986,True,10
8,FedProx,16,0.6792452830188679,0.6799478194883876,0.6248333309337778,0.6827049682094182,0.6792452830188679,13,-1,-1,csv_geosciences/runs/20260416-175511_dataset_slices_sorted_worker_1.csv,dataset_slices_sorted,dataset/dataset_slices_sorted,cuda,5,no_encryption,0.05,30,,,,224,0.001,3,logs_geosciences/dataset_slices_sorted_run_1_GoogLeNet,GoogLeNet,1,,2,8,4,,geosciences,static/plots_geosciences/dataset_slices_sorted_run_1_GoogLeNet,,run_dataset_geosciences/dataset_slices_sorted_run_1_GoogLeNet,,,1150.4729344844818,True,1
8,FedAvg,16,0.6721698113207547,0.6706056400166822,0.6033780266232086,0.6734420537667709,0.6721698113207547,29,-1,-1,csv_geosciences/runs/20260416-175826_dataset_slices_sorted_worker_7.csv,dataset_slices_sorted,dataset/dataset_slices_sorted,cuda,5,no_encryption,0.0,30,,,,224,0.0001,3,logs_geosciences/dataset_slices_sorted_run_7_GoogLeNet,GoogLeNet,1,,2,8,4,,geosciences,static/plots_geosciences/dataset_slices_sorted_run_7_GoogLeNet,,run_dataset_geosciences/dataset_slices_sorted_run_7_GoogLeNet,,,1107.6168689727783,True,7
8,FedProx,16,0.6933962264150944,0.6830429429891458,0.5897195671667468,0.6922577755695837,0.6933962264150944,28,-1,-1,csv_geosciences/runs/20260416-180050_dataset_slices_sorted_worker_3.csv,dataset_slices_sorted,dataset/dataset_slices_sorted,cuda,5,no_encryption,0.05,30,,,,224,0.0001,3,logs_geosciences/dataset_slices_sorted_run_3_GoogLeNet,GoogLeNet,1,,2,8,2,,geosciences,static/plots_geosciences/dataset_slices_sorted_run_3_GoogLeNet,,run_dataset_geosciences/dataset_slices_sorted_run_3_GoogLeNet,,,1084.4176378250122,True,3
8,FedProx,16,0.6721698113207547,0.6569799413007291,0.6188844681348441,0.6714905892111027,0.6721698113207547,26,-1,-1,csv_geosciences/runs/20260416-180459_dataset_slices_sorted_worker_4.csv,dataset_slices_sorted,dataset/dataset_slices_sorted,cuda,5,no_encryption,0.05,30,,,,224,0.0001,3,logs_geosciences/dataset_slices_sorted_run_4_GoogLeNet,GoogLeNet,1,,2,8,4,,geosciences,static/plots_geosciences/dataset_slices_sorted_run_4_GoogLeNet,,run_dataset_geosciences/dataset_slices_sorted_run_4_GoogLeNet,,,1141.2476470470428,True,4
16,FedAvg,16,0.5925925925925926,0.4409991386735573,0.6762285961045159,0.3511659807956104,0.5925925925925926,1,-1,-1,csv_geosciences/runs/20260416-180929_dataset_slices_sorted_worker_6.csv,dataset_slices_sorted,dataset/dataset_slices_sorted,cuda,5,no_encryption,0.0,30,,,,224,0.01,3,logs_geosciences/dataset_slices_sorted_run_6_GoogLeNet,GoogLeNet,1,,2,16,2,,geosciences,static/plots_geosciences/dataset_slices_sorted_run_6_GoogLeNet,,run_dataset_geosciences/dataset_slices_sorted_run_6_GoogLeNet,,,1333.498426914215,True,6
16,FedProx,16,0.5925925925925926,0.4409991386735573,0.692274272441864,0.3511659807956104,0.5925925925925926,0,-1,-1,csv_geosciences/runs/20260416-181107_dataset_slices_sorted_worker_9.csv,dataset_slices_sorted,dataset/dataset_slices_sorted,cuda,5,no_encryption,0.05,30,,,,224,0.01,3,logs_geosciences/dataset_slices_sorted_run_9_GoogLeNet,GoogLeNet,1,,2,16,2,,geosciences,static/plots_geosciences/dataset_slices_sorted_run_9_GoogLeNet,,run_dataset_geosciences/dataset_slices_sorted_run_9_GoogLeNet,,,1034.330352306366,True,9
16,FedAvg,16,0.5925925925925926,0.4409991386735573,0.6878535372239573,0.3511659807956104,0.5925925925925926,0,-1,-1,csv_geosciences/runs/20260416-181410_dataset_slices_sorted_worker_0.csv,dataset_slices_sorted,dataset/dataset_slices_sorted,cuda,5,no_encryption,0.0,30,,,,224,0.01,3,logs_geosciences/dataset_slices_sorted_run_0_GoogLeNet,GoogLeNet,1,,2,16,4,,geosciences,static/plots_geosciences/dataset_slices_sorted_run_0_GoogLeNet,,run_dataset_geosciences/dataset_slices_sorted_run_0_GoogLeNet,,,1383.5292932987213,True,0
16,FedProx,16,0.5925925925925926,0.4409991386735573,0.6798517101064876,0.3511659807956104,0.5925925925925926,1,-1,-1,csv_geosciences/runs/20260416-181632_dataset_slices_sorted_worker_10.csv,dataset_slices_sorted,dataset/dataset_slices_sorted,cuda,5,no_encryption,0.05,30,,,,224,0.01,3,logs_geosciences/dataset_slices_sorted_run_10_GoogLeNet,GoogLeNet,1,,2,16,4,,geosciences,static/plots_geosciences/dataset_slices_sorted_run_10_GoogLeNet,,run_dataset_geosciences/dataset_slices_sorted_run_10_GoogLeNet,,,1279.121788740158,True,10
16,FedAvg,16,0.6921296296296297,0.6927056026819671,0.6014097752394499,0.7049423931113066,0.6921296296296297,28,-1,-1,csv_geosciences/runs/20260416-181712_dataset_slices_sorted_worker_1.csv,dataset_slices_sorted,dataset/dataset_slices_sorted,cuda,5,no_encryption,0.0,30,,,,224,0.001,3,logs_geosciences/dataset_slices_sorted_run_1_GoogLeNet,GoogLeNet,1,,2,16,2,,geosciences,static/plots_geosciences/dataset_slices_sorted_run_1_GoogLeNet,,run_dataset_geosciences/dataset_slices_sorted_run_1_GoogLeNet,,,1318.3180747032166,True,1
16,FedAvg,16,0.6666666666666666,0.6653793670675854,0.6259654863841004,0.7081695692400994,0.6666666666666666,26,-1,-1,csv_geosciences/runs/20260416-182139_dataset_slices_sorted_worker_7.csv,dataset_slices_sorted,dataset/dataset_slices_sorted,cuda,5,no_encryption,0.0,30,,,,224,0.001,3,logs_geosciences/dataset_slices_sorted_run_7_GoogLeNet,GoogLeNet,1,,2,16,4,,geosciences,static/plots_geosciences/dataset_slices_sorted_run_7_GoogLeNet,,run_dataset_geosciences/dataset_slices_sorted_run_7_GoogLeNet,,,1389.3757565021515,True,7
16,FedProx,16,0.7106481481481481,0.7029743408469271,0.5837098619452229,0.7092877152485426,0.7106481481481481,19,-1,-1,csv_geosciences/runs/20260416-182258_dataset_slices_sorted_worker_3.csv,dataset_slices_sorted,dataset/dataset_slices_sorted,cuda,5,no_encryption,0.05,30,,,,224,0.001,3,logs_geosciences/dataset_slices_sorted_run_3_GoogLeNet,GoogLeNet,1,,2,16,2,,geosciences,static/plots_geosciences/dataset_slices_sorted_run_3_GoogLeNet,,run_dataset_geosciences/dataset_slices_sorted_run_3_GoogLeNet,,,1325.0020122528076,True,3
16,FedProx,16,0.7060185185185185,0.7035223062362237,0.6002239037167143,0.705759599598824,0.7060185185185185,28,-1,-1,csv_geosciences/runs/20260416-182821_dataset_slices_sorted_worker_4.csv,dataset_slices_sorted,dataset/dataset_slices_sorted,cuda,5,no_encryption,0.05,30,,,,224,0.001,3,logs_geosciences/dataset_slices_sorted_run_4_GoogLeNet,GoogLeNet,1,,2,16,4,,geosciences,static/plots_geosciences/dataset_slices_sorted_run_4_GoogLeNet,,run_dataset_geosciences/dataset_slices_sorted_run_4_GoogLeNet,,,1398.9020655155182,True,4
16,FedAvg,16,0.7013888888888888,0.6773599752417047,0.6046805377635691,0.7238421334781694,0.7013888888888888,28,-1,-1,csv_geosciences/runs/20260416-183059_dataset_slices_sorted_worker_6.csv,dataset_slices_sorted,dataset/dataset_slices_sorted,cuda,5,no_encryption,0.0,30,,,,224,0.0001,3,logs_geosciences/dataset_slices_sorted_run_6_GoogLeNet,GoogLeNet,1,,2,16,2,,geosciences,static/plots_geosciences/dataset_slices_sorted_run_6_GoogLeNet,,run_dataset_geosciences/dataset_slices_sorted_run_6_GoogLeNet,,,1286.8462219238281,True,6
32,FedProx,16,0.5727069351230425,0.4171339473352896,0.6839432013648201,0.32804779113503946,0.5727069351230425,1,-1,-1,csv_geosciences/runs/20260416-183256_dataset_slices_sorted_worker_3.csv,dataset_slices_sorted,dataset/dataset_slices_sorted,cuda,5,no_encryption,0.05,30,,,,224,0.01,3,logs_geosciences/dataset_slices_sorted_run_3_GoogLeNet,GoogLeNet,1,,2,32,2,,geosciences,static/plots_geosciences/dataset_slices_sorted_run_3_GoogLeNet,,run_dataset_geosciences/dataset_slices_sorted_run_3_GoogLeNet,,,594.9501626491547,True,3
32,FedAvg,16,0.5727069351230425,0.4171339473352896,0.687552800514554,0.32804779113503946,0.5727069351230425,0,-1,-1,csv_geosciences/runs/20260416-183309_dataset_slices_sorted_worker_7.csv,dataset_slices_sorted,dataset/dataset_slices_sorted,cuda,5,no_encryption,0.0,30,,,,224,0.01,3,logs_geosciences/dataset_slices_sorted_run_7_GoogLeNet,GoogLeNet,1,,2,32,4,,geosciences,static/plots_geosciences/dataset_slices_sorted_run_7_GoogLeNet,,run_dataset_geosciences/dataset_slices_sorted_run_7_GoogLeNet,,,686.7898781299591,True,7
16,FedAvg,16,0.6620370370370371,0.6424102090602133,0.6311805742206397,0.6655703543003314,0.6620370370370371,27,-1,-1,csv_geosciences/runs/20260416-183330_dataset_slices_sorted_worker_9.csv,dataset_slices_sorted,dataset/dataset_slices_sorted,cuda,5,no_encryption,0.0,30,,,,224,0.0001,3,logs_geosciences/dataset_slices_sorted_run_9_GoogLeNet,GoogLeNet,1,,2,16,4,,geosciences,static/plots_geosciences/dataset_slices_sorted_run_9_GoogLeNet,,run_dataset_geosciences/dataset_slices_sorted_run_9_GoogLeNet,,,1340.455218076706,True,9
16,FedProx,16,0.7013888888888888,0.6837743528726501,0.6018724575362824,0.7111148385887677,0.7013888888888888,27,-1,-1,csv_geosciences/runs/20260416-183606_dataset_slices_sorted_worker_0.csv,dataset_slices_sorted,dataset/dataset_slices_sorted,cuda,5,no_encryption,0.05,30,,,,224,0.0001,3,logs_geosciences/dataset_slices_sorted_run_0_GoogLeNet,GoogLeNet,1,,2,16,2,,geosciences,static/plots_geosciences/dataset_slices_sorted_run_0_GoogLeNet,,run_dataset_geosciences/dataset_slices_sorted_run_0_GoogLeNet,,,1312.5032303333282,True,0
16,FedProx,16,0.6828703703703703,0.6483010776372259,0.6268292109447496,0.7025427759304571,0.6828703703703703,29,-1,-1,csv_geosciences/runs/20260416-183935_dataset_slices_sorted_worker_10.csv,dataset_slices_sorted,dataset/dataset_slices_sorted,cuda,5,no_encryption,0.05,30,,,,224,0.0001,3,logs_geosciences/dataset_slices_sorted_run_10_GoogLeNet,GoogLeNet,1,,2,16,4,,geosciences,static/plots_geosciences/dataset_slices_sorted_run_10_GoogLeNet,,run_dataset_geosciences/dataset_slices_sorted_run_10_GoogLeNet,,,1379.9956350326538,True,10
32,FedAvg,16,0.5727069351230425,0.4171339473352896,0.6831653398155366,0.32804779113503946,0.5727069351230425,1,-1,-1,csv_geosciences/runs/20260416-184649_dataset_slices_sorted_worker_1.csv,dataset_slices_sorted,dataset/dataset_slices_sorted,cuda,5,no_encryption,0.0,30,,,,224,0.01,3,logs_geosciences/dataset_slices_sorted_run_1_GoogLeNet,GoogLeNet,1,,2,32,2,,geosciences,static/plots_geosciences/dataset_slices_sorted_run_1_GoogLeNet,,run_dataset_geosciences/dataset_slices_sorted_run_1_GoogLeNet,,,1774.1250767707825,True,1
32,FedProx,16,0.5727069351230425,0.4171339473352896,0.6883139210259355,0.32804779113503946,0.5727069351230425,0,-1,-1,csv_geosciences/runs/20260416-190004_dataset_slices_sorted_worker_4.csv,dataset_slices_sorted,dataset/dataset_slices_sorted,cuda,5,no_encryption,0.05,30,,,,224,0.01,3,logs_geosciences/dataset_slices_sorted_run_4_GoogLeNet,GoogLeNet,1,,2,32,4,,geosciences,static/plots_geosciences/dataset_slices_sorted_run_4_GoogLeNet,,run_dataset_geosciences/dataset_slices_sorted_run_4_GoogLeNet,,,1899.296357870102,True,4
32,FedAvg,16,0.6375838926174496,0.6306767299463707,0.6417620363384818,0.6657458251417983,0.6375838926174496,26,-1,-1,csv_geosciences/runs/20260416-190024_dataset_slices_sorted_worker_6.csv,dataset_slices_sorted,dataset/dataset_slices_sorted,cuda,5,no_encryption,0.0,30,,,,224,0.001,3,logs_geosciences/dataset_slices_sorted_run_6_GoogLeNet,GoogLeNet,1,,2,32,2,,geosciences,static/plots_geosciences/dataset_slices_sorted_run_6_GoogLeNet,,run_dataset_geosciences/dataset_slices_sorted_run_6_GoogLeNet,,,1761.6895051002502,True,6
32,FedProx,16,0.680089485458613,0.670091334953055,0.6169980517703149,0.6901461079313428,0.680089485458613,24,-1,-1,csv_geosciences/runs/20260416-190222_dataset_slices_sorted_worker_7.csv,dataset_slices_sorted,dataset/dataset_slices_sorted,cuda,5,no_encryption,0.05,30,,,,224,0.001,3,logs_geosciences/dataset_slices_sorted_run_7_GoogLeNet,GoogLeNet,1,,2,32,2,,geosciences,static/plots_geosciences/dataset_slices_sorted_run_7_GoogLeNet,,run_dataset_geosciences/dataset_slices_sorted_run_7_GoogLeNet,,,1750.0746326446533,True,7
32,FedAvg,16,0.6420581655480985,0.6356876640927174,0.664472071916465,0.6728560775540641,0.6420581655480985,13,-1,-1,csv_geosciences/runs/20260416-190341_dataset_slices_sorted_worker_3.csv,dataset_slices_sorted,dataset/dataset_slices_sorted,cuda,5,no_encryption,0.0,30,,,,224,0.001,3,logs_geosciences/dataset_slices_sorted_run_3_GoogLeNet,GoogLeNet,1,,2,32,4,,geosciences,static/plots_geosciences/dataset_slices_sorted_run_3_GoogLeNet,,run_dataset_geosciences/dataset_slices_sorted_run_3_GoogLeNet,,,1841.7769265174866,True,3
32,FedProx,16,0.6577181208053692,0.6521099108690274,0.6237416223391591,0.6655269537819873,0.6577181208053692,29,-1,-1,csv_geosciences/runs/20260416-190445_dataset_slices_sorted_worker_9.csv,dataset_slices_sorted,dataset/dataset_slices_sorted,cuda,5,no_encryption,0.05,30,,,,224,0.001,3,logs_geosciences/dataset_slices_sorted_run_9_GoogLeNet,GoogLeNet,1,,2,32,4,,geosciences,static/plots_geosciences/dataset_slices_sorted_run_9_GoogLeNet,,run_dataset_geosciences/dataset_slices_sorted_run_9_GoogLeNet,,,1871.257304906845,True,9
32,FedAvg,16,0.6487695749440716,0.6019071803496346,0.6391160148102165,0.6555929777406287,0.6487695749440716,27,-1,-1,csv_geosciences/runs/20260416-190454_dataset_slices_sorted_worker_0.csv,dataset_slices_sorted,dataset/dataset_slices_sorted,cuda,5,no_encryption,0.0,30,,,,224,0.0001,3,logs_geosciences/dataset_slices_sorted_run_0_GoogLeNet,GoogLeNet,1,,2,32,2,,geosciences,static/plots_geosciences/dataset_slices_sorted_run_0_GoogLeNet,,run_dataset_geosciences/dataset_slices_sorted_run_0_GoogLeNet,,,1725.3289778232574,True,0
32,FedAvg,16,0.5727069351230425,0.4171339473352896,0.6871109238140268,0.32804779113503946,0.5727069351230425,0,-1,-1,csv_geosciences/runs/20260416-191016_dataset_slices_sorted_worker_10.csv,dataset_slices_sorted,dataset/dataset_slices_sorted,cuda,5,no_encryption,0.0,30,,,,224,0.0001,3,logs_geosciences/dataset_slices_sorted_run_10_GoogLeNet,GoogLeNet,1,,2,32,4,,geosciences,static/plots_geosciences/dataset_slices_sorted_run_10_GoogLeNet,,run_dataset_geosciences/dataset_slices_sorted_run_10_GoogLeNet,,,1837.467592716217,True,10
32,FedProx,16,0.6487695749440716,0.6148509561791088,0.633827686976533,0.6619141981558089,0.6487695749440716,29,-1,-1,csv_geosciences/runs/20260416-191931_dataset_slices_sorted_worker_1.csv,dataset_slices_sorted,dataset/dataset_slices_sorted,cuda,5,no_encryption,0.05,30,,,,224,0.0001,3,logs_geosciences/dataset_slices_sorted_run_1_GoogLeNet,GoogLeNet,1,,2,32,2,,geosciences,static/plots_geosciences/dataset_slices_sorted_run_1_GoogLeNet,,run_dataset_geosciences/dataset_slices_sorted_run_1_GoogLeNet,,,1958.311158657074,True,1
32,FedProx,16,0.5279642058165548,0.5212021975418821,0.6926918309806978,0.5317878368213939,0.5279642058165548,0,-1,-1,csv_geosciences/runs/20260416-193050_dataset_slices_sorted_worker_4.csv,dataset_slices_sorted,dataset/dataset_slices_sorted,cuda,5,no_encryption,0.05,30,,,,224,0.0001,3,logs_geosciences/dataset_slices_sorted_run_4_GoogLeNet,GoogLeNet,1,,2,32,4,,geosciences,static/plots_geosciences/dataset_slices_sorted_run_4_GoogLeNet,,run_dataset_geosciences/dataset_slices_sorted_run_4_GoogLeNet,,,1843.2709484100342,True,4
2,FedAvg,16,0.5857142857142857,0.43268983268983274,0.67856338818868,0.3430612244897959,0.5857142857142857,0,-1,-1,csv_geosciences/runs/20260416-193445_dataset_slices_sorted_worker_6.csv,dataset_slices_sorted,dataset/dataset_slices_sorted,cuda,5,no_encryption,0.0,30,,,,224,0.01,5,logs_geosciences/dataset_slices_sorted_run_6_GoogLeNet,GoogLeNet,1,,2,2,2,,geosciences,static/plots_geosciences/dataset_slices_sorted_run_6_GoogLeNet,,run_dataset_geosciences/dataset_slices_sorted_run_6_GoogLeNet,,,2057.73988366127,True,6
2,FedAvg,16,0.5857142857142857,0.43268983268983274,0.6783815094402859,0.3430612244897959,0.5857142857142857,0,-1,-1,csv_geosciences/runs/20260416-193652_dataset_slices_sorted_worker_7.csv,dataset_slices_sorted,dataset/dataset_slices_sorted,cuda,5,no_encryption,0.0,30,,,,224,0.01,5,logs_geosciences/dataset_slices_sorted_run_7_GoogLeNet,GoogLeNet,1,,2,2,4,,geosciences,static/plots_geosciences/dataset_slices_sorted_run_7_GoogLeNet,,run_dataset_geosciences/dataset_slices_sorted_run_7_GoogLeNet,,,2065.99893784523,True,7
2,FedProx,16,0.5857142857142857,0.43268983268983274,0.6809798410960606,0.3430612244897959,0.5857142857142857,0,-1,-1,csv_geosciences/runs/20260416-193809_dataset_slices_sorted_worker_3.csv,dataset_slices_sorted,dataset/dataset_slices_sorted,cuda,5,no_encryption,0.05,30,,,,224,0.01,5,logs_geosciences/dataset_slices_sorted_run_3_GoogLeNet,GoogLeNet,1,,2,2,2,,geosciences,static/plots_geosciences/dataset_slices_sorted_run_3_GoogLeNet,,run_dataset_geosciences/dataset_slices_sorted_run_3_GoogLeNet,,,2063.974637031555,True,3
2,FedAvg,16,0.7738095238095238,0.76982603592568,0.48605101704597475,0.7737836589656087,0.7738095238095238,22,-1,-1,csv_geosciences/runs/20260416-193910_dataset_slices_sorted_worker_0.csv,dataset_slices_sorted,dataset/dataset_slices_sorted,cuda,5,no_encryption,0.0,30,,,,224,0.001,5,logs_geosciences/dataset_slices_sorted_run_0_GoogLeNet,GoogLeNet,1,,2,2,2,,geosciences,static/plots_geosciences/dataset_slices_sorted_run_0_GoogLeNet,,run_dataset_geosciences/dataset_slices_sorted_run_0_GoogLeNet,,,2052.148635149002,True,0
2,FedProx,16,0.5857142857142857,0.43268983268983274,0.6790448869977679,0.3430612244897959,0.5857142857142857,0,-1,-1,csv_geosciences/runs/20260416-193953_dataset_slices_sorted_worker_9.csv,dataset_slices_sorted,dataset/dataset_slices_sorted,cuda,5,no_encryption,0.05,30,,,,224,0.01,5,logs_geosciences/dataset_slices_sorted_run_9_GoogLeNet,GoogLeNet,1,,2,2,4,,geosciences,static/plots_geosciences/dataset_slices_sorted_run_9_GoogLeNet,,run_dataset_geosciences/dataset_slices_sorted_run_9_GoogLeNet,,,2105.5067887306213,True,9
2,FedAvg,16,0.7238095238095238,0.716197560176302,0.5577583304473333,0.7234564961671692,0.7238095238095238,24,-1,-1,csv_geosciences/runs/20260416-194442_dataset_slices_sorted_worker_10.csv,dataset_slices_sorted,dataset/dataset_slices_sorted,cuda,5,no_encryption,0.0,30,,,,224,0.001,5,logs_geosciences/dataset_slices_sorted_run_10_GoogLeNet,GoogLeNet,1,,2,2,4,,geosciences,static/plots_geosciences/dataset_slices_sorted_run_10_GoogLeNet,,run_dataset_geosciences/dataset_slices_sorted_run_10_GoogLeNet,,,2062.740837574005,True,10
2,FedProx,16,0.7261904761904762,0.7237239802941777,0.5405132946513947,0.723951496234512,0.7261904761904762,25,-1,-1,csv_geosciences/runs/20260416-195427_dataset_slices_sorted_worker_1.csv,dataset_slices_sorted,dataset/dataset_slices_sorted,cuda,5,no_encryption,0.05,30,,,,224,0.001,5,logs_geosciences/dataset_slices_sorted_run_1_GoogLeNet,GoogLeNet,1,,2,2,2,,geosciences,static/plots_geosciences/dataset_slices_sorted_run_1_GoogLeNet,,run_dataset_geosciences/dataset_slices_sorted_run_1_GoogLeNet,,,2092.4453291893005,True,1
4,FedAvg,16,0.5904761904761905,0.4384374108925007,0.678097323008946,0.34866213151927433,0.5904761904761905,0,-1,-1,csv_geosciences/runs/20260416-200132_dataset_slices_sorted_worker_9.csv,dataset_slices_sorted,dataset/dataset_slices_sorted,cuda,5,no_encryption,0.0,30,,,,224,0.01,5,logs_geosciences/dataset_slices_sorted_run_9_GoogLeNet,GoogLeNet,1,,2,4,2,,geosciences,static/plots_geosciences/dataset_slices_sorted_run_9_GoogLeNet,,run_dataset_geosciences/dataset_slices_sorted_run_9_GoogLeNet,,,1295.8504161834717,True,9
2,FedProx,16,0.6857142857142857,0.6858927694154585,0.5920574097406297,0.6873224820319753,0.6857142857142857,24,-1,-1,csv_geosciences/runs/20260416-200647_dataset_slices_sorted_worker_4.csv,dataset_slices_sorted,dataset/dataset_slices_sorted,cuda,5,no_encryption,0.05,30,,,,224,0.001,5,logs_geosciences/dataset_slices_sorted_run_4_GoogLeNet,GoogLeNet,1,,2,2,4,,geosciences,static/plots_geosciences/dataset_slices_sorted_run_4_GoogLeNet,,run_dataset_geosciences/dataset_slices_sorted_run_4_GoogLeNet,,,2154.1299912929535,True,4
4,FedAvg,16,0.5904761904761905,0.4384374108925007,0.6767907557033357,0.34866213151927433,0.5904761904761905,0,-1,-1,csv_geosciences/runs/20260416-200657_dataset_slices_sorted_worker_10.csv,dataset_slices_sorted,dataset/dataset_slices_sorted,cuda,5,no_encryption,0.0,30,,,,224,0.01,5,logs_geosciences/dataset_slices_sorted_run_10_GoogLeNet,GoogLeNet,1,,2,4,4,,geosciences,static/plots_geosciences/dataset_slices_sorted_run_10_GoogLeNet,,run_dataset_geosciences/dataset_slices_sorted_run_10_GoogLeNet,,,1331.7575371265411,True,10
2,FedAvg,16,0.7571428571428571,0.7572986495847925,0.4919422576824824,0.7577984301412872,0.7571428571428571,27,-1,-1,csv_geosciences/runs/20260416-201008_dataset_slices_sorted_worker_6.csv,dataset_slices_sorted,dataset/dataset_slices_sorted,cuda,5,no_encryption,0.0,30,,,,224,0.0001,5,logs_geosciences/dataset_slices_sorted_run_6_GoogLeNet,GoogLeNet,1,,2,2,2,,geosciences,static/plots_geosciences/dataset_slices_sorted_run_6_GoogLeNet,,run_dataset_geosciences/dataset_slices_sorted_run_6_GoogLeNet,,,2119.810376882553,True,6
2,FedAvg,16,0.780952380952381,0.7805221288515407,0.4974586452756609,0.7803777539855711,0.780952380952381,27,-1,-1,csv_geosciences/runs/20260416-201242_dataset_slices_sorted_worker_7.csv,dataset_slices_sorted,dataset/dataset_slices_sorted,cuda,5,no_encryption,0.0,30,,,,224,0.0001,5,logs_geosciences/dataset_slices_sorted_run_7_GoogLeNet,GoogLeNet,1,,2,2,4,,geosciences,static/plots_geosciences/dataset_slices_sorted_run_7_GoogLeNet,,run_dataset_geosciences/dataset_slices_sorted_run_7_GoogLeNet,,,2147.2856945991516,True,7
2,FedProx,16,0.7476190476190476,0.7482476077175981,0.5328081349531809,0.7502456911220285,0.7476190476190476,26,-1,-1,csv_geosciences/runs/20260416-201404_dataset_slices_sorted_worker_3.csv,dataset_slices_sorted,dataset/dataset_slices_sorted,cuda,5,no_encryption,0.05,30,,,,224,0.0001,5,logs_geosciences/dataset_slices_sorted_run_3_GoogLeNet,GoogLeNet,1,,2,2,2,,geosciences,static/plots_geosciences/dataset_slices_sorted_run_3_GoogLeNet,,run_dataset_geosciences/dataset_slices_sorted_run_3_GoogLeNet,,,2151.9083178043365,True,3
2,FedProx,16,0.7285714285714285,0.7248308108773226,0.5417994090488978,0.7260317460317459,0.7285714285714285,29,-1,-1,csv_geosciences/runs/20260416-201544_dataset_slices_sorted_worker_0.csv,dataset_slices_sorted,dataset/dataset_slices_sorted,cuda,5,no_encryption,0.05,30,,,,224,0.0001,5,logs_geosciences/dataset_slices_sorted_run_0_GoogLeNet,GoogLeNet,1,,2,2,4,,geosciences,static/plots_geosciences/dataset_slices_sorted_run_0_GoogLeNet,,run_dataset_geosciences/dataset_slices_sorted_run_0_GoogLeNet,,,2191.576192855835,True,0
4,FedProx,16,0.5904761904761905,0.4384374108925007,0.6842708647251129,0.34866213151927433,0.5904761904761905,0,-1,-1,csv_geosciences/runs/20260416-201726_dataset_slices_sorted_worker_1.csv,dataset_slices_sorted,dataset/dataset_slices_sorted,cuda,5,no_encryption,0.05,30,,,,224,0.01,5,logs_geosciences/dataset_slices_sorted_run_1_GoogLeNet,GoogLeNet,1,,2,4,2,,geosciences,static/plots_geosciences/dataset_slices_sorted_run_1_GoogLeNet,,run_dataset_geosciences/dataset_slices_sorted_run_1_GoogLeNet,,,1376.309979915619,True,1
4,FedProx,16,0.5904761904761905,0.4384374108925007,0.6800443513052804,0.34866213151927433,0.5904761904761905,0,-1,-1,csv_geosciences/runs/20260416-202542_dataset_slices_sorted_worker_9.csv,dataset_slices_sorted,dataset/dataset_slices_sorted,cuda,5,no_encryption,0.05,30,,,,224,0.01,5,logs_geosciences/dataset_slices_sorted_run_9_GoogLeNet,GoogLeNet,1,,2,4,4,,geosciences,static/plots_geosciences/dataset_slices_sorted_run_9_GoogLeNet,,run_dataset_geosciences/dataset_slices_sorted_run_9_GoogLeNet,,,1446.8447201251984,True,9
4,FedAvg,16,0.7333333333333333,0.7342354900629756,0.5288827634993054,0.7367595431336726,0.7333333333333333,25,-1,-1,csv_geosciences/runs/20260416-203007_dataset_slices_sorted_worker_4.csv,dataset_slices_sorted,dataset/dataset_slices_sorted,cuda,5,no_encryption,0.0,30,,,,224,0.001,5,logs_geosciences/dataset_slices_sorted_run_4_GoogLeNet,GoogLeNet,1,,2,4,2,,geosciences,static/plots_geosciences/dataset_slices_sorted_run_4_GoogLeNet,,run_dataset_geosciences/dataset_slices_sorted_run_4_GoogLeNet,,,1396.2971830368042,True,4
4,FedAvg,16,0.7,0.7014764363616813,0.5807851704813185,0.709027501217817,0.7,23,-1,-1,csv_geosciences/runs/20260416-203038_dataset_slices_sorted_worker_10.csv,dataset_slices_sorted,dataset/dataset_slices_sorted,cuda,5,no_encryption,0.0,30,,,,224,0.001,5,logs_geosciences/dataset_slices_sorted_run_10_GoogLeNet,GoogLeNet,1,,2,4,4,,geosciences,static/plots_geosciences/dataset_slices_sorted_run_10_GoogLeNet,,run_dataset_geosciences/dataset_slices_sorted_run_10_GoogLeNet,,,1418.1900744438171,True,10
4,FedProx,16,0.7523809523809524,0.7503759325024569,0.5285548391796294,0.7507617757617757,0.7523809523809524,27,-1,-1,csv_geosciences/runs/20260416-203416_dataset_slices_sorted_worker_6.csv,dataset_slices_sorted,dataset/dataset_slices_sorted,cuda,5,no_encryption,0.05,30,,,,224,0.001,5,logs_geosciences/dataset_slices_sorted_run_6_GoogLeNet,GoogLeNet,1,,2,4,2,,geosciences,static/plots_geosciences/dataset_slices_sorted_run_6_GoogLeNet,,run_dataset_geosciences/dataset_slices_sorted_run_6_GoogLeNet,,,1445.4387247562408,True,6
4,FedProx,16,0.7095238095238096,0.7047479324537251,0.5749116128399259,0.7059897148552611,0.7095238095238096,22,-1,-1,csv_geosciences/runs/20260416-203731_dataset_slices_sorted_worker_7.csv,dataset_slices_sorted,dataset/dataset_slices_sorted,cuda,5,no_encryption,0.05,30,,,,224,0.001,5,logs_geosciences/dataset_slices_sorted_run_7_GoogLeNet,GoogLeNet,1,,2,4,4,,geosciences,static/plots_geosciences/dataset_slices_sorted_run_7_GoogLeNet,,run_dataset_geosciences/dataset_slices_sorted_run_7_GoogLeNet,,,1485.2114634513855,True,7
4,FedAvg,16,0.7357142857142858,0.7362058057399992,0.5237937668959299,0.7371384902114454,0.7357142857142858,29,-1,-1,csv_geosciences/runs/20260416-203746_dataset_slices_sorted_worker_3.csv,dataset_slices_sorted,dataset/dataset_slices_sorted,cuda,5,no_encryption,0.0,30,,,,224,0.0001,5,logs_geosciences/dataset_slices_sorted_run_3_GoogLeNet,GoogLeNet,1,,2,4,2,,geosciences,static/plots_geosciences/dataset_slices_sorted_run_3_GoogLeNet,,run_dataset_geosciences/dataset_slices_sorted_run_3_GoogLeNet,,,1419.0506491661072,True,3
4,FedAvg,16,0.7309523809523809,0.7328319897951928,0.516807134449482,0.742885069630948,0.7309523809523809,29,-1,-1,csv_geosciences/runs/20260416-204009_dataset_slices_sorted_worker_0.csv,dataset_slices_sorted,dataset/dataset_slices_sorted,cuda,5,no_encryption,0.0,30,,,,224,0.0001,5,logs_geosciences/dataset_slices_sorted_run_0_GoogLeNet,GoogLeNet,1,,2,4,4,,geosciences,static/plots_geosciences/dataset_slices_sorted_run_0_GoogLeNet,,run_dataset_geosciences/dataset_slices_sorted_run_0_GoogLeNet,,,1461.208055973053,True,0
4,FedProx,16,0.7285714285714285,0.7271329005102145,0.5415472134238197,0.7273559912530501,0.7285714285714285,29,-1,-1,csv_geosciences/runs/20260416-204201_dataset_slices_sorted_worker_1.csv,dataset_slices_sorted,dataset/dataset_slices_sorted,cuda,5,no_encryption,0.05,30,,,,224,0.0001,5,logs_geosciences/dataset_slices_sorted_run_1_GoogLeNet,GoogLeNet,1,,2,4,2,,geosciences,static/plots_geosciences/dataset_slices_sorted_run_1_GoogLeNet,,run_dataset_geosciences/dataset_slices_sorted_run_1_GoogLeNet,,,1471.8753168582916,True,1
4,FedProx,16,0.7047619047619048,0.7023752702324131,0.5638545727445966,0.7025554795088768,0.7047619047619048,26,-1,-1,csv_geosciences/runs/20260416-205119_dataset_slices_sorted_worker_9.csv,dataset_slices_sorted,dataset/dataset_slices_sorted,cuda,5,no_encryption,0.05,30,,,,224,0.0001,5,logs_geosciences/dataset_slices_sorted_run_9_GoogLeNet,GoogLeNet,1,,2,4,4,,geosciences,static/plots_geosciences/dataset_slices_sorted_run_9_GoogLeNet,,run_dataset_geosciences/dataset_slices_sorted_run_9_GoogLeNet,,,1533.5186822414398,True,9
8,FedAvg,16,0.5849056603773585,0.4317160826594789,0.6818965898369843,0.3421146315414738,0.5849056603773585,0,-1,-1,csv_geosciences/runs/20260416-205447_dataset_slices_sorted_worker_4.csv,dataset_slices_sorted,dataset/dataset_slices_sorted,cuda,5,no_encryption,0.0,30,,,,224,0.01,5,logs_geosciences/dataset_slices_sorted_run_4_GoogLeNet,GoogLeNet,1,,2,8,2,,geosciences,static/plots_geosciences/dataset_slices_sorted_run_4_GoogLeNet,,run_dataset_geosciences/dataset_slices_sorted_run_4_GoogLeNet,,,1477.0553970336914,True,4
8,FedAvg,16,0.5849056603773585,0.4317160826594789,0.6790303036851703,0.3421146315414738,0.5849056603773585,0,-1,-1,csv_geosciences/runs/20260416-205559_dataset_slices_sorted_worker_10.csv,dataset_slices_sorted,dataset/dataset_slices_sorted,cuda,5,no_encryption,0.0,30,,,,224,0.01,5,logs_geosciences/dataset_slices_sorted_run_10_GoogLeNet,GoogLeNet,1,,2,8,4,,geosciences,static/plots_geosciences/dataset_slices_sorted_run_10_GoogLeNet,,run_dataset_geosciences/dataset_slices_sorted_run_10_GoogLeNet,,,1517.694616317749,True,10
8,FedProx,16,0.5849056603773585,0.4317160826594789,0.6794052337700466,0.3421146315414738,0.5849056603773585,1,-1,-1,csv_geosciences/runs/20260416-205935_dataset_slices_sorted_worker_6.csv,dataset_slices_sorted,dataset/dataset_slices_sorted,cuda,5,no_encryption,0.05,30,,,,224,0.01,5,logs_geosciences/dataset_slices_sorted_run_6_GoogLeNet,GoogLeNet,1,,2,8,2,,geosciences,static/plots_geosciences/dataset_slices_sorted_run_6_GoogLeNet,,run_dataset_geosciences/dataset_slices_sorted_run_6_GoogLeNet,,,1515.8149223327637,True,6
8,FedAvg,16,0.7028301886792453,0.7038794840765882,0.5507570377217149,0.7122115795919027,0.7028301886792453,29,-1,-1,csv_geosciences/runs/20260416-210232_dataset_slices_sorted_worker_3.csv,dataset_slices_sorted,dataset/dataset_slices_sorted,cuda,5,no_encryption,0.0,30,,,,224,0.001,5,logs_geosciences/dataset_slices_sorted_run_3_GoogLeNet,GoogLeNet,1,,2,8,2,,geosciences,static/plots_geosciences/dataset_slices_sorted_run_3_GoogLeNet,,run_dataset_geosciences/dataset_slices_sorted_run_3_GoogLeNet,,,1482.3711366653442,True,3
8,FedProx,16,0.5849056603773585,0.4317160826594789,0.6853278709470101,0.3421146315414738,0.5849056603773585,0,-1,-1,csv_geosciences/runs/20260416-210410_dataset_slices_sorted_worker_7.csv,dataset_slices_sorted,dataset/dataset_slices_sorted,cuda,5,no_encryption,0.05,30,,,,224,0.01,5,logs_geosciences/dataset_slices_sorted_run_7_GoogLeNet,GoogLeNet,1,,2,8,4,,geosciences,static/plots_geosciences/dataset_slices_sorted_run_7_GoogLeNet,,run_dataset_geosciences/dataset_slices_sorted_run_7_GoogLeNet,,,1595.9376647472382,True,7
8,FedAvg,16,0.7004716981132075,0.7021815447291215,0.6052929211478189,0.7154253666874952,0.7004716981132075,24,-1,-1,csv_geosciences/runs/20260416-210545_dataset_slices_sorted_worker_0.csv,dataset_slices_sorted,dataset/dataset_slices_sorted,cuda,5,no_encryption,0.0,30,,,,224,0.001,5,logs_geosciences/dataset_slices_sorted_run_0_GoogLeNet,GoogLeNet,1,,2,8,4,,geosciences,static/plots_geosciences/dataset_slices_sorted_run_0_GoogLeNet,,run_dataset_geosciences/dataset_slices_sorted_run_0_GoogLeNet,,,1533.5002274513245,True,0
8,FedProx,16,0.7264150943396226,0.7151895485949026,0.5640847018726591,0.7289388483110554,0.7264150943396226,19,-1,-1,csv_geosciences/runs/20260416-210749_dataset_slices_sorted_worker_1.csv,dataset_slices_sorted,dataset/dataset_slices_sorted,cuda,5,no_encryption,0.05,30,,,,224,0.001,5,logs_geosciences/dataset_slices_sorted_run_1_GoogLeNet,GoogLeNet,1,,2,8,2,,geosciences,static/plots_geosciences/dataset_slices_sorted_run_1_GoogLeNet,,run_dataset_geosciences/dataset_slices_sorted_run_1_GoogLeNet,,,1544.3119657039642,True,1
8,FedProx,16,0.7004716981132075,0.6980518302912548,0.5738826803160164,0.700594824935462,0.7004716981132075,27,-1,-1,csv_geosciences/runs/20260416-211807_dataset_slices_sorted_worker_9.csv,dataset_slices_sorted,dataset/dataset_slices_sorted,cuda,5,no_encryption,0.05,30,,,,224,0.001,5,logs_geosciences/dataset_slices_sorted_run_9_GoogLeNet,GoogLeNet,1,,2,8,4,,geosciences,static/plots_geosciences/dataset_slices_sorted_run_9_GoogLeNet,,run_dataset_geosciences/dataset_slices_sorted_run_9_GoogLeNet,,,1604.0867314338684,True,9
8,FedAvg,16,0.7122641509433962,0.7044677069552687,0.5752768078643196,0.7114412435236519,0.7122641509433962,26,-1,-1,csv_geosciences/runs/20260416-211933_dataset_slices_sorted_worker_4.csv,dataset_slices_sorted,dataset/dataset_slices_sorted,cuda,5,no_encryption,0.0,30,,,,224,0.0001,5,logs_geosciences/dataset_slices_sorted_run_4_GoogLeNet,GoogLeNet,1,,2,8,2,,geosciences,static/plots_geosciences/dataset_slices_sorted_run_4_GoogLeNet,,run_dataset_geosciences/dataset_slices_sorted_run_4_GoogLeNet,,,1483.1119418144226,True,4
8,FedAvg,16,0.6910377358490566,0.6915357514597635,0.5846792371627295,0.6999618061129936,0.6910377358490566,27,-1,-1,csv_geosciences/runs/20260416-212122_dataset_slices_sorted_worker_10.csv,dataset_slices_sorted,dataset/dataset_slices_sorted,cuda,5,no_encryption,0.0,30,,,,224,0.0001,5,logs_geosciences/dataset_slices_sorted_run_10_GoogLeNet,GoogLeNet,1,,2,8,4,,geosciences,static/plots_geosciences/dataset_slices_sorted_run_10_GoogLeNet,,run_dataset_geosciences/dataset_slices_sorted_run_10_GoogLeNet,,,1519.639611005783,True,10
8,FedProx,16,0.6981132075471698,0.6907091015679019,0.5834965827470681,0.6971526496871142,0.6981132075471698,25,-1,-1,csv_geosciences/runs/20260416-212502_dataset_slices_sorted_worker_6.csv,dataset_slices_sorted,dataset/dataset_slices_sorted,cuda,5,no_encryption,0.05,30,,,,224,0.0001,5,logs_geosciences/dataset_slices_sorted_run_6_GoogLeNet,GoogLeNet,1,,2,8,2,,geosciences,static/plots_geosciences/dataset_slices_sorted_run_6_GoogLeNet,,run_dataset_geosciences/dataset_slices_sorted_run_6_GoogLeNet,,,1523.2021119594574,True,6
8,FedProx,16,0.6957547169811321,0.688583019260652,0.5975325875124842,0.6931305560774281,0.6957547169811321,27,-1,-1,csv_geosciences/runs/20260416-212858_dataset_slices_sorted_worker_3.csv,dataset_slices_sorted,dataset/dataset_slices_sorted,cuda,5,no_encryption,0.05,30,,,,224,0.0001,5,logs_geosciences/dataset_slices_sorted_run_3_GoogLeNet,GoogLeNet,1,,2,8,4,,geosciences,static/plots_geosciences/dataset_slices_sorted_run_3_GoogLeNet,,run_dataset_geosciences/dataset_slices_sorted_run_3_GoogLeNet,,,1582.9199347496033,True,3
16,FedAvg,16,0.5925925925925926,0.4409991386735573,0.6929420563909743,0.3511659807956104,0.5925925925925926,0,-1,-1,csv_geosciences/runs/20260416-213344_dataset_slices_sorted_worker_7.csv,dataset_slices_sorted,dataset/dataset_slices_sorted,cuda,5,no_encryption,0.0,30,,,,224,0.01,5,logs_geosciences/dataset_slices_sorted_run_7_GoogLeNet,GoogLeNet,1,,2,16,2,,geosciences,static/plots_geosciences/dataset_slices_sorted_run_7_GoogLeNet,,run_dataset_geosciences/dataset_slices_sorted_run_7_GoogLeNet,,,1771.5189654827118,True,7
16,FedAvg,16,0.5925925925925926,0.4409991386735573,0.6896051477502894,0.3511659807956104,0.5925925925925926,0,-1,-1,csv_geosciences/runs/20260416-213631_dataset_slices_sorted_worker_0.csv,dataset_slices_sorted,dataset/dataset_slices_sorted,cuda,5,no_encryption,0.0,30,,,,224,0.01,5,logs_geosciences/dataset_slices_sorted_run_0_GoogLeNet,GoogLeNet,1,,2,16,4,,geosciences,static/plots_geosciences/dataset_slices_sorted_run_0_GoogLeNet,,run_dataset_geosciences/dataset_slices_sorted_run_0_GoogLeNet,,,1842.6978480815887,True,0
16,FedProx,16,0.5925925925925926,0.4409991386735573,0.6772185762723287,0.3511659807956104,0.5925925925925926,1,-1,-1,csv_geosciences/runs/20260416-213752_dataset_slices_sorted_worker_1.csv,dataset_slices_sorted,dataset/dataset_slices_sorted,cuda,5,no_encryption,0.05,30,,,,224,0.01,5,logs_geosciences/dataset_slices_sorted_run_1_GoogLeNet,GoogLeNet,1,,2,16,2,,geosciences,static/plots_geosciences/dataset_slices_sorted_run_1_GoogLeNet,,run_dataset_geosciences/dataset_slices_sorted_run_1_GoogLeNet,,,1799.7513120174408,True,1
16,FedAvg,16,0.7152777777777778,0.7155898292246147,0.592183164631327,0.7480423194271234,0.7152777777777778,28,-1,-1,csv_geosciences/runs/20260416-214840_dataset_slices_sorted_worker_4.csv,dataset_slices_sorted,dataset/dataset_slices_sorted,cuda,5,no_encryption,0.0,30,,,,224,0.001,5,logs_geosciences/dataset_slices_sorted_run_4_GoogLeNet,GoogLeNet,1,,2,16,2,,geosciences,static/plots_geosciences/dataset_slices_sorted_run_4_GoogLeNet,,run_dataset_geosciences/dataset_slices_sorted_run_4_GoogLeNet,,,1743.214332818985,True,4
16,FedProx,16,0.5925925925925926,0.4409991386735573,0.6830426409012742,0.3511659807956104,0.5925925925925926,1,-1,-1,csv_geosciences/runs/20260416-214926_dataset_slices_sorted_worker_9.csv,dataset_slices_sorted,dataset/dataset_slices_sorted,cuda,5,no_encryption,0.05,30,,,,224,0.01,5,logs_geosciences/dataset_slices_sorted_run_9_GoogLeNet,GoogLeNet,1,,2,16,4,,geosciences,static/plots_geosciences/dataset_slices_sorted_run_9_GoogLeNet,,run_dataset_geosciences/dataset_slices_sorted_run_9_GoogLeNet,,,1876.2677972316742,True,9
16,FedAvg,16,0.6550925925925926,0.6516970533457602,0.6242375816735957,0.7072222420777633,0.6550925925925926,24,-1,-1,csv_geosciences/runs/20260416-215145_dataset_slices_sorted_worker_10.csv,dataset_slices_sorted,dataset/dataset_slices_sorted,cuda,5,no_encryption,0.0,30,,,,224,0.001,5,logs_geosciences/dataset_slices_sorted_run_10_GoogLeNet,GoogLeNet,1,,2,16,4,,geosciences,static/plots_geosciences/dataset_slices_sorted_run_10_GoogLeNet,,run_dataset_geosciences/dataset_slices_sorted_run_10_GoogLeNet,,,1820.299650669098,True,10
16,FedProx,16,0.7407407407407407,0.7383313112510763,0.5491998751682264,0.7424920795841203,0.7407407407407407,28,-1,-1,csv_geosciences/runs/20260416-215439_dataset_slices_sorted_worker_6.csv,dataset_slices_sorted,dataset/dataset_slices_sorted,cuda,5,no_encryption,0.05,30,,,,224,0.001,5,logs_geosciences/dataset_slices_sorted_run_6_GoogLeNet,GoogLeNet,1,,2,16,2,,geosciences,static/plots_geosciences/dataset_slices_sorted_run_6_GoogLeNet,,run_dataset_geosciences/dataset_slices_sorted_run_6_GoogLeNet,,,1773.8615200519562,True,6
16,FedProx,16,0.7106481481481481,0.7080624208042304,0.5805096433118537,0.7102761746536472,0.7106481481481481,22,-1,-1,csv_geosciences/runs/20260416-215956_dataset_slices_sorted_worker_3.csv,dataset_slices_sorted,dataset/dataset_slices_sorted,cuda,5,no_encryption,0.05,30,,,,224,0.001,5,logs_geosciences/dataset_slices_sorted_run_3_GoogLeNet,GoogLeNet,1,,2,16,4,,geosciences,static/plots_geosciences/dataset_slices_sorted_run_3_GoogLeNet,,run_dataset_geosciences/dataset_slices_sorted_run_3_GoogLeNet,,,1854.9913141727448,True,3
16,FedAvg,16,0.7175925925925926,0.7078730943862522,0.5776807476800901,0.7190149313461577,0.7175925925925926,27,-1,-1,csv_geosciences/runs/20260416-220227_dataset_slices_sorted_worker_7.csv,dataset_slices_sorted,dataset/dataset_slices_sorted,cuda,5,no_encryption,0.0,30,,,,224,0.0001,5,logs_geosciences/dataset_slices_sorted_run_7_GoogLeNet,GoogLeNet,1,,2,16,2,,geosciences,static/plots_geosciences/dataset_slices_sorted_run_7_GoogLeNet,,run_dataset_geosciences/dataset_slices_sorted_run_7_GoogLeNet,,,1719.9098534584045,True,7
32,FedProx,16,0.5727069351230425,0.4171339473352896,0.682810544167589,0.32804779113503946,0.5727069351230425,1,-1,-1,csv_geosciences/runs/20260416-220542_dataset_slices_sorted_worker_6.csv,dataset_slices_sorted,dataset/dataset_slices_sorted,cuda,5,no_encryption,0.05,30,,,,224,0.01,5,logs_geosciences/dataset_slices_sorted_run_6_GoogLeNet,GoogLeNet,1,,2,32,2,,geosciences,static/plots_geosciences/dataset_slices_sorted_run_6_GoogLeNet,,run_dataset_geosciences/dataset_slices_sorted_run_6_GoogLeNet,,,659.6188077926636,True,6
16,FedAvg,16,0.7175925925925926,0.7175423950090399,0.588820768037328,0.7221308466406505,0.7175925925925926,28,-1,-1,csv_geosciences/runs/20260416-220624_dataset_slices_sorted_worker_0.csv,dataset_slices_sorted,dataset/dataset_slices_sorted,cuda,5,no_encryption,0.0,30,,,,224,0.0001,5,logs_geosciences/dataset_slices_sorted_run_0_GoogLeNet,GoogLeNet,1,,2,16,4,,geosciences,static/plots_geosciences/dataset_slices_sorted_run_0_GoogLeNet,,run_dataset_geosciences/dataset_slices_sorted_run_0_GoogLeNet,,,1789.5711591243744,True,0
16,FedProx,16,0.6967592592592593,0.683203207093816,0.5840766692051181,0.6981308192764376,0.6967592592592593,29,-1,-1,csv_geosciences/runs/20260416-220706_dataset_slices_sorted_worker_1.csv,dataset_slices_sorted,dataset/dataset_slices_sorted,cuda,5,no_encryption,0.05,30,,,,224,0.0001,5,logs_geosciences/dataset_slices_sorted_run_1_GoogLeNet,GoogLeNet,1,,2,16,2,,geosciences,static/plots_geosciences/dataset_slices_sorted_run_1_GoogLeNet,,run_dataset_geosciences/dataset_slices_sorted_run_1_GoogLeNet,,,1751.4509739875793,True,1
32,FedProx,16,0.5727069351230425,0.4171339473352896,0.6917709581537268,0.32804779113503946,0.5727069351230425,0,-1,-1,csv_geosciences/runs/20260416-221140_dataset_slices_sorted_worker_3.csv,dataset_slices_sorted,dataset/dataset_slices_sorted,cuda,5,no_encryption,0.05,30,,,,224,0.01,5,logs_geosciences/dataset_slices_sorted_run_3_GoogLeNet,GoogLeNet,1,,2,32,4,,geosciences,static/plots_geosciences/dataset_slices_sorted_run_3_GoogLeNet,,run_dataset_geosciences/dataset_slices_sorted_run_3_GoogLeNet,,,700.5803117752075,True,3
16,FedProx,16,0.6921296296296297,0.6798294968428483,0.6016200488364255,0.6934514031704004,0.6921296296296297,28,-1,-1,csv_geosciences/runs/20260416-221852_dataset_slices_sorted_worker_4.csv,dataset_slices_sorted,dataset/dataset_slices_sorted,cuda,5,no_encryption,0.05,30,,,,224,0.0001,5,logs_geosciences/dataset_slices_sorted_run_4_GoogLeNet,GoogLeNet,1,,2,16,4,,geosciences,static/plots_geosciences/dataset_slices_sorted_run_4_GoogLeNet,,run_dataset_geosciences/dataset_slices_sorted_run_4_GoogLeNet,,,1808.4980022907257,True,4
32,FedAvg,16,0.5727069351230425,0.4171339473352896,0.6896835702911053,0.32804779113503946,0.5727069351230425,0,-1,-1,csv_geosciences/runs/20260416-222620_dataset_slices_sorted_worker_9.csv,dataset_slices_sorted,dataset/dataset_slices_sorted,cuda,5,no_encryption,0.0,30,,,,224,0.01,5,logs_geosciences/dataset_slices_sorted_run_9_GoogLeNet,GoogLeNet,1,,2,32,2,,geosciences,static/plots_geosciences/dataset_slices_sorted_run_9_GoogLeNet,,run_dataset_geosciences/dataset_slices_sorted_run_9_GoogLeNet,,,2210.186306476593,True,9
32,FedAvg,16,0.5727069351230425,0.4171339473352896,0.6894562131073118,0.32804779113503946,0.5727069351230425,0,-1,-1,csv_geosciences/runs/20260416-223117_dataset_slices_sorted_worker_10.csv,dataset_slices_sorted,dataset/dataset_slices_sorted,cuda,5,no_encryption,0.0,30,,,,224,0.01,5,logs_geosciences/dataset_slices_sorted_run_10_GoogLeNet,GoogLeNet,1,,2,32,4,,geosciences,static/plots_geosciences/dataset_slices_sorted_run_10_GoogLeNet,,run_dataset_geosciences/dataset_slices_sorted_run_10_GoogLeNet,,,2368.2420225143433,True,10
32,FedAvg,16,0.6442953020134228,0.6407477909057064,0.6385802159906767,0.6615898518583083,0.6442953020134228,13,-1,-1,csv_geosciences/runs/20260416-223839_dataset_slices_sorted_worker_7.csv,dataset_slices_sorted,dataset/dataset_slices_sorted,cuda,5,no_encryption,0.0,30,,,,224,0.001,5,logs_geosciences/dataset_slices_sorted_run_7_GoogLeNet,GoogLeNet,1,,2,32,2,,geosciences,static/plots_geosciences/dataset_slices_sorted_run_7_GoogLeNet,,run_dataset_geosciences/dataset_slices_sorted_run_7_GoogLeNet,,,2168.3593940734863,True,7
32,FedProx,16,0.6868008948545862,0.675126679498446,0.606634326429175,0.6988480199889596,0.6868008948545862,20,-1,-1,csv_geosciences/runs/20260416-224323_dataset_slices_sorted_worker_0.csv,dataset_slices_sorted,dataset/dataset_slices_sorted,cuda,5,no_encryption,0.05,30,,,,224,0.001,5,logs_geosciences/dataset_slices_sorted_run_0_GoogLeNet,GoogLeNet,1,,2,32,2,,geosciences,static/plots_geosciences/dataset_slices_sorted_run_0_GoogLeNet,,run_dataset_geosciences/dataset_slices_sorted_run_0_GoogLeNet,,,2214.908999443054,True,0
32,FedAvg,16,0.6219239373601789,0.6156453078877082,0.6609522324280451,0.6524366386782495,0.6219239373601789,8,-1,-1,csv_geosciences/runs/20260416-224423_dataset_slices_sorted_worker_6.csv,dataset_slices_sorted,dataset/dataset_slices_sorted,cuda,5,no_encryption,0.0,30,,,,224,0.001,5,logs_geosciences/dataset_slices_sorted_run_6_GoogLeNet,GoogLeNet,1,,2,32,4,,geosciences,static/plots_geosciences/dataset_slices_sorted_run_6_GoogLeNet,,run_dataset_geosciences/dataset_slices_sorted_run_6_GoogLeNet,,,2318.5027465820312,True,6
32,FedProx,16,0.6756152125279642,0.6659417662347411,0.6107472884041618,0.6849911708972112,0.6756152125279642,25,-1,-1,csv_geosciences/runs/20260416-224650_dataset_slices_sorted_worker_1.csv,dataset_slices_sorted,dataset/dataset_slices_sorted,cuda,5,no_encryption,0.05,30,,,,224,0.001,5,logs_geosciences/dataset_slices_sorted_run_1_GoogLeNet,GoogLeNet,1,,2,32,4,,geosciences,static/plots_geosciences/dataset_slices_sorted_run_1_GoogLeNet,,run_dataset_geosciences/dataset_slices_sorted_run_1_GoogLeNet,,,2380.125667333603,True,1
32,FedAvg,16,0.6442953020134228,0.61824830854066,0.6284330747271544,0.6576260925254214,0.6442953020134228,26,-1,-1,csv_geosciences/runs/20260416-224730_dataset_slices_sorted_worker_3.csv,dataset_slices_sorted,dataset/dataset_slices_sorted,cuda,5,no_encryption,0.0,30,,,,224,0.0001,5,logs_geosciences/dataset_slices_sorted_run_3_GoogLeNet,GoogLeNet,1,,2,32,2,,geosciences,static/plots_geosciences/dataset_slices_sorted_run_3_GoogLeNet,,run_dataset_geosciences/dataset_slices_sorted_run_3_GoogLeNet,,,2146.7147920131683,True,3
32,FedAvg,16,0.6353467561521253,0.6056835833946395,0.6401047881284283,0.6505728673513909,0.6353467561521253,29,-1,-1,csv_geosciences/runs/20260416-225645_dataset_slices_sorted_worker_4.csv,dataset_slices_sorted,dataset/dataset_slices_sorted,cuda,5,no_encryption,0.0,30,,,,224,0.0001,5,logs_geosciences/dataset_slices_sorted_run_4_GoogLeNet,GoogLeNet,1,,2,32,4,,geosciences,static/plots_geosciences/dataset_slices_sorted_run_4_GoogLeNet,,run_dataset_geosciences/dataset_slices_sorted_run_4_GoogLeNet,,,2270.1632857322693,True,4
32,FedProx,16,0.6420581655480985,0.6051172512659827,0.6251900457429139,0.6618389316375894,0.6420581655480985,28,-1,-1,csv_geosciences/runs/20260416-230222_dataset_slices_sorted_worker_9.csv,dataset_slices_sorted,dataset/dataset_slices_sorted,cuda,5,no_encryption,0.05,30,,,,224,0.0001,5,logs_geosciences/dataset_slices_sorted_run_9_GoogLeNet,GoogLeNet,1,,2,32,2,,geosciences,static/plots_geosciences/dataset_slices_sorted_run_9_GoogLeNet,,run_dataset_geosciences/dataset_slices_sorted_run_9_GoogLeNet,,,2158.6615488529205,True,9
32,FedProx,16,0.6196868008948546,0.5493472512547045,0.6497795525813262,0.6027728423701579,0.6196868008948546,28,-1,-1,csv_geosciences/runs/20260416-230931_dataset_slices_sorted_worker_10.csv,dataset_slices_sorted,dataset/dataset_slices_sorted,cuda,5,no_encryption,0.05,30,,,,224,0.0001,5,logs_geosciences/dataset_slices_sorted_run_10_GoogLeNet,GoogLeNet,1,,2,32,4,,geosciences,static/plots_geosciences/dataset_slices_sorted_run_10_GoogLeNet,,run_dataset_geosciences/dataset_slices_sorted_run_10_GoogLeNet,,,2290.866617679596,True,10
2,FedAvg,16,0.5857142857142857,0.43268983268983274,0.6783854041780745,0.3430612244897959,0.5857142857142857,0,-1,-1,csv_geosciences/runs/20260416-234041_dataset_slices_sorted_worker_7.csv,dataset_slices_sorted,dataset/dataset_slices_sorted,cuda,5,no_encryption,0.0,30,,,,224,0.01,10,logs_geosciences/dataset_slices_sorted_run_7_GoogLeNet,GoogLeNet,1,,2,2,2,,geosciences,static/plots_geosciences/dataset_slices_sorted_run_7_GoogLeNet,,run_dataset_geosciences/dataset_slices_sorted_run_7_GoogLeNet,,,3718.663026332855,True,7
2,FedAvg,16,0.5857142857142857,0.43268983268983274,0.6783845367885771,0.3430612244897959,0.5857142857142857,0,-1,-1,csv_geosciences/runs/20260416-234651_dataset_slices_sorted_worker_0.csv,dataset_slices_sorted,dataset/dataset_slices_sorted,cuda,5,no_encryption,0.0,30,,,,224,0.01,10,logs_geosciences/dataset_slices_sorted_run_0_GoogLeNet,GoogLeNet,1,,2,2,4,,geosciences,static/plots_geosciences/dataset_slices_sorted_run_0_GoogLeNet,,run_dataset_geosciences/dataset_slices_sorted_run_0_GoogLeNet,,,3805.1570971012115,True,0
2,FedProx,16,0.5857142857142857,0.43268983268983274,0.6812486043998174,0.3430612244897959,0.5857142857142857,0,-1,-1,csv_geosciences/runs/20260416-234727_dataset_slices_sorted_worker_6.csv,dataset_slices_sorted,dataset/dataset_slices_sorted,cuda,5,no_encryption,0.05,30,,,,224,0.01,10,logs_geosciences/dataset_slices_sorted_run_6_GoogLeNet,GoogLeNet,1,,2,2,2,,geosciences,static/plots_geosciences/dataset_slices_sorted_run_6_GoogLeNet,,run_dataset_geosciences/dataset_slices_sorted_run_6_GoogLeNet,,,3779.9936261177063,True,6
2,FedAvg,16,0.7952380952380952,0.7929632046090587,0.46353066989353725,0.7944784006252977,0.7952380952380952,22,-1,-1,csv_geosciences/runs/20260416-234901_dataset_slices_sorted_worker_3.csv,dataset_slices_sorted,dataset/dataset_slices_sorted,cuda,5,no_encryption,0.0,30,,,,224,0.001,10,logs_geosciences/dataset_slices_sorted_run_3_GoogLeNet,GoogLeNet,1,,2,2,2,,geosciences,static/plots_geosciences/dataset_slices_sorted_run_3_GoogLeNet,,run_dataset_geosciences/dataset_slices_sorted_run_3_GoogLeNet,,,3688.243674993515,True,3
2,FedProx,16,0.5857142857142857,0.43268983268983274,0.6790348030271984,0.3430612244897959,0.5857142857142857,0,-1,-1,csv_geosciences/runs/20260416-235021_dataset_slices_sorted_worker_1.csv,dataset_slices_sorted,dataset/dataset_slices_sorted,cuda,5,no_encryption,0.05,30,,,,224,0.01,10,logs_geosciences/dataset_slices_sorted_run_1_GoogLeNet,GoogLeNet,1,,2,2,4,,geosciences,static/plots_geosciences/dataset_slices_sorted_run_1_GoogLeNet,,run_dataset_geosciences/dataset_slices_sorted_run_1_GoogLeNet,,,3808.235286951065,True,1
2,FedAvg,16,0.7595238095238095,0.7575495222391253,0.5024820296537309,0.7583363567649282,0.7595238095238095,28,-1,-1,csv_geosciences/runs/20260416-235843_dataset_slices_sorted_worker_4.csv,dataset_slices_sorted,dataset/dataset_slices_sorted,cuda,5,no_encryption,0.0,30,,,,224,0.001,10,logs_geosciences/dataset_slices_sorted_run_4_GoogLeNet,GoogLeNet,1,,2,2,4,,geosciences,static/plots_geosciences/dataset_slices_sorted_run_4_GoogLeNet,,run_dataset_geosciences/dataset_slices_sorted_run_4_GoogLeNet,,,3715.1453626155853,True,4
2,FedProx,16,0.75,0.7500867810714226,0.5191876930849892,0.7502593685395866,0.75,29,-1,-1,csv_geosciences/runs/20260417-000457_dataset_slices_sorted_worker_9.csv,dataset_slices_sorted,dataset/dataset_slices_sorted,cuda,5,no_encryption,0.05,30,,,,224,0.001,10,logs_geosciences/dataset_slices_sorted_run_9_GoogLeNet,GoogLeNet,1,,2,2,2,,geosciences,static/plots_geosciences/dataset_slices_sorted_run_9_GoogLeNet,,run_dataset_geosciences/dataset_slices_sorted_run_9_GoogLeNet,,,3752.0107543468475,True,9
2,FedProx,16,0.7119047619047619,0.7025045317072295,0.5518853616146814,0.7133269772555487,0.7119047619047619,29,-1,-1,csv_geosciences/runs/20260417-001304_dataset_slices_sorted_worker_10.csv,dataset_slices_sorted,dataset/dataset_slices_sorted,cuda,5,no_encryption,0.05,30,,,,224,0.001,10,logs_geosciences/dataset_slices_sorted_run_10_GoogLeNet,GoogLeNet,1,,2,2,4,,geosciences,static/plots_geosciences/dataset_slices_sorted_run_10_GoogLeNet,,run_dataset_geosciences/dataset_slices_sorted_run_10_GoogLeNet,,,3810.139682531357,True,10
4,FedProx,16,0.5904761904761905,0.4384374108925007,0.6824400646345956,0.34866213151927433,0.5904761904761905,0,-1,-1,csv_geosciences/runs/20260417-002608_dataset_slices_sorted_worker_9.csv,dataset_slices_sorted,dataset/dataset_slices_sorted,cuda,5,no_encryption,0.05,30,,,,224,0.01,10,logs_geosciences/dataset_slices_sorted_run_9_GoogLeNet,GoogLeNet,1,,2,4,2,,geosciences,static/plots_geosciences/dataset_slices_sorted_run_9_GoogLeNet,,run_dataset_geosciences/dataset_slices_sorted_run_9_GoogLeNet,,,1267.9968874454498,True,9
4,FedAvg,16,0.5904761904761905,0.4384374108925007,0.6790434019906181,0.34866213151927433,0.5904761904761905,0,-1,-1,csv_geosciences/runs/20260417-002829_dataset_slices_sorted_worker_1.csv,dataset_slices_sorted,dataset/dataset_slices_sorted,cuda,5,no_encryption,0.0,30,,,,224,0.01,10,logs_geosciences/dataset_slices_sorted_run_1_GoogLeNet,GoogLeNet,1,,2,4,2,,geosciences,static/plots_geosciences/dataset_slices_sorted_run_1_GoogLeNet,,run_dataset_geosciences/dataset_slices_sorted_run_1_GoogLeNet,,,2284.2962250709534,True,1
4,FedAvg,16,0.5904761904761905,0.4384374108925007,0.6766847599120367,0.34866213151927433,0.5904761904761905,0,-1,-1,csv_geosciences/runs/20260417-003757_dataset_slices_sorted_worker_4.csv,dataset_slices_sorted,dataset/dataset_slices_sorted,cuda,5,no_encryption,0.0,30,,,,224,0.01,10,logs_geosciences/dataset_slices_sorted_run_4_GoogLeNet,GoogLeNet,1,,2,4,4,,geosciences,static/plots_geosciences/dataset_slices_sorted_run_4_GoogLeNet,,run_dataset_geosciences/dataset_slices_sorted_run_4_GoogLeNet,,,2351.093237876892,True,4
2,FedAvg,16,0.7904761904761904,0.7898697470850179,0.45947172953968957,0.7897387705076312,0.7904761904761904,26,-1,-1,csv_geosciences/runs/20260417-004458_dataset_slices_sorted_worker_7.csv,dataset_slices_sorted,dataset/dataset_slices_sorted,cuda,5,no_encryption,0.0,30,,,,224,0.0001,10,logs_geosciences/dataset_slices_sorted_run_7_GoogLeNet,GoogLeNet,1,,2,2,2,,geosciences,static/plots_geosciences/dataset_slices_sorted_run_7_GoogLeNet,,run_dataset_geosciences/dataset_slices_sorted_run_7_GoogLeNet,,,3854.165457725525,True,7
2,FedAvg,16,0.8285714285714286,0.8277417564428369,0.40606450991971155,0.8284943540066491,0.8285714285714286,29,-1,-1,csv_geosciences/runs/20260417-005121_dataset_slices_sorted_worker_0.csv,dataset_slices_sorted,dataset/dataset_slices_sorted,cuda,5,no_encryption,0.0,30,,,,224,0.0001,10,logs_geosciences/dataset_slices_sorted_run_0_GoogLeNet,GoogLeNet,1,,2,2,4,,geosciences,static/plots_geosciences/dataset_slices_sorted_run_0_GoogLeNet,,run_dataset_geosciences/dataset_slices_sorted_run_0_GoogLeNet,,,3867.1369206905365,True,0
2,FedProx,16,0.7690476190476191,0.7676077711884925,0.49858614106973015,0.768363539445629,0.7690476190476191,20,-1,-1,csv_geosciences/runs/20260417-005216_dataset_slices_sorted_worker_6.csv,dataset_slices_sorted,dataset/dataset_slices_sorted,cuda,5,no_encryption,0.05,30,,,,224,0.0001,10,logs_geosciences/dataset_slices_sorted_run_6_GoogLeNet,GoogLeNet,1,,2,2,2,,geosciences,static/plots_geosciences/dataset_slices_sorted_run_6_GoogLeNet,,run_dataset_geosciences/dataset_slices_sorted_run_6_GoogLeNet,,,3885.6007437705994,True,6
4,FedProx,16,0.5904761904761905,0.4384374108925007,0.6784006056331453,0.34866213151927433,0.5904761904761905,0,-1,-1,csv_geosciences/runs/20260417-005341_dataset_slices_sorted_worker_10.csv,dataset_slices_sorted,dataset/dataset_slices_sorted,cuda,5,no_encryption,0.05,30,,,,224,0.01,10,logs_geosciences/dataset_slices_sorted_run_10_GoogLeNet,GoogLeNet,1,,2,4,4,,geosciences,static/plots_geosciences/dataset_slices_sorted_run_10_GoogLeNet,,run_dataset_geosciences/dataset_slices_sorted_run_10_GoogLeNet,,,2433.182344198227,True,10
2,FedProx,16,0.7833333333333333,0.7842296511005091,0.4676863051596142,0.7872978071911413,0.7833333333333333,29,-1,-1,csv_geosciences/runs/20260417-005431_dataset_slices_sorted_worker_3.csv,dataset_slices_sorted,dataset/dataset_slices_sorted,cuda,5,no_encryption,0.05,30,,,,224,0.0001,10,logs_geosciences/dataset_slices_sorted_run_3_GoogLeNet,GoogLeNet,1,,2,2,4,,geosciences,static/plots_geosciences/dataset_slices_sorted_run_3_GoogLeNet,,run_dataset_geosciences/dataset_slices_sorted_run_3_GoogLeNet,,,3926.5393919944763,True,3
4,FedAvg,16,0.7738095238095238,0.7720380991523917,0.4875178393153917,0.7730577895172094,0.7738095238095238,28,-1,-1,csv_geosciences/runs/20260417-010606_dataset_slices_sorted_worker_9.csv,dataset_slices_sorted,dataset/dataset_slices_sorted,cuda,5,no_encryption,0.0,30,,,,224,0.001,10,logs_geosciences/dataset_slices_sorted_run_9_GoogLeNet,GoogLeNet,1,,2,4,2,,geosciences,static/plots_geosciences/dataset_slices_sorted_run_9_GoogLeNet,,run_dataset_geosciences/dataset_slices_sorted_run_9_GoogLeNet,,,2395.271569252014,True,9
4,FedAvg,16,0.7166666666666667,0.715404907049251,0.5676239125785374,0.7181266411184443,0.7166666666666667,20,-1,-1,csv_geosciences/runs/20260417-010938_dataset_slices_sorted_worker_1.csv,dataset_slices_sorted,dataset/dataset_slices_sorted,cuda,5,no_encryption,0.0,30,,,,224,0.001,10,logs_geosciences/dataset_slices_sorted_run_1_GoogLeNet,GoogLeNet,1,,2,4,4,,geosciences,static/plots_geosciences/dataset_slices_sorted_run_1_GoogLeNet,,run_dataset_geosciences/dataset_slices_sorted_run_1_GoogLeNet,,,2465.768387079239,True,1
4,FedProx,16,0.7476190476190476,0.7477713870058166,0.5172617910873323,0.7486671602708816,0.7476190476190476,25,-1,-1,csv_geosciences/runs/20260417-011958_dataset_slices_sorted_worker_4.csv,dataset_slices_sorted,dataset/dataset_slices_sorted,cuda,5,no_encryption,0.05,30,,,,224,0.001,10,logs_geosciences/dataset_slices_sorted_run_4_GoogLeNet,GoogLeNet,1,,2,4,2,,geosciences,static/plots_geosciences/dataset_slices_sorted_run_4_GoogLeNet,,run_dataset_geosciences/dataset_slices_sorted_run_4_GoogLeNet,,,2517.715871810913,True,4
4,FedProx,16,0.7380952380952381,0.7307242359908016,0.5401972127812249,0.7388181818181818,0.7380952380952381,28,-1,-1,csv_geosciences/runs/20260417-012832_dataset_slices_sorted_worker_7.csv,dataset_slices_sorted,dataset/dataset_slices_sorted,cuda,5,no_encryption,0.05,30,,,,224,0.001,10,logs_geosciences/dataset_slices_sorted_run_7_GoogLeNet,GoogLeNet,1,,2,4,4,,geosciences,static/plots_geosciences/dataset_slices_sorted_run_7_GoogLeNet,,run_dataset_geosciences/dataset_slices_sorted_run_7_GoogLeNet,,,2610.1960513591766,True,7
4,FedAvg,16,0.7690476190476191,0.7677726260422868,0.461149857654458,0.7678667387345524,0.7690476190476191,29,-1,-1,csv_geosciences/runs/20260417-013336_dataset_slices_sorted_worker_0.csv,dataset_slices_sorted,dataset/dataset_slices_sorted,cuda,5,no_encryption,0.0,30,,,,224,0.0001,10,logs_geosciences/dataset_slices_sorted_run_0_GoogLeNet,GoogLeNet,1,,2,4,2,,geosciences,static/plots_geosciences/dataset_slices_sorted_run_0_GoogLeNet,,run_dataset_geosciences/dataset_slices_sorted_run_0_GoogLeNet,,,2531.514187335968,True,0
4,FedAvg,16,0.7690476190476191,0.7707386066543991,0.47912136067946753,0.7805328698721408,0.7690476190476191,23,-1,-1,csv_geosciences/runs/20260417-013509_dataset_slices_sorted_worker_6.csv,dataset_slices_sorted,dataset/dataset_slices_sorted,cuda,5,no_encryption,0.0,30,,,,224,0.0001,10,logs_geosciences/dataset_slices_sorted_run_6_GoogLeNet,GoogLeNet,1,,2,4,4,,geosciences,static/plots_geosciences/dataset_slices_sorted_run_6_GoogLeNet,,run_dataset_geosciences/dataset_slices_sorted_run_6_GoogLeNet,,,2570.141560792923,True,6
4,FedProx,16,0.7428571428571429,0.743326151665565,0.5008487560919352,0.7445199716679634,0.7428571428571429,27,-1,-1,csv_geosciences/runs/20260417-013655_dataset_slices_sorted_worker_10.csv,dataset_slices_sorted,dataset/dataset_slices_sorted,cuda,5,no_encryption,0.05,30,,,,224,0.0001,10,logs_geosciences/dataset_slices_sorted_run_10_GoogLeNet,GoogLeNet,1,,2,4,2,,geosciences,static/plots_geosciences/dataset_slices_sorted_run_10_GoogLeNet,,run_dataset_geosciences/dataset_slices_sorted_run_10_GoogLeNet,,,2590.8020322322845,True,10
4,FedProx,16,0.7452380952380953,0.7444514534392498,0.49877533884275527,0.7452266351440295,0.7452380952380953,26,-1,-1,csv_geosciences/runs/20260417-013828_dataset_slices_sorted_worker_3.csv,dataset_slices_sorted,dataset/dataset_slices_sorted,cuda,5,no_encryption,0.05,30,,,,224,0.0001,10,logs_geosciences/dataset_slices_sorted_run_3_GoogLeNet,GoogLeNet,1,,2,4,4,,geosciences,static/plots_geosciences/dataset_slices_sorted_run_3_GoogLeNet,,run_dataset_geosciences/dataset_slices_sorted_run_3_GoogLeNet,,,2633.7198235988617,True,3
8,FedAvg,16,0.5849056603773585,0.4317160826594789,0.6829954644419113,0.3421146315414738,0.5849056603773585,0,-1,-1,csv_geosciences/runs/20260417-014743_dataset_slices_sorted_worker_9.csv,dataset_slices_sorted,dataset/dataset_slices_sorted,cuda,5,no_encryption,0.0,30,,,,224,0.01,10,logs_geosciences/dataset_slices_sorted_run_9_GoogLeNet,GoogLeNet,1,,2,8,2,,geosciences,static/plots_geosciences/dataset_slices_sorted_run_9_GoogLeNet,,run_dataset_geosciences/dataset_slices_sorted_run_9_GoogLeNet,,,2493.0185713768005,True,9
8,FedAvg,16,0.5849056603773585,0.4317160826594789,0.6786590994529005,0.3421146315414738,0.5849056603773585,0,-1,-1,csv_geosciences/runs/20260417-015240_dataset_slices_sorted_worker_1.csv,dataset_slices_sorted,dataset/dataset_slices_sorted,cuda,5,no_encryption,0.0,30,,,,224,0.01,10,logs_geosciences/dataset_slices_sorted_run_1_GoogLeNet,GoogLeNet,1,,2,8,4,,geosciences,static/plots_geosciences/dataset_slices_sorted_run_1_GoogLeNet,,run_dataset_geosciences/dataset_slices_sorted_run_1_GoogLeNet,,,2579.347910642624,True,1
8,FedProx,16,0.5849056603773585,0.4317160826594789,0.6800590461155154,0.3421146315414738,0.5849056603773585,0,-1,-1,csv_geosciences/runs/20260417-015558_dataset_slices_sorted_worker_7.csv,dataset_slices_sorted,dataset/dataset_slices_sorted,cuda,5,no_encryption,0.05,30,,,,224,0.01,10,logs_geosciences/dataset_slices_sorted_run_7_GoogLeNet,GoogLeNet,1,,2,8,4,,geosciences,static/plots_geosciences/dataset_slices_sorted_run_7_GoogLeNet,,run_dataset_geosciences/dataset_slices_sorted_run_7_GoogLeNet,,,1642.9578793048859,True,7
8,FedProx,16,0.5849056603773585,0.4317160826594789,0.691161184940698,0.3421146315414738,0.5849056603773585,0,-1,-1,csv_geosciences/runs/20260417-020331_dataset_slices_sorted_worker_4.csv,dataset_slices_sorted,dataset/dataset_slices_sorted,cuda,5,no_encryption,0.05,30,,,,224,0.01,10,logs_geosciences/dataset_slices_sorted_run_4_GoogLeNet,GoogLeNet,1,,2,8,2,,geosciences,static/plots_geosciences/dataset_slices_sorted_run_4_GoogLeNet,,run_dataset_geosciences/dataset_slices_sorted_run_4_GoogLeNet,,,2609.2364196777344,True,4
8,FedAvg,16,0.7523584905660378,0.7525055708544618,0.5137237967606986,0.7580763759301495,0.7523584905660378,27,-1,-1,csv_geosciences/runs/20260417-021626_dataset_slices_sorted_worker_0.csv,dataset_slices_sorted,dataset/dataset_slices_sorted,cuda,5,no_encryption,0.0,30,,,,224,0.001,10,logs_geosciences/dataset_slices_sorted_run_0_GoogLeNet,GoogLeNet,1,,2,8,2,,geosciences,static/plots_geosciences/dataset_slices_sorted_run_0_GoogLeNet,,run_dataset_geosciences/dataset_slices_sorted_run_0_GoogLeNet,,,2566.8652777671814,True,0
8,FedAvg,16,0.6981132075471698,0.6994379925205708,0.5792794262744346,0.7093139372856355,0.6981132075471698,26,-1,-1,csv_geosciences/runs/20260417-021858_dataset_slices_sorted_worker_6.csv,dataset_slices_sorted,dataset/dataset_slices_sorted,cuda,5,no_encryption,0.0,30,,,,224,0.001,10,logs_geosciences/dataset_slices_sorted_run_6_GoogLeNet,GoogLeNet,1,,2,8,4,,geosciences,static/plots_geosciences/dataset_slices_sorted_run_6_GoogLeNet,,run_dataset_geosciences/dataset_slices_sorted_run_6_GoogLeNet,,,2625.6516337394714,True,6
8,FedProx,16,0.75,0.7476899338925929,0.48041003218518114,0.7516208508779946,0.75,28,-1,-1,csv_geosciences/runs/20260417-022053_dataset_slices_sorted_worker_10.csv,dataset_slices_sorted,dataset/dataset_slices_sorted,cuda,5,no_encryption,0.05,30,,,,224,0.001,10,logs_geosciences/dataset_slices_sorted_run_10_GoogLeNet,GoogLeNet,1,,2,8,2,,geosciences,static/plots_geosciences/dataset_slices_sorted_run_10_GoogLeNet,,run_dataset_geosciences/dataset_slices_sorted_run_10_GoogLeNet,,,2635.3003878593445,True,10
8,FedProx,16,0.714622641509434,0.7163866171003567,0.5562263644247685,0.732805046407844,0.714622641509434,21,-1,-1,csv_geosciences/runs/20260417-022425_dataset_slices_sorted_worker_3.csv,dataset_slices_sorted,dataset/dataset_slices_sorted,cuda,5,no_encryption,0.05,30,,,,224,0.001,10,logs_geosciences/dataset_slices_sorted_run_3_GoogLeNet,GoogLeNet,1,,2,8,4,,geosciences,static/plots_geosciences/dataset_slices_sorted_run_3_GoogLeNet,,run_dataset_geosciences/dataset_slices_sorted_run_3_GoogLeNet,,,2754.117547750473,True,3
8,FedAvg,16,0.7452830188679245,0.7426492306938206,0.5074890285449208,0.7485650543918875,0.7452830188679245,29,-1,-1,csv_geosciences/runs/20260417-023049_dataset_slices_sorted_worker_9.csv,dataset_slices_sorted,dataset/dataset_slices_sorted,cuda,5,no_encryption,0.0,30,,,,224,0.0001,10,logs_geosciences/dataset_slices_sorted_run_9_GoogLeNet,GoogLeNet,1,,2,8,2,,geosciences,static/plots_geosciences/dataset_slices_sorted_run_9_GoogLeNet,,run_dataset_geosciences/dataset_slices_sorted_run_9_GoogLeNet,,,2582.7730016708374,True,9
8,FedAvg,16,0.7617924528301887,0.7624775812942991,0.4950835490774996,0.7867097281848084,0.7617924528301887,29,-1,-1,csv_geosciences/runs/20260417-023651_dataset_slices_sorted_worker_1.csv,dataset_slices_sorted,dataset/dataset_slices_sorted,cuda,5,no_encryption,0.0,30,,,,224,0.0001,10,logs_geosciences/dataset_slices_sorted_run_1_GoogLeNet,GoogLeNet,1,,2,8,4,,geosciences,static/plots_geosciences/dataset_slices_sorted_run_1_GoogLeNet,,run_dataset_geosciences/dataset_slices_sorted_run_1_GoogLeNet,,,2647.545751094818,True,1
8,FedProx,16,0.7311320754716981,0.7260199474984521,0.5291447914996237,0.7336590057448004,0.7311320754716981,29,-1,-1,csv_geosciences/runs/20260417-024016_dataset_slices_sorted_worker_7.csv,dataset_slices_sorted,dataset/dataset_slices_sorted,cuda,5,no_encryption,0.05,30,,,,224,0.0001,10,logs_geosciences/dataset_slices_sorted_run_7_GoogLeNet,GoogLeNet,1,,2,8,2,,geosciences,static/plots_geosciences/dataset_slices_sorted_run_7_GoogLeNet,,run_dataset_geosciences/dataset_slices_sorted_run_7_GoogLeNet,,,2655.487573623657,True,7
8,FedProx,16,0.7240566037735849,0.7235030263756284,0.532318697433989,0.7260032861704115,0.7240566037735849,28,-1,-1,csv_geosciences/runs/20260417-024913_dataset_slices_sorted_worker_4.csv,dataset_slices_sorted,dataset/dataset_slices_sorted,cuda,5,no_encryption,0.05,30,,,,224,0.0001,10,logs_geosciences/dataset_slices_sorted_run_4_GoogLeNet,GoogLeNet,1,,2,8,4,,geosciences,static/plots_geosciences/dataset_slices_sorted_run_4_GoogLeNet,,run_dataset_geosciences/dataset_slices_sorted_run_4_GoogLeNet,,,2739.368991136551,True,4
2,FedAvg,16,0.5523809523809524,0.39310546304411337,0.9645008893240066,0.305124716553288,0.5523809523809524,0,-1,-1,csv_MSIDomino11\runs\20260515-194918_dataset_multy_sorted_worker_0.csv,dataset_multy_sorted,dataset/dataset_multy_sorted,cuda,5,no_encryption,0.0,5,[],N/A,4,224,0.001,2,logs_MSIDomino11\dataset_multy_sorted_run_0_GoogLeNet,GoogLeNet,1,100,3,2,4,2,MSIDomino11,static/plots_MSIDomino11\dataset_multy_sorted_run_0_GoogLeNet,1800,run_dataset_MSIDomino11\dataset_multy_sorted_run_0_GoogLeNet,8779083388:AAE9m7dlXSm2ql1kYsqcwcNy34pNYUSYFuo,139781098,3811.231967687607,True,0
2,FedAvg,16,0.6357142857142857,0.593218990236534,0.8343413795743669,0.5665751027525221,0.6357142857142857,2,-1,-1,csv_MSIDomino11\runs\20260515-194906_dataset_multy_sorted_worker_1.csv,dataset_multy_sorted,dataset/dataset_multy_sorted,cuda,5,no_encryption,0.0,5,[],N/A,4,224,0.001,2,logs_MSIDomino11\dataset_multy_sorted_run_1_GoogLeNet,GoogLeNet,1,100,3,2,2,2,MSIDomino11,static/plots_MSIDomino11\dataset_multy_sorted_run_1_GoogLeNet,1800,run_dataset_MSIDomino11\dataset_multy_sorted_run_1_GoogLeNet,8779083388:AAE9m7dlXSm2ql1kYsqcwcNy34pNYUSYFuo,139781098,3799.8502702713013,True,1
2,FedProx,16,0.5523809523809524,0.39310546304411337,0.9390255933716184,0.305124716553288,0.5523809523809524,0,-1,-1,csv_MSIDomino11\runs\20260515-223305_dataset_multy_sorted_worker_1.csv,dataset_multy_sorted,dataset/dataset_multy_sorted,cuda,5,no_encryption,0.05,5,[],N/A,4,224,0.001,2,logs_MSIDomino11\dataset_multy_sorted_run_1_GoogLeNet,GoogLeNet,1,100,3,2,4,2,MSIDomino11,static/plots_MSIDomino11\dataset_multy_sorted_run_1_GoogLeNet,1800,run_dataset_MSIDomino11\dataset_multy_sorted_run_1_GoogLeNet,8779083388:AAE9m7dlXSm2ql1kYsqcwcNy34pNYUSYFuo,139781098,3857.569084405899,True,1
2,FedProx,16,0.638095238095238,0.6037591550734408,0.8508825977643331,0.5741112086625695,0.638095238095238,3,-1,-1,csv_MSIDomino11\runs\20260515-223305_dataset_multy_sorted_worker_0.csv,dataset_multy_sorted,dataset/dataset_multy_sorted,cuda,5,no_encryption,0.05,5,[],N/A,4,224,0.001,2,logs_MSIDomino11\dataset_multy_sorted_run_0_GoogLeNet,GoogLeNet,1,100,3,2,2,2,MSIDomino11,static/plots_MSIDomino11\dataset_multy_sorted_run_0_GoogLeNet,1800,run_dataset_MSIDomino11\dataset_multy_sorted_run_0_GoogLeNet,8779083388:AAE9m7dlXSm2ql1kYsqcwcNy34pNYUSYFuo,139781098,3857.5477499961853,True,0
4,FedAvg,16,0.6285714285714286,0.5647539172997383,0.8469811831201826,0.5701379387109616,0.6285714285714286,4,-1,-1,csv_MSIDomino11\runs\20260515-231658_dataset_multy_sorted_worker_1.csv,dataset_multy_sorted,dataset/dataset_multy_sorted,cuda,5,no_encryption,0.0,5,[],N/A,4,224,0.001,2,logs_MSIDomino11\dataset_multy_sorted_run_1_GoogLeNet,GoogLeNet,1,100,3,4,2,2,MSIDomino11,static/plots_MSIDomino11\dataset_multy_sorted_run_1_GoogLeNet,1800,run_dataset_MSIDomino11\dataset_multy_sorted_run_1_GoogLeNet,8779083388:AAE9m7dlXSm2ql1kYsqcwcNy34pNYUSYFuo,139781098,2629.2283165454865,True,1
16,FedAvg,16,0.5555555555555556,0.39682539682539686,0.9521565172407362,0.308641975308642,0.5555555555555556,0,-1,-1,csv_MSIDomino11\runs\20260515-235859_dataset_multy_sorted_worker_0.csv,dataset_multy_sorted,dataset/dataset_multy_sorted,cuda,5,no_encryption,0.0,5,[],N/A,4,224,0.001,2,logs_MSIDomino11\dataset_multy_sorted_run_0_GoogLeNet,GoogLeNet,1,100,3,16,2,2,MSIDomino11,static/plots_MSIDomino11\dataset_multy_sorted_run_0_GoogLeNet,1800,run_dataset_MSIDomino11\dataset_multy_sorted_run_0_GoogLeNet,8779083388:AAE9m7dlXSm2ql1kYsqcwcNy34pNYUSYFuo,139781098,3597.000237941742,True,0
16,FedAvg,16,0.5555555555555556,0.39682539682539686,1.0175385450323422,0.308641975308642,0.5555555555555556,0,-1,-1,csv_MSIDomino11\runs\20260516-002510_dataset_multy_sorted_worker_1.csv,dataset_multy_sorted,dataset/dataset_multy_sorted,cuda,5,no_encryption,0.0,5,[],N/A,4,224,0.001,2,logs_MSIDomino11\dataset_multy_sorted_run_1_GoogLeNet,GoogLeNet,1,100,3,16,4,2,MSIDomino11,static/plots_MSIDomino11\dataset_multy_sorted_run_1_GoogLeNet,1800,run_dataset_MSIDomino11\dataset_multy_sorted_run_1_GoogLeNet,8779083388:AAE9m7dlXSm2ql1kYsqcwcNy34pNYUSYFuo,139781098,4086.3309586048126,True,1
16,FedProx,16,0.5509259259259259,0.5192058266791767,0.9705145687416747,0.4963966741104899,0.5509259259259259,1,-1,-1,csv_MSIDomino11\runs\20260516-010526_dataset_multy_sorted_worker_0.csv,dataset_multy_sorted,dataset/dataset_multy_sorted,cuda,5,no_encryption,0.05,5,[],N/A,4,224,0.001,2,logs_MSIDomino11\dataset_multy_sorted_run_0_GoogLeNet,GoogLeNet,1,100,3,16,2,2,MSIDomino11,static/plots_MSIDomino11\dataset_multy_sorted_run_0_GoogLeNet,1800,run_dataset_MSIDomino11\dataset_multy_sorted_run_0_GoogLeNet,8779083388:AAE9m7dlXSm2ql1kYsqcwcNy34pNYUSYFuo,139781098,3983.3949630260468,True,0
16,FedProx,16,0.5578703703703703,0.4015969802555169,0.9867006509944245,0.33021723646723655,0.5578703703703703,0,-1,-1,csv_MSIDomino11\runs\20260516-012744_dataset_multy_sorted_worker_1.csv,dataset_multy_sorted,dataset/dataset_multy_sorted,cuda,5,no_encryption,0.05,5,[],N/A,4,224,0.001,2,logs_MSIDomino11\dataset_multy_sorted_run_1_GoogLeNet,GoogLeNet,1,100,3,16,4,2,MSIDomino11,static/plots_MSIDomino11\dataset_multy_sorted_run_1_GoogLeNet,1800,run_dataset_MSIDomino11\dataset_multy_sorted_run_1_GoogLeNet,8779083388:AAE9m7dlXSm2ql1kYsqcwcNy34pNYUSYFuo,139781098,3749.2349786758423,True,1
32,FedAvg,16,0.5685393258426966,0.4121961184882533,0.910632714126887,0.32332386714409184,0.5685393258426966,0,-1,-1,csv_MSIDomino11\runs\20260516-021829_dataset_multy_sorted_worker_0.csv,dataset_multy_sorted,dataset/dataset_multy_sorted,cuda,5,no_encryption,0.0,5,[],N/A,4,224,0.001,2,logs_MSIDomino11\dataset_multy_sorted_run_0_GoogLeNet,GoogLeNet,1,100,3,32,2,2,MSIDomino11,static/plots_MSIDomino11\dataset_multy_sorted_run_0_GoogLeNet,1800,run_dataset_MSIDomino11\dataset_multy_sorted_run_0_GoogLeNet,8779083388:AAE9m7dlXSm2ql1kYsqcwcNy34pNYUSYFuo,139781098,4377.725946187973,True,0
32,FedAvg,16,0.5685393258426966,0.4121961184882533,0.9271509321887842,0.32332386714409184,0.5685393258426966,1,-1,-1,csv_MSIDomino11\runs\20260516-024114_dataset_multy_sorted_worker_1.csv,dataset_multy_sorted,dataset/dataset_multy_sorted,cuda,5,no_encryption,0.0,5,[],N/A,4,224,0.001,2,logs_MSIDomino11\dataset_multy_sorted_run_1_GoogLeNet,GoogLeNet,1,100,3,32,4,2,MSIDomino11,static/plots_MSIDomino11\dataset_multy_sorted_run_1_GoogLeNet,1800,run_dataset_MSIDomino11\dataset_multy_sorted_run_1_GoogLeNet,8779083388:AAE9m7dlXSm2ql1kYsqcwcNy34pNYUSYFuo,139781098,4405.897222042084,True,1
32,FedProx,16,0.5707865168539326,0.4813735399003427,0.9336259517776833,0.4764662179268921,0.5707865168539326,1,-1,-1,csv_MSIDomino11\runs\20260516-032825_dataset_multy_sorted_worker_0.csv,dataset_multy_sorted,dataset/dataset_multy_sorted,cuda,5,no_encryption,0.05,5,[],N/A,4,224,0.001,2,logs_MSIDomino11\dataset_multy_sorted_run_0_GoogLeNet,GoogLeNet,1,100,3,32,2,2,MSIDomino11,static/plots_MSIDomino11\dataset_multy_sorted_run_0_GoogLeNet,1800,run_dataset_MSIDomino11\dataset_multy_sorted_run_0_GoogLeNet,8779083388:AAE9m7dlXSm2ql1kYsqcwcNy34pNYUSYFuo,139781098,4188.441295862198,True,0
32,FedProx,16,0.5685393258426966,0.4121961184882533,0.9203031933709477,0.32332386714409184,0.5685393258426966,0,-1,-1,csv_MSIDomino11\runs\20260516-035041_dataset_multy_sorted_worker_1.csv,dataset_multy_sorted,dataset/dataset_multy_sorted,cuda,5,no_encryption,0.05,5,[],N/A,4,224,0.001,2,logs_MSIDomino11\dataset_multy_sorted_run_1_GoogLeNet,GoogLeNet,1,100,3,32,4,2,MSIDomino11,static/plots_MSIDomino11\dataset_multy_sorted_run_1_GoogLeNet,1800,run_dataset_MSIDomino11\dataset_multy_sorted_run_1_GoogLeNet,8779083388:AAE9m7dlXSm2ql1kYsqcwcNy34pNYUSYFuo,139781098,4161.965849161148,True,1
2,FedAvg,16,0.6547619047619048,0.6205260034518434,0.782289203008016,0.5905019127817415,0.6547619047619048,2,-1,-1,csv_MSIDomino11\runs\20260516-054524_dataset_multy_sorted_worker_0.csv,dataset_multy_sorted,dataset/dataset_multy_sorted,cuda,5,no_encryption,0.0,5,[],N/A,4,224,0.001,5,logs_MSIDomino11\dataset_multy_sorted_run_0_GoogLeNet,GoogLeNet,1,100,3,2,2,2,MSIDomino11,static/plots_MSIDomino11\dataset_multy_sorted_run_0_GoogLeNet,1800,run_dataset_MSIDomino11\dataset_multy_sorted_run_0_GoogLeNet,8779083388:AAE9m7dlXSm2ql1kYsqcwcNy34pNYUSYFuo,139781098,8213.437868356705,True,0
2,FedAvg,16,0.6238095238095238,0.5933386122652599,0.8210842728614807,0.5665848746778868,0.6238095238095238,4,-1,-1,csv_MSIDomino11\runs\20260516-060035_dataset_multy_sorted_worker_1.csv,dataset_multy_sorted,dataset/dataset_multy_sorted,cuda,5,no_encryption,0.0,5,[],N/A,4,224,0.001,5,logs_MSIDomino11\dataset_multy_sorted_run_1_GoogLeNet,GoogLeNet,1,100,3,2,4,2,MSIDomino11,static/plots_MSIDomino11\dataset_multy_sorted_run_1_GoogLeNet,1800,run_dataset_MSIDomino11\dataset_multy_sorted_run_1_GoogLeNet,8779083388:AAE9m7dlXSm2ql1kYsqcwcNy34pNYUSYFuo,139781098,7786.491258144379,True,1
2,FedProx,16,0.65,0.6045921454887039,0.7640848852339245,0.6602681178910722,0.65,4,-1,-1,csv_MSIDomino11\runs\20260516-075205_dataset_multy_sorted_worker_0.csv,dataset_multy_sorted,dataset/dataset_multy_sorted,cuda,5,no_encryption,0.05,5,[],N/A,4,224,0.001,5,logs_MSIDomino11\dataset_multy_sorted_run_0_GoogLeNet,GoogLeNet,1,100,3,2,2,2,MSIDomino11,static/plots_MSIDomino11\dataset_multy_sorted_run_0_GoogLeNet,1800,run_dataset_MSIDomino11\dataset_multy_sorted_run_0_GoogLeNet,8779083388:AAE9m7dlXSm2ql1kYsqcwcNy34pNYUSYFuo,139781098,7595.697854757309,True,0
2,FedProx,16,0.5523809523809524,0.39310546304411337,0.978924434525626,0.305124716553288,0.5523809523809524,0,-1,-1,csv_MSIDomino11\runs\20260516-081612_dataset_multy_sorted_worker_1.csv,dataset_multy_sorted,dataset/dataset_multy_sorted,cuda,5,no_encryption,0.05,5,[],N/A,4,224,0.001,5,logs_MSIDomino11\dataset_multy_sorted_run_1_GoogLeNet,GoogLeNet,1,100,3,2,4,2,MSIDomino11,static/plots_MSIDomino11\dataset_multy_sorted_run_1_GoogLeNet,1800,run_dataset_MSIDomino11\dataset_multy_sorted_run_1_GoogLeNet,8779083388:AAE9m7dlXSm2ql1kYsqcwcNy34pNYUSYFuo,139781098,8130.863495111465,True,1
4,FedAvg,16,0.6452380952380953,0.5964351390213788,0.8320506618136452,0.5802858627458014,0.6452380952380953,2,-1,-1,csv_MSIDomino11\runs\20260516-094801_dataset_multy_sorted_worker_0.csv,dataset_multy_sorted,dataset/dataset_multy_sorted,cuda,5,no_encryption,0.0,5,[],N/A,4,224,0.001,5,logs_MSIDomino11\dataset_multy_sorted_run_0_GoogLeNet,GoogLeNet,1,100,3,4,2,2,MSIDomino11,static/plots_MSIDomino11\dataset_multy_sorted_run_0_GoogLeNet,1800,run_dataset_MSIDomino11\dataset_multy_sorted_run_0_GoogLeNet,8779083388:AAE9m7dlXSm2ql1kYsqcwcNy34pNYUSYFuo,139781098,6950.674409389496,True,0
4,FedAvg,16,0.6,0.5376232429873948,0.8538017409188406,0.5415714907599916,0.6,4,-1,-1,csv_MSIDomino11\runs\20260516-102339_dataset_multy_sorted_worker_1.csv,dataset_multy_sorted,dataset/dataset_multy_sorted,cuda,5,no_encryption,0.0,5,[],N/A,4,224,0.001,5,logs_MSIDomino11\dataset_multy_sorted_run_1_GoogLeNet,GoogLeNet,1,100,3,4,4,2,MSIDomino11,static/plots_MSIDomino11\dataset_multy_sorted_run_1_GoogLeNet,1800,run_dataset_MSIDomino11\dataset_multy_sorted_run_1_GoogLeNet,8779083388:AAE9m7dlXSm2ql1kYsqcwcNy34pNYUSYFuo,139781098,7640.714941978455,True,1
4,FedProx,16,0.6452380952380953,0.6178850850642689,0.7779147028923035,0.6243780552725406,0.6452380952380953,4,-1,-1,csv_MSIDomino11\runs\20260516-114902_dataset_multy_sorted_worker_0.csv,dataset_multy_sorted,dataset/dataset_multy_sorted,cuda,5,no_encryption,0.05,5,[],N/A,4,224,0.001,5,logs_MSIDomino11\dataset_multy_sorted_run_0_GoogLeNet,GoogLeNet,1,100,3,4,2,2,MSIDomino11,static/plots_MSIDomino11\dataset_multy_sorted_run_0_GoogLeNet,1800,run_dataset_MSIDomino11\dataset_multy_sorted_run_0_GoogLeNet,8779083388:AAE9m7dlXSm2ql1kYsqcwcNy34pNYUSYFuo,139781098,7256.166002988815,True,0
4,FedProx,16,0.5523809523809524,0.39310546304411337,0.9769509136676788,0.305124716553288,0.5523809523809524,0,-1,-1,csv_MSIDomino11\runs\20260516-124838_dataset_multy_sorted_worker_1.csv,dataset_multy_sorted,dataset/dataset_multy_sorted,cuda,5,no_encryption,0.05,5,[],N/A,4,224,0.001,5,logs_MSIDomino11\dataset_multy_sorted_run_1_GoogLeNet,GoogLeNet,1,100,3,4,4,2,MSIDomino11,static/plots_MSIDomino11\dataset_multy_sorted_run_1_GoogLeNet,1800,run_dataset_MSIDomino11\dataset_multy_sorted_run_1_GoogLeNet,8779083388:AAE9m7dlXSm2ql1kYsqcwcNy34pNYUSYFuo,139781098,8692.63521361351,True,1
8,FedAvg,16,0.6084905660377359,0.5733949984649191,0.8654268426152895,0.5480903438226898,0.6084905660377359,3,-1,-1,csv_MSIDomino11\runs\20260516-133836_dataset_multy_sorted_worker_0.csv,dataset_multy_sorted,dataset/dataset_multy_sorted,cuda,5,no_encryption,0.0,5,[],N/A,4,224,0.001,5,logs_MSIDomino11\dataset_multy_sorted_run_0_GoogLeNet,GoogLeNet,1,100,3,8,2,2,MSIDomino11,static/plots_MSIDomino11\dataset_multy_sorted_run_0_GoogLeNet,1800,run_dataset_MSIDomino11\dataset_multy_sorted_run_0_GoogLeNet,8779083388:AAE9m7dlXSm2ql1kYsqcwcNy34pNYUSYFuo,139781098,6564.696120738983,True,0
8,FedAvg,16,0.5471698113207547,0.38702254947077774,1.0520857277343858,0.2993948024207903,0.5471698113207547,0,-1,-1,csv_MSIDomino11\runs\20260516-145210_dataset_multy_sorted_worker_1.csv,dataset_multy_sorted,dataset/dataset_multy_sorted,cuda,5,no_encryption,0.0,5,[],N/A,4,224,0.001,5,logs_MSIDomino11\dataset_multy_sorted_run_1_GoogLeNet,GoogLeNet,1,100,3,8,4,2,MSIDomino11,static/plots_MSIDomino11\dataset_multy_sorted_run_1_GoogLeNet,1800,run_dataset_MSIDomino11\dataset_multy_sorted_run_1_GoogLeNet,8779083388:AAE9m7dlXSm2ql1kYsqcwcNy34pNYUSYFuo,139781098,7405.285664558411,True,1
8,FedProx,16,0.6132075471698113,0.5618882028152671,0.8486056499323755,0.5476080371214909,0.6132075471698113,3,-1,-1,csv_MSIDomino11\runs\20260516-154100_dataset_multy_sorted_worker_0.csv,dataset_multy_sorted,dataset/dataset_multy_sorted,cuda,5,no_encryption,0.05,5,[],N/A,4,224,0.001,5,logs_MSIDomino11\dataset_multy_sorted_run_0_GoogLeNet,GoogLeNet,1,100,3,8,2,2,MSIDomino11,static/plots_MSIDomino11\dataset_multy_sorted_run_0_GoogLeNet,1800,run_dataset_MSIDomino11\dataset_multy_sorted_run_0_GoogLeNet,8779083388:AAE9m7dlXSm2ql1kYsqcwcNy34pNYUSYFuo,139781098,7339.815416574478,True,0
8,FedProx,16,0.5471698113207547,0.38702254947077774,0.9983344997437495,0.2993948024207903,0.5471698113207547,0,-1,-1,csv_MSIDomino11\runs\20260516-164703_dataset_multy_sorted_worker_1.csv,dataset_multy_sorted,dataset/dataset_multy_sorted,cuda,5,no_encryption,0.05,5,[],N/A,4,224,0.001,5,logs_MSIDomino11\dataset_multy_sorted_run_1_GoogLeNet,GoogLeNet,1,100,3,8,4,2,MSIDomino11,static/plots_MSIDomino11\dataset_multy_sorted_run_1_GoogLeNet,1800,run_dataset_MSIDomino11\dataset_multy_sorted_run_1_GoogLeNet,8779083388:AAE9m7dlXSm2ql1kYsqcwcNy34pNYUSYFuo,139781098,6889.219237565994,True,1
16,FedAvg,16,0.5810185185185185,0.5184590608835964,0.8848145615171503,0.5019881530929872,0.5810185185185185,4,-1,-1,csv_MSIDomino11\runs\20260516-180035_dataset_multy_sorted_worker_0.csv,dataset_multy_sorted,dataset/dataset_multy_sorted,cuda,5,no_encryption,0.0,5,[],N/A,4,224,0.001,5,logs_MSIDomino11\dataset_multy_sorted_run_0_GoogLeNet,GoogLeNet,1,100,3,16,2,2,MSIDomino11,static/plots_MSIDomino11\dataset_multy_sorted_run_0_GoogLeNet,1800,run_dataset_MSIDomino11\dataset_multy_sorted_run_0_GoogLeNet,8779083388:AAE9m7dlXSm2ql1kYsqcwcNy34pNYUSYFuo,139781098,8369.696910619736,True,0
16,FedAvg,16,0.5601851851851852,0.43393626547108577,0.9391002406676611,0.4074505682521987,0.5601851851851852,4,-1,-1,csv_MSIDomino11\runs\20260516-190155_dataset_multy_sorted_worker_1.csv,dataset_multy_sorted,dataset/dataset_multy_sorted,cuda,5,no_encryption,0.0,5,[],N/A,4,224,0.001,5,logs_MSIDomino11\dataset_multy_sorted_run_1_GoogLeNet,GoogLeNet,1,100,3,16,4,2,MSIDomino11,static/plots_MSIDomino11\dataset_multy_sorted_run_1_GoogLeNet,1800,run_dataset_MSIDomino11\dataset_multy_sorted_run_1_GoogLeNet,8779083388:AAE9m7dlXSm2ql1kYsqcwcNy34pNYUSYFuo,139781098,8086.281393766403,True,1
16,FedProx,16,0.5787037037037037,0.5273365114301325,0.88040792417747,0.5076122764276874,0.5787037037037037,3,-1,-1,csv_MSIDomino11\runs\20260516-200407_dataset_multy_sorted_worker_0.csv,dataset_multy_sorted,dataset/dataset_multy_sorted,cuda,5,no_encryption,0.05,5,[],N/A,4,224,0.001,5,logs_MSIDomino11\dataset_multy_sorted_run_0_GoogLeNet,GoogLeNet,1,100,3,16,2,2,MSIDomino11,static/plots_MSIDomino11\dataset_multy_sorted_run_0_GoogLeNet,1800,run_dataset_MSIDomino11\dataset_multy_sorted_run_0_GoogLeNet,8779083388:AAE9m7dlXSm2ql1kYsqcwcNy34pNYUSYFuo,139781098,7407.10217165947,True,0
16,FedProx,16,0.5555555555555556,0.39682539682539686,0.9919397742659958,0.308641975308642,0.5555555555555556,0,-1,-1,csv_MSIDomino11\runs\20260516-210847_dataset_multy_sorted_worker_1.csv,dataset_multy_sorted,dataset/dataset_multy_sorted,cuda,5,no_encryption,0.05,5,[],N/A,4,224,0.001,5,logs_MSIDomino11\dataset_multy_sorted_run_1_GoogLeNet,GoogLeNet,1,100,3,16,4,2,MSIDomino11,static/plots_MSIDomino11\dataset_multy_sorted_run_1_GoogLeNet,1800,run_dataset_MSIDomino11\dataset_multy_sorted_run_1_GoogLeNet,8779083388:AAE9m7dlXSm2ql1kYsqcwcNy34pNYUSYFuo,139781098,7606.281925678253,True,1
32,FedAvg,16,0.5685393258426966,0.4121961184882533,0.9526665091514588,0.32332386714409184,0.5685393258426966,1,-1,-1,csv_MSIDomino11\runs\20260516-223944_dataset_multy_sorted_worker_1.csv,dataset_multy_sorted,dataset/dataset_multy_sorted,cuda,5,no_encryption,0.0,5,[],N/A,4,224,0.001,5,logs_MSIDomino11\dataset_multy_sorted_run_1_GoogLeNet,GoogLeNet,1,100,3,32,4,2,MSIDomino11,static/plots_MSIDomino11\dataset_multy_sorted_run_1_GoogLeNet,1800,run_dataset_MSIDomino11\dataset_multy_sorted_run_1_GoogLeNet,8779083388:AAE9m7dlXSm2ql1kYsqcwcNy34pNYUSYFuo,139781098,5452.690692901611,True,1
32,FedProx,16,0.5797752808988764,0.47916683946843613,0.857380016198319,0.4870868831542989,0.5797752808988764,4,-1,-1,csv_MSIDomino11\runs\20260516-235535_dataset_multy_sorted_worker_1.csv,dataset_multy_sorted,dataset/dataset_multy_sorted,cuda,5,no_encryption,0.05,5,[],N/A,4,224,0.001,5,logs_MSIDomino11\dataset_multy_sorted_run_1_GoogLeNet,GoogLeNet,1,100,3,32,2,2,MSIDomino11,static/plots_MSIDomino11\dataset_multy_sorted_run_1_GoogLeNet,1800,run_dataset_MSIDomino11\dataset_multy_sorted_run_1_GoogLeNet,8779083388:AAE9m7dlXSm2ql1kYsqcwcNy34pNYUSYFuo,139781098,4547.20578122139,True,1
32,FedProx,16,0.5685393258426966,0.4121961184882533,0.9596301196666246,0.32332386714409184,0.5685393258426966,0,-1,-1,csv_MSIDomino11\runs\20260517-011209_dataset_multy_sorted_worker_1.csv,dataset_multy_sorted,dataset/dataset_multy_sorted,cuda,5,no_encryption,0.05,5,[],N/A,4,224,0.001,5,logs_MSIDomino11\dataset_multy_sorted_run_1_GoogLeNet,GoogLeNet,1,100,3,32,4,2,MSIDomino11,static/plots_MSIDomino11\dataset_multy_sorted_run_1_GoogLeNet,1800,run_dataset_MSIDomino11\dataset_multy_sorted_run_1_GoogLeNet,8779083388:AAE9m7dlXSm2ql1kYsqcwcNy34pNYUSYFuo,139781098,4590.6744039058685,True,1
2,FedAvg,16,0.6619047619047619,0.6309458574347215,0.7849379170508611,0.6632141470722862,0.6619047619047619,7,-1,-1,csv_MSIDomino11\runs\20260517-022817_dataset_multy_sorted_worker_1.csv,dataset_multy_sorted,dataset/dataset_multy_sorted,cuda,5,no_encryption,0.0,10,[],N/A,4,224,0.001,2,logs_MSIDomino11\dataset_multy_sorted_run_1_GoogLeNet,GoogLeNet,1,100,3,2,2,2,MSIDomino11,static/plots_MSIDomino11\dataset_multy_sorted_run_1_GoogLeNet,1800,run_dataset_MSIDomino11\dataset_multy_sorted_run_1_GoogLeNet,8779083388:AAE9m7dlXSm2ql1kYsqcwcNy34pNYUSYFuo,139781098,4562.674222707748,True,1
2,FedAvg,16,0.6142857142857143,0.557115312068534,0.8590664488928659,0.5449855264931924,0.6142857142857143,8,-1,-1,csv_MSIDomino11\runs\20260517-034348_dataset_multy_sorted_worker_1.csv,dataset_multy_sorted,dataset/dataset_multy_sorted,cuda,5,no_encryption,0.0,10,[],N/A,4,224,0.001,2,logs_MSIDomino11\dataset_multy_sorted_run_1_GoogLeNet,GoogLeNet,1,100,3,2,4,2,MSIDomino11,static/plots_MSIDomino11\dataset_multy_sorted_run_1_GoogLeNet,1800,run_dataset_MSIDomino11\dataset_multy_sorted_run_1_GoogLeNet,8779083388:AAE9m7dlXSm2ql1kYsqcwcNy34pNYUSYFuo,139781098,4523.758207082748,True,1
2,FedProx,16,0.6547619047619048,0.6016371037318872,0.7618180774507068,0.661134895338831,0.6547619047619048,8,-1,-1,csv_MSIDomino11\runs\20260517-045559_dataset_multy_sorted_worker_1.csv,dataset_multy_sorted,dataset/dataset_multy_sorted,cuda,5,no_encryption,0.05,10,[],N/A,4,224,0.001,2,logs_MSIDomino11\dataset_multy_sorted_run_1_GoogLeNet,GoogLeNet,1,100,3,2,2,2,MSIDomino11,static/plots_MSIDomino11\dataset_multy_sorted_run_1_GoogLeNet,1800,run_dataset_MSIDomino11\dataset_multy_sorted_run_1_GoogLeNet,8779083388:AAE9m7dlXSm2ql1kYsqcwcNy34pNYUSYFuo,139781098,4327.483704328537,True,1
2,FedProx,16,0.5523809523809524,0.39310546304411337,0.9516536281222389,0.305124716553288,0.5523809523809524,0,-1,-1,csv_MSIDomino11\runs\20260517-060729_dataset_multy_sorted_worker_1.csv,dataset_multy_sorted,dataset/dataset_multy_sorted,cuda,5,no_encryption,0.05,10,[],N/A,4,224,0.001,2,logs_MSIDomino11\dataset_multy_sorted_run_1_GoogLeNet,GoogLeNet,1,100,3,2,4,2,MSIDomino11,static/plots_MSIDomino11\dataset_multy_sorted_run_1_GoogLeNet,1800,run_dataset_MSIDomino11\dataset_multy_sorted_run_1_GoogLeNet,8779083388:AAE9m7dlXSm2ql1kYsqcwcNy34pNYUSYFuo,139781098,4286.960556268692,True,1
4,FedAvg,16,0.6523809523809524,0.6055950505395484,0.7984476401692345,0.615350854379351,0.6523809523809524,8,-1,-1,csv_MSIDomino11\runs\20260517-071454_dataset_multy_sorted_worker_1.csv,dataset_multy_sorted,dataset/dataset_multy_sorted,cuda,5,no_encryption,0.0,10,[],N/A,4,224,0.001,2,logs_MSIDomino11\dataset_multy_sorted_run_1_GoogLeNet,GoogLeNet,1,100,3,4,2,2,MSIDomino11,static/plots_MSIDomino11\dataset_multy_sorted_run_1_GoogLeNet,1800,run_dataset_MSIDomino11\dataset_multy_sorted_run_1_GoogLeNet,8779083388:AAE9m7dlXSm2ql1kYsqcwcNy34pNYUSYFuo,139781098,4040.860272884369,True,1
4,FedAvg,16,0.5523809523809524,0.39310546304411337,1.0518352443263643,0.305124716553288,0.5523809523809524,0,-1,-1,csv_MSIDomino11\runs\20260517-082222_dataset_multy_sorted_worker_1.csv,dataset_multy_sorted,dataset/dataset_multy_sorted,cuda,5,no_encryption,0.0,10,[],N/A,4,224,0.001,2,logs_MSIDomino11\dataset_multy_sorted_run_1_GoogLeNet,GoogLeNet,1,100,3,4,4,2,MSIDomino11,static/plots_MSIDomino11\dataset_multy_sorted_run_1_GoogLeNet,1800,run_dataset_MSIDomino11\dataset_multy_sorted_run_1_GoogLeNet,8779083388:AAE9m7dlXSm2ql1kYsqcwcNy34pNYUSYFuo,139781098,4044.341597557068,True,1
4,FedProx,16,0.6595238095238095,0.6267676053331644,0.7934783308278947,0.6172773219736797,0.6595238095238095,9,-1,-1,csv_MSIDomino11\runs\20260517-093023_dataset_multy_sorted_worker_1.csv,dataset_multy_sorted,dataset/dataset_multy_sorted,cuda,5,no_encryption,0.05,10,[],N/A,4,224,0.001,2,logs_MSIDomino11\dataset_multy_sorted_run_1_GoogLeNet,GoogLeNet,1,100,3,4,2,2,MSIDomino11,static/plots_MSIDomino11\dataset_multy_sorted_run_1_GoogLeNet,1800,run_dataset_MSIDomino11\dataset_multy_sorted_run_1_GoogLeNet,8779083388:AAE9m7dlXSm2ql1kYsqcwcNy34pNYUSYFuo,139781098,4077.83576130867,True,1
4,FedProx,16,0.5523809523809524,0.39310546304411337,0.9764686743418376,0.305124716553288,0.5523809523809524,0,-1,-1,csv_MSIDomino11\runs\20260517-103818_dataset_multy_sorted_worker_1.csv,dataset_multy_sorted,dataset/dataset_multy_sorted,cuda,5,no_encryption,0.05,10,[],N/A,4,224,0.001,2,logs_MSIDomino11\dataset_multy_sorted_run_1_GoogLeNet,GoogLeNet,1,100,3,4,4,2,MSIDomino11,static/plots_MSIDomino11\dataset_multy_sorted_run_1_GoogLeNet,1800,run_dataset_MSIDomino11\dataset_multy_sorted_run_1_GoogLeNet,8779083388:AAE9m7dlXSm2ql1kYsqcwcNy34pNYUSYFuo,139781098,4069.114841222763,True,1
8,FedAvg,16,0.6014150943396226,0.5513865470452173,0.8639057916852663,0.5327620451216569,0.6014150943396226,9,-1,-1,csv_MSIDomino11\runs\20260517-114533_dataset_multy_sorted_worker_1.csv,dataset_multy_sorted,dataset/dataset_multy_sorted,cuda,5,no_encryption,0.0,10,[],N/A,4,224,0.001,2,logs_MSIDomino11\dataset_multy_sorted_run_1_GoogLeNet,GoogLeNet,1,100,3,8,2,2,MSIDomino11,static/plots_MSIDomino11\dataset_multy_sorted_run_1_GoogLeNet,1800,run_dataset_MSIDomino11\dataset_multy_sorted_run_1_GoogLeNet,8779083388:AAE9m7dlXSm2ql1kYsqcwcNy34pNYUSYFuo,139781098,4032.354476451874,True,1
4,FedProx,16,0.6452380952380953,0.5942713002670574,0.8352751164209276,0.5818283722671168,0.6452380952380953,4,-1,-1,csv_MSIDomino11\runs\20260518-130550_dataset_multy_sorted_worker_0.csv,dataset_multy_sorted,dataset/dataset_multy_sorted,cuda,5,no_encryption,0.05,5,[],N/A,4,224,0.001,2,logs_MSIDomino11\dataset_multy_sorted_run_0_GoogLeNet,GoogLeNet,1,100,3,4,2,2,MSIDomino11,static/plots_MSIDomino11\dataset_multy_sorted_run_0_GoogLeNet,1800,run_dataset_MSIDomino11\dataset_multy_sorted_run_0_GoogLeNet,8779083388:AAE9m7dlXSm2ql1kYsqcwcNy34pNYUSYFuo,139781098,4259.575951099396,True,0
4,FedAvg,16,0.5523809523809524,0.39310546304411337,1.0244763152939933,0.305124716553288,0.5523809523809524,0,-1,-1,csv_MSIDomino11\runs\20260518-130657_dataset_multy_sorted_worker_1.csv,dataset_multy_sorted,dataset/dataset_multy_sorted,cuda,5,no_encryption,0.0,5,[],N/A,4,224,0.001,2,logs_MSIDomino11\dataset_multy_sorted_run_1_GoogLeNet,GoogLeNet,1,100,3,4,4,2,MSIDomino11,static/plots_MSIDomino11\dataset_multy_sorted_run_1_GoogLeNet,1800,run_dataset_MSIDomino11\dataset_multy_sorted_run_1_GoogLeNet,8779083388:AAE9m7dlXSm2ql1kYsqcwcNy34pNYUSYFuo,139781098,4327.016938924789,True,1
8,FedAvg,16,0.5566037735849056,0.40686692605988733,0.8953416878884694,0.4320188032219213,0.5566037735849056,4,-1,-1,csv_MSIDomino11\runs\20260518-140354_dataset_multy_sorted_worker_1.csv,dataset_multy_sorted,dataset/dataset_multy_sorted,cuda,5,no_encryption,0.0,5,[],N/A,4,224,0.001,2,logs_MSIDomino11\dataset_multy_sorted_run_1_GoogLeNet,GoogLeNet,1,100,3,8,2,2,MSIDomino11,static/plots_MSIDomino11\dataset_multy_sorted_run_1_GoogLeNet,1800,run_dataset_MSIDomino11\dataset_multy_sorted_run_1_GoogLeNet,8779083388:AAE9m7dlXSm2ql1kYsqcwcNy34pNYUSYFuo,139781098,3409.8555641174316,True,1
4,FedProx,16,0.5523809523809524,0.39310546304411337,0.9920359858444758,0.305124716553288,0.5523809523809524,0,-1,-1,csv_MSIDomino11\runs\20260518-143813_dataset_multy_sorted_worker_0.csv,dataset_multy_sorted,dataset/dataset_multy_sorted,cuda,5,no_encryption,0.05,5,[],N/A,4,224,0.001,2,logs_MSIDomino11\dataset_multy_sorted_run_0_GoogLeNet,GoogLeNet,1,100,3,4,4,2,MSIDomino11,static/plots_MSIDomino11\dataset_multy_sorted_run_0_GoogLeNet,1800,run_dataset_MSIDomino11\dataset_multy_sorted_run_0_GoogLeNet,8779083388:AAE9m7dlXSm2ql1kYsqcwcNy34pNYUSYFuo,139781098,5537.059420347214,True,0
8,FedAvg,16,0.5613207547169812,0.47242955732360714,1.0203904613571346,0.4917835406592248,0.5613207547169812,0,-1,-1,csv_MSIDomino11\runs\20260518-150727_dataset_multy_sorted_worker_1.csv,dataset_multy_sorted,dataset/dataset_multy_sorted,cuda,5,no_encryption,0.0,5,[],N/A,4,224,0.001,2,logs_MSIDomino11\dataset_multy_sorted_run_1_GoogLeNet,GoogLeNet,1,100,3,8,4,2,MSIDomino11,static/plots_MSIDomino11\dataset_multy_sorted_run_1_GoogLeNet,1800,run_dataset_MSIDomino11\dataset_multy_sorted_run_1_GoogLeNet,8779083388:AAE9m7dlXSm2ql1kYsqcwcNy34pNYUSYFuo,139781098,3807.113034248352,True,1
8,FedProx,16,0.5613207547169812,0.4161675076151031,0.8812126522918917,0.43351464829434794,0.5613207547169812,4,-1,-1,csv_MSIDomino11\runs\20260518-154845_dataset_multy_sorted_worker_0.csv,dataset_multy_sorted,dataset/dataset_multy_sorted,cuda,5,no_encryption,0.05,5,[],N/A,4,224,0.001,2,logs_MSIDomino11\dataset_multy_sorted_run_0_GoogLeNet,GoogLeNet,1,100,3,8,2,2,MSIDomino11,static/plots_MSIDomino11\dataset_multy_sorted_run_0_GoogLeNet,1800,run_dataset_MSIDomino11\dataset_multy_sorted_run_0_GoogLeNet,8779083388:AAE9m7dlXSm2ql1kYsqcwcNy34pNYUSYFuo,139781098,4227.123745203018,True,0
8,FedProx,16,0.5471698113207547,0.38702254947077774,0.999111607670784,0.2993948024207903,0.5471698113207547,0,-1,-1,csv_MSIDomino11\runs\20260518-161230_dataset_multy_sorted_worker_1.csv,dataset_multy_sorted,dataset/dataset_multy_sorted,cuda,5,no_encryption,0.05,5,[],N/A,4,224,0.001,2,logs_MSIDomino11\dataset_multy_sorted_run_1_GoogLeNet,GoogLeNet,1,100,3,8,4,2,MSIDomino11,static/plots_MSIDomino11\dataset_multy_sorted_run_1_GoogLeNet,1800,run_dataset_MSIDomino11\dataset_multy_sorted_run_1_GoogLeNet,8779083388:AAE9m7dlXSm2ql1kYsqcwcNy34pNYUSYFuo,139781098,3896.9480912685394,True,1
8,FedProx,16,0.5990566037735849,0.5639424864987418,0.8479018177626267,0.5558385496494195,0.5990566037735849,9,-1,-1,csv_MSIDomino11\runs\20260519-123908_dataset_multy_sorted_worker_0.csv,dataset_multy_sorted,dataset/dataset_multy_sorted,cuda,5,no_encryption,0.05,10,[],N/A,4,224,0.001,2,logs_MSIDomino11\dataset_multy_sorted_run_0_GoogLeNet,GoogLeNet,1,100,3,8,2,2,MSIDomino11,static/plots_MSIDomino11\dataset_multy_sorted_run_0_GoogLeNet,1800,run_dataset_MSIDomino11\dataset_multy_sorted_run_0_GoogLeNet,8779083388:AAE9m7dlXSm2ql1kYsqcwcNy34pNYUSYFuo,139781098,7928.041847229004,True,0
16,FedAvg,16,0.5648148148148148,0.46864774500365,0.8988217601069698,0.46431111913448864,0.5648148148148148,9,-1,-1,csv_MSIDomino11\runs\20260519-125900_dataset_multy_sorted_worker_1.csv,dataset_multy_sorted,dataset/dataset_multy_sorted,cuda,5,no_encryption,0.0,10,[],N/A,4,224,0.001,2,logs_MSIDomino11\dataset_multy_sorted_run_1_GoogLeNet,GoogLeNet,1,100,3,16,2,2,MSIDomino11,static/plots_MSIDomino11\dataset_multy_sorted_run_1_GoogLeNet,1800,run_dataset_MSIDomino11\dataset_multy_sorted_run_1_GoogLeNet,8779083388:AAE9m7dlXSm2ql1kYsqcwcNy34pNYUSYFuo,139781098,8790.109305620193,True,1
16,FedAvg,16,0.5555555555555556,0.39682539682539686,1.005987535196322,0.308641975308642,0.5555555555555556,0,-1,-1,csv_MSIDomino11\runs\20260519-150520_dataset_multy_sorted_worker_0.csv,dataset_multy_sorted,dataset/dataset_multy_sorted,cuda,5,no_encryption,0.0,10,[],N/A,4,224,0.001,2,logs_MSIDomino11\dataset_multy_sorted_run_0_GoogLeNet,GoogLeNet,1,100,3,16,4,2,MSIDomino11,static/plots_MSIDomino11\dataset_multy_sorted_run_0_GoogLeNet,1800,run_dataset_MSIDomino11\dataset_multy_sorted_run_0_GoogLeNet,8779083388:AAE9m7dlXSm2ql1kYsqcwcNy34pNYUSYFuo,139781098,8765.802155971527,True,0
16,FedProx,16,0.5717592592592593,0.5367887162581287,0.9048640460327819,0.5107755082584159,0.5717592592592593,9,-1,-1,csv_MSIDomino11\runs\20260519-152657_dataset_multy_sorted_worker_1.csv,dataset_multy_sorted,dataset/dataset_multy_sorted,cuda,5,no_encryption,0.05,10,[],N/A,4,224,0.001,2,logs_MSIDomino11\dataset_multy_sorted_run_1_GoogLeNet,GoogLeNet,1,100,3,16,2,2,MSIDomino11,static/plots_MSIDomino11\dataset_multy_sorted_run_1_GoogLeNet,1800,run_dataset_MSIDomino11\dataset_multy_sorted_run_1_GoogLeNet,8779083388:AAE9m7dlXSm2ql1kYsqcwcNy34pNYUSYFuo,139781098,8870.86975479126,True,1
32,FedAvg,16,0.5685393258426966,0.4121961184882533,0.9172509099660294,0.32332386714409184,0.5685393258426966,0,-1,-1,csv_MSIDomino11\runs\20260520-164605_dataset_multy_sorted_worker_1.csv,dataset_multy_sorted,dataset/dataset_multy_sorted,cuda,5,no_encryption,0.0,10,[],N/A,4,224,0.001,2,logs_MSIDomino11\dataset_multy_sorted_run_1_GoogLeNet,GoogLeNet,1,100,3,32,2,2,MSIDomino11,static/plots_MSIDomino11\dataset_multy_sorted_run_1_GoogLeNet,1800,run_dataset_MSIDomino11\dataset_multy_sorted_run_1_GoogLeNet,8779083388:AAE9m7dlXSm2ql1kYsqcwcNy34pNYUSYFuo,139781098,91142.38242459297,True,1
2,FedAvg,16,0.541095890410959,0.4979565695344719,0.8852055031959325,0.46884959463237347,0.541095890410959,4,-1,-1,csv_MSIDomino12\runs\20260515-180255_dataset_multy_sorted_Flair_worker_2.csv,dataset_multy_sorted_Flair,dataset/dataset_multy_sorted_Flair,cuda,5,no_encryption,0.0,5,[],N/A,4,224,0.001,2,logs_MSIDomino12\dataset_multy_sorted_Flair_run_2_GoogLeNet,GoogLeNet,1,100,3,2,4,3,MSIDomino12,static/plots_MSIDomino12\dataset_multy_sorted_Flair_run_2_GoogLeNet,600,run_dataset_MSIDomino12\dataset_multy_sorted_Flair_run_2_GoogLeNet,8779083388:AAE9m7dlXSm2ql1kYsqcwcNy34pNYUSYFuo,139781098,207.17857217788696,True,2
2,FedAvg,16,0.5958904109589042,0.528187278300672,0.8112432581104644,0.5197072693232544,0.5958904109589042,4,-1,-1,csv_MSIDomino12\runs\20260515-180253_dataset_multy_sorted_Flair_worker_1.csv,dataset_multy_sorted_Flair,dataset/dataset_multy_sorted_Flair,cuda,5,no_encryption,0.0,5,[],N/A,4,224,0.001,2,logs_MSIDomino12\dataset_multy_sorted_Flair_run_1_GoogLeNet,GoogLeNet,1,100,3,2,2,3,MSIDomino12,static/plots_MSIDomino12\dataset_multy_sorted_Flair_run_1_GoogLeNet,600,run_dataset_MSIDomino12\dataset_multy_sorted_Flair_run_1_GoogLeNet,8779083388:AAE9m7dlXSm2ql1kYsqcwcNy34pNYUSYFuo,139781098,205.50051951408386,True,1
2,FedProx,16,0.5821917808219178,0.5221367827532211,0.8439603978640413,0.5726200132179764,0.5821917808219178,4,-1,-1,csv_MSIDomino12\runs\20260515-180256_dataset_multy_sorted_Flair_worker_0.csv,dataset_multy_sorted_Flair,dataset/dataset_multy_sorted_Flair,cuda,5,no_encryption,0.05,5,[],N/A,4,224,0.001,2,logs_MSIDomino12\dataset_multy_sorted_Flair_run_0_GoogLeNet,GoogLeNet,1,100,3,2,2,3,MSIDomino12,static/plots_MSIDomino12\dataset_multy_sorted_Flair_run_0_GoogLeNet,600,run_dataset_MSIDomino12\dataset_multy_sorted_Flair_run_0_GoogLeNet,8779083388:AAE9m7dlXSm2ql1kYsqcwcNy34pNYUSYFuo,139781098,207.98908734321594,True,0
4,FedAvg,16,0.5608108108108109,0.41885775397572134,0.8632019589076171,0.3974659988173502,0.5608108108108109,4,-1,-1,csv_MSIDomino12\runs\20260515-180643_dataset_multy_sorted_Flair_worker_1.csv,dataset_multy_sorted_Flair,dataset/dataset_multy_sorted_Flair,cuda,5,no_encryption,0.0,5,[],N/A,4,224,0.001,2,logs_MSIDomino12\dataset_multy_sorted_Flair_run_1_GoogLeNet,GoogLeNet,1,100,3,4,2,3,MSIDomino12,static/plots_MSIDomino12\dataset_multy_sorted_Flair_run_1_GoogLeNet,600,run_dataset_MSIDomino12\dataset_multy_sorted_Flair_run_1_GoogLeNet,8779083388:AAE9m7dlXSm2ql1kYsqcwcNy34pNYUSYFuo,139781098,224.2730369567871,True,1
4,FedAvg,16,0.5540540540540541,0.3951619496084106,0.9417341528712092,0.3071585098612125,0.5540540540540541,2,-1,-1,csv_MSIDomino12\runs\20260515-180703_dataset_multy_sorted_Flair_worker_0.csv,dataset_multy_sorted_Flair,dataset/dataset_multy_sorted_Flair,cuda,5,no_encryption,0.0,5,[],N/A,4,224,0.001,2,logs_MSIDomino12\dataset_multy_sorted_Flair_run_0_GoogLeNet,GoogLeNet,1,100,3,4,4,3,MSIDomino12,static/plots_MSIDomino12\dataset_multy_sorted_Flair_run_0_GoogLeNet,600,run_dataset_MSIDomino12\dataset_multy_sorted_Flair_run_0_GoogLeNet,8779083388:AAE9m7dlXSm2ql1kYsqcwcNy34pNYUSYFuo,139781098,243.43224573135376,True,0
2,FedProx,16,0.5684931506849316,0.4189487491961157,0.8709298715199509,0.48886725672942605,0.5684931506849316,4,-1,-1,csv_MSIDomino12\runs\20260515-180705_dataset_multy_sorted_Flair_worker_2.csv,dataset_multy_sorted_Flair,dataset/dataset_multy_sorted_Flair,cuda,5,no_encryption,0.05,5,[],N/A,4,224,0.001,2,logs_MSIDomino12\dataset_multy_sorted_Flair_run_2_GoogLeNet,GoogLeNet,1,100,3,2,4,3,MSIDomino12,static/plots_MSIDomino12\dataset_multy_sorted_Flair_run_2_GoogLeNet,600,run_dataset_MSIDomino12\dataset_multy_sorted_Flair_run_2_GoogLeNet,8779083388:AAE9m7dlXSm2ql1kYsqcwcNy34pNYUSYFuo,139781098,246.74815011024475,True,2
4,FedProx,16,0.5743243243243243,0.5023930717823468,0.8642888077207513,0.5111990518744551,0.5743243243243243,3,-1,-1,csv_MSIDomino12\runs\20260515-181042_dataset_multy_sorted_Flair_worker_1.csv,dataset_multy_sorted_Flair,dataset/dataset_multy_sorted_Flair,cuda,5,no_encryption,0.05,5,[],N/A,4,224,0.001,2,logs_MSIDomino12\dataset_multy_sorted_Flair_run_1_GoogLeNet,GoogLeNet,1,100,3,4,2,3,MSIDomino12,static/plots_MSIDomino12\dataset_multy_sorted_Flair_run_1_GoogLeNet,600,run_dataset_MSIDomino12\dataset_multy_sorted_Flair_run_1_GoogLeNet,8779083388:AAE9m7dlXSm2ql1kYsqcwcNy34pNYUSYFuo,139781098,234.83276104927063,True,1
4,FedProx,16,0.5540540540540541,0.39516194960841056,0.9758273435605539,0.30715850986121257,0.5540540540540541,0,-1,-1,csv_MSIDomino12\runs\20260515-181117_dataset_multy_sorted_Flair_worker_0.csv,dataset_multy_sorted_Flair,dataset/dataset_multy_sorted_Flair,cuda,5,no_encryption,0.05,5,[],N/A,4,224,0.001,2,logs_MSIDomino12\dataset_multy_sorted_Flair_run_0_GoogLeNet,GoogLeNet,1,100,3,4,4,3,MSIDomino12,static/plots_MSIDomino12\dataset_multy_sorted_Flair_run_0_GoogLeNet,600,run_dataset_MSIDomino12\dataset_multy_sorted_Flair_run_0_GoogLeNet,8779083388:AAE9m7dlXSm2ql1kYsqcwcNy34pNYUSYFuo,139781098,249.83025670051575,True,0
8,FedAvg,16,0.5394736842105263,0.4673990617502414,0.921774330892061,0.4665290677674579,0.5394736842105263,4,-1,-1,csv_MSIDomino12\runs\20260515-181209_dataset_multy_sorted_Flair_worker_2.csv,dataset_multy_sorted_Flair,dataset/dataset_multy_sorted_Flair,cuda,5,no_encryption,0.0,5,[],N/A,4,224,0.001,2,logs_MSIDomino12\dataset_multy_sorted_Flair_run_2_GoogLeNet,GoogLeNet,1,100,3,8,2,3,MSIDomino12,static/plots_MSIDomino12\dataset_multy_sorted_Flair_run_2_GoogLeNet,600,run_dataset_MSIDomino12\dataset_multy_sorted_Flair_run_2_GoogLeNet,8779083388:AAE9m7dlXSm2ql1kYsqcwcNy34pNYUSYFuo,139781098,299.57016587257385,True,2
8,FedAvg,16,0.5592105263157895,0.40146702964307324,0.9583580972332704,0.313365650969529,0.5592105263157895,0,-1,-1,csv_MSIDomino12\runs\20260515-181627_dataset_multy_sorted_Flair_worker_1.csv,dataset_multy_sorted_Flair,dataset/dataset_multy_sorted_Flair,cuda,5,no_encryption,0.0,5,[],N/A,4,224,0.001,2,logs_MSIDomino12\dataset_multy_sorted_Flair_run_1_GoogLeNet,GoogLeNet,1,100,3,8,4,3,MSIDomino12,static/plots_MSIDomino12\dataset_multy_sorted_Flair_run_1_GoogLeNet,600,run_dataset_MSIDomino12\dataset_multy_sorted_Flair_run_1_GoogLeNet,8779083388:AAE9m7dlXSm2ql1kYsqcwcNy34pNYUSYFuo,139781098,340.28121066093445,True,1
8,FedProx,16,0.5592105263157895,0.4114964134474116,0.9354549662062996,0.3534356725146198,0.5592105263157895,1,-1,-1,csv_MSIDomino12\runs\20260515-181635_dataset_multy_sorted_Flair_worker_0.csv,dataset_multy_sorted_Flair,dataset/dataset_multy_sorted_Flair,cuda,5,no_encryption,0.05,5,[],N/A,4,224,0.001,2,logs_MSIDomino12\dataset_multy_sorted_Flair_run_0_GoogLeNet,GoogLeNet,1,100,3,8,2,3,MSIDomino12,static/plots_MSIDomino12\dataset_multy_sorted_Flair_run_0_GoogLeNet,600,run_dataset_MSIDomino12\dataset_multy_sorted_Flair_run_0_GoogLeNet,8779083388:AAE9m7dlXSm2ql1kYsqcwcNy34pNYUSYFuo,139781098,312.8535394668579,True,0
8,FedProx,16,0.5592105263157895,0.40146702964307324,0.950631572227729,0.313365650969529,0.5592105263157895,0,-1,-1,csv_MSIDomino12\runs\20260515-181740_dataset_multy_sorted_Flair_worker_2.csv,dataset_multy_sorted_Flair,dataset/dataset_multy_sorted_Flair,cuda,5,no_encryption,0.05,5,[],N/A,4,224,0.001,2,logs_MSIDomino12\dataset_multy_sorted_Flair_run_2_GoogLeNet,GoogLeNet,1,100,3,8,4,3,MSIDomino12,static/plots_MSIDomino12\dataset_multy_sorted_Flair_run_2_GoogLeNet,600,run_dataset_MSIDomino12\dataset_multy_sorted_Flair_run_2_GoogLeNet,8779083388:AAE9m7dlXSm2ql1kYsqcwcNy34pNYUSYFuo,139781098,328.0051221847534,True,2
16,FedAvg,16,0.5806451612903226,0.4328937728937729,0.9471680518119566,0.35507168458781363,0.5806451612903226,1,-1,-1,csv_MSIDomino12\runs\20260515-182406_dataset_multy_sorted_Flair_worker_1.csv,dataset_multy_sorted_Flair,dataset/dataset_multy_sorted_Flair,cuda,5,no_encryption,0.0,5,[],N/A,4,224,0.001,2,logs_MSIDomino12\dataset_multy_sorted_Flair_run_1_GoogLeNet,GoogLeNet,1,100,3,16,2,3,MSIDomino12,static/plots_MSIDomino12\dataset_multy_sorted_Flair_run_1_GoogLeNet,600,run_dataset_MSIDomino12\dataset_multy_sorted_Flair_run_1_GoogLeNet,8779083388:AAE9m7dlXSm2ql1kYsqcwcNy34pNYUSYFuo,139781098,454.41686248779297,True,1
16,FedAvg,16,0.5741935483870968,0.41950844854070657,0.9378728428194599,0.33089605734767025,0.5741935483870968,0,-1,-1,csv_MSIDomino12\runs\20260515-182451_dataset_multy_sorted_Flair_worker_0.csv,dataset_multy_sorted_Flair,dataset/dataset_multy_sorted_Flair,cuda,5,no_encryption,0.0,5,[],N/A,4,224,0.001,2,logs_MSIDomino12\dataset_multy_sorted_Flair_run_0_GoogLeNet,GoogLeNet,1,100,3,16,4,3,MSIDomino12,static/plots_MSIDomino12\dataset_multy_sorted_Flair_run_0_GoogLeNet,600,run_dataset_MSIDomino12\dataset_multy_sorted_Flair_run_0_GoogLeNet,8779083388:AAE9m7dlXSm2ql1kYsqcwcNy34pNYUSYFuo,139781098,492.092875957489,True,0
16,FedProx,16,0.5935483870967742,0.45418409547441807,0.897997542350523,0.39636200716845876,0.5935483870967742,4,-1,-1,csv_MSIDomino12\runs\20260515-182510_dataset_multy_sorted_Flair_worker_2.csv,dataset_multy_sorted_Flair,dataset/dataset_multy_sorted_Flair,cuda,5,no_encryption,0.05,5,[],N/A,4,224,0.001,2,logs_MSIDomino12\dataset_multy_sorted_Flair_run_2_GoogLeNet,GoogLeNet,1,100,3,16,2,3,MSIDomino12,static/plots_MSIDomino12\dataset_multy_sorted_Flair_run_2_GoogLeNet,600,run_dataset_MSIDomino12\dataset_multy_sorted_Flair_run_2_GoogLeNet,8779083388:AAE9m7dlXSm2ql1kYsqcwcNy34pNYUSYFuo,139781098,445.5871534347534,True,2
16,FedProx,16,0.5741935483870968,0.41950844854070657,0.9644912808172165,0.33089605734767025,0.5741935483870968,0,-1,-1,csv_MSIDomino12\runs\20260515-183314_dataset_multy_sorted_Flair_worker_1.csv,dataset_multy_sorted_Flair,dataset/dataset_multy_sorted_Flair,cuda,5,no_encryption,0.05,5,[],N/A,4,224,0.001,2,logs_MSIDomino12\dataset_multy_sorted_Flair_run_1_GoogLeNet,GoogLeNet,1,100,3,16,4,3,MSIDomino12,static/plots_MSIDomino12\dataset_multy_sorted_Flair_run_1_GoogLeNet,600,run_dataset_MSIDomino12\dataset_multy_sorted_Flair_run_1_GoogLeNet,8779083388:AAE9m7dlXSm2ql1kYsqcwcNy34pNYUSYFuo,139781098,545.17555975914,True,1
32,FedAvg,16,0.6,0.45,0.7624854240566492,0.36,0.6,0,-1,-1,csv_MSIDomino12\runs\20260515-202609_dataset_multy_sorted_Flair_worker_1.csv,dataset_multy_sorted_Flair,dataset/dataset_multy_sorted_Flair,cuda,5,no_encryption,0.0,5,[],N/A,4,224,0.001,2,logs_MSIDomino12\dataset_multy_sorted_Flair_run_1_GoogLeNet,GoogLeNet,1,100,3,32,2,2,MSIDomino12,static/plots_MSIDomino12\dataset_multy_sorted_Flair_run_1_GoogLeNet,1800,300,180,run_dataset_MSIDomino12\dataset_multy_sorted_Flair_run_1_GoogLeNet,8779083388:AAE9m7dlXSm2ql1kYsqcwcNy34pNYUSYFuo,139781098,655.7944111824036
32,FedAvg,16,0.6,0.45,0.9581907037645578,0.36,0.6,0,-1,-1,csv_MSIDomino12\runs\20260515-202642_dataset_multy_sorted_Flair_worker_0.csv,dataset_multy_sorted_Flair,dataset/dataset_multy_sorted_Flair,cuda,5,no_encryption,0.0,5,[],N/A,4,224,0.001,2,logs_MSIDomino12\dataset_multy_sorted_Flair_run_0_GoogLeNet,GoogLeNet,1,100,3,32,4,2,MSIDomino12,static/plots_MSIDomino12\dataset_multy_sorted_Flair_run_0_GoogLeNet,1800,300,180,run_dataset_MSIDomino12\dataset_multy_sorted_Flair_run_0_GoogLeNet,8779083388:AAE9m7dlXSm2ql1kYsqcwcNy34pNYUSYFuo,139781098,688.7828099727631
32,FedProx,16,0.6,0.45,0.7319973520934582,0.36,0.6,0,-1,-1,csv_MSIDomino12\runs\20260515-204036_dataset_multy_sorted_Flair_worker_0.csv,dataset_multy_sorted_Flair,dataset/dataset_multy_sorted_Flair,cuda,5,no_encryption,0.05,5,[],N/A,4,224,0.001,2,logs_MSIDomino12\dataset_multy_sorted_Flair_run_0_GoogLeNet,GoogLeNet,1,100,3,32,2,2,MSIDomino12,static/plots_MSIDomino12\dataset_multy_sorted_Flair_run_0_GoogLeNet,1800,300,180,run_dataset_MSIDomino12\dataset_multy_sorted_Flair_run_0_GoogLeNet,8779083388:AAE9m7dlXSm2ql1kYsqcwcNy34pNYUSYFuo,139781098,694.3513405323029
32,FedProx,16,0.6,0.45,1.0196487121284008,0.36,0.6,0,-1,-1,csv_MSIDomino12\runs\20260515-204128_dataset_multy_sorted_Flair_worker_1.csv,dataset_multy_sorted_Flair,dataset/dataset_multy_sorted_Flair,cuda,5,no_encryption,0.05,5,[],N/A,4,224,0.001,2,logs_MSIDomino12\dataset_multy_sorted_Flair_run_1_GoogLeNet,GoogLeNet,1,100,3,32,4,2,MSIDomino12,static/plots_MSIDomino12\dataset_multy_sorted_Flair_run_1_GoogLeNet,1800,300,180,run_dataset_MSIDomino12\dataset_multy_sorted_Flair_run_1_GoogLeNet,8779083388:AAE9m7dlXSm2ql1kYsqcwcNy34pNYUSYFuo,139781098,746.3815701007843
2,FedAvg,16,0.6232876712328768,0.5883250171281895,0.7717150955984037,0.5981746474940668,0.6232876712328768,3,-1,-1,csv_MSIDomino12\runs\20260515-205421_dataset_multy_sorted_Flair_worker_0.csv,dataset_multy_sorted_Flair,dataset/dataset_multy_sorted_Flair,cuda,5,no_encryption,0.0,5,[],N/A,4,224,0.001,5,logs_MSIDomino12\dataset_multy_sorted_Flair_run_0_GoogLeNet,GoogLeNet,1,100,3,2,2,2,MSIDomino12,static/plots_MSIDomino12\dataset_multy_sorted_Flair_run_0_GoogLeNet,1800,300,180,run_dataset_MSIDomino12\dataset_multy_sorted_Flair_run_0_GoogLeNet,8779083388:AAE9m7dlXSm2ql1kYsqcwcNy34pNYUSYFuo,139781098,821.0515389442444
2,FedAvg,16,0.6232876712328768,0.6115662050698558,0.8231404587014081,0.6557369968886376,0.6232876712328768,4,-1,-1,csv_MSIDomino12\runs\20260515-205537_dataset_multy_sorted_Flair_worker_1.csv,dataset_multy_sorted_Flair,dataset/dataset_multy_sorted_Flair,cuda,5,no_encryption,0.0,5,[],N/A,4,224,0.001,5,logs_MSIDomino12\dataset_multy_sorted_Flair_run_1_GoogLeNet,GoogLeNet,1,100,3,2,4,2,MSIDomino12,static/plots_MSIDomino12\dataset_multy_sorted_Flair_run_1_GoogLeNet,1800,300,180,run_dataset_MSIDomino12\dataset_multy_sorted_Flair_run_1_GoogLeNet,8779083388:AAE9m7dlXSm2ql1kYsqcwcNy34pNYUSYFuo,139781098,844.0315158367157
2,FedProx,16,0.6438356164383562,0.6081914326703559,0.8086078469067404,0.581478310502283,0.6438356164383562,1,-1,-1,csv_MSIDomino12\runs\20260515-210918_dataset_multy_sorted_Flair_worker_0.csv,dataset_multy_sorted_Flair,dataset/dataset_multy_sorted_Flair,cuda,5,no_encryption,0.05,5,[],N/A,4,224,0.001,5,logs_MSIDomino12\dataset_multy_sorted_Flair_run_0_GoogLeNet,GoogLeNet,1,100,3,2,2,2,MSIDomino12,static/plots_MSIDomino12\dataset_multy_sorted_Flair_run_0_GoogLeNet,1800,300,180,run_dataset_MSIDomino12\dataset_multy_sorted_Flair_run_0_GoogLeNet,8779083388:AAE9m7dlXSm2ql1kYsqcwcNy34pNYUSYFuo,139781098,893.2480111122131
2,FedProx,16,0.5958904109589042,0.5498562233619751,0.8069981124303113,0.5230102469828497,0.5958904109589042,3,-1,-1,csv_MSIDomino12\runs\20260515-211054_dataset_multy_sorted_Flair_worker_1.csv,dataset_multy_sorted_Flair,dataset/dataset_multy_sorted_Flair,cuda,5,no_encryption,0.05,5,[],N/A,4,224,0.001,5,logs_MSIDomino12\dataset_multy_sorted_Flair_run_1_GoogLeNet,GoogLeNet,1,100,3,2,4,2,MSIDomino12,static/plots_MSIDomino12\dataset_multy_sorted_Flair_run_1_GoogLeNet,1800,300,180,run_dataset_MSIDomino12\dataset_multy_sorted_Flair_run_1_GoogLeNet,8779083388:AAE9m7dlXSm2ql1kYsqcwcNy34pNYUSYFuo,139781098,912.8498508930206
4,FedAvg,16,0.6486486486486487,0.6106902742772309,0.7804646733644847,0.5814776621042606,0.6486486486486487,4,-1,-1,csv_MSIDomino12\runs\20260515-212111_dataset_multy_sorted_Flair_worker_0.csv,dataset_multy_sorted_Flair,dataset/dataset_multy_sorted_Flair,cuda,5,no_encryption,0.0,5,[],N/A,4,224,0.001,5,logs_MSIDomino12\dataset_multy_sorted_Flair_run_0_GoogLeNet,GoogLeNet,1,100,3,4,2,2,MSIDomino12,static/plots_MSIDomino12\dataset_multy_sorted_Flair_run_0_GoogLeNet,1800,300,180,run_dataset_MSIDomino12\dataset_multy_sorted_Flair_run_0_GoogLeNet,8779083388:AAE9m7dlXSm2ql1kYsqcwcNy34pNYUSYFuo,139781098,704.1567897796631
4,FedAvg,16,0.581081081081081,0.5406755406755406,0.8526270115697706,0.511057252905079,0.581081081081081,4,-1,-1,csv_MSIDomino12\runs\20260515-212259_dataset_multy_sorted_Flair_worker_1.csv,dataset_multy_sorted_Flair,dataset/dataset_multy_sorted_Flair,cuda,5,no_encryption,0.0,5,[],N/A,4,224,0.001,5,logs_MSIDomino12\dataset_multy_sorted_Flair_run_1_GoogLeNet,GoogLeNet,1,100,3,4,4,2,MSIDomino12,static/plots_MSIDomino12\dataset_multy_sorted_Flair_run_1_GoogLeNet,1800,300,180,run_dataset_MSIDomino12\dataset_multy_sorted_Flair_run_1_GoogLeNet,8779083388:AAE9m7dlXSm2ql1kYsqcwcNy34pNYUSYFuo,139781098,719.4153399467468
4,FedProx,16,0.668918918918919,0.6520083547164193,0.7603231942331469,0.6768647179788484,0.668918918918919,4,-1,-1,csv_MSIDomino12\runs\20260515-213411_dataset_multy_sorted_Flair_worker_0.csv,dataset_multy_sorted_Flair,dataset/dataset_multy_sorted_Flair,cuda,5,no_encryption,0.05,5,[],N/A,4,224,0.001,5,logs_MSIDomino12\dataset_multy_sorted_Flair_run_0_GoogLeNet,GoogLeNet,1,100,3,4,2,2,MSIDomino12,static/plots_MSIDomino12\dataset_multy_sorted_Flair_run_0_GoogLeNet,1800,300,180,run_dataset_MSIDomino12\dataset_multy_sorted_Flair_run_0_GoogLeNet,8779083388:AAE9m7dlXSm2ql1kYsqcwcNy34pNYUSYFuo,139781098,772.7434022426605
4,FedProx,16,0.5675675675675675,0.4459210834210835,0.8376031300506076,0.4490435813965225,0.5675675675675675,4,-1,-1,csv_MSIDomino12\runs\20260515-213617_dataset_multy_sorted_Flair_worker_1.csv,dataset_multy_sorted_Flair,dataset/dataset_multy_sorted_Flair,cuda,5,no_encryption,0.05,5,[],N/A,4,224,0.001,5,logs_MSIDomino12\dataset_multy_sorted_Flair_run_1_GoogLeNet,GoogLeNet,1,100,3,4,4,2,MSIDomino12,static/plots_MSIDomino12\dataset_multy_sorted_Flair_run_1_GoogLeNet,1800,300,180,run_dataset_MSIDomino12\dataset_multy_sorted_Flair_run_1_GoogLeNet,8779083388:AAE9m7dlXSm2ql1kYsqcwcNy34pNYUSYFuo,139781098,793.5588657855988
8,FedAvg,16,0.5855263157894737,0.5015015937883451,0.8570352690784555,0.481854173456086,0.5855263157894737,4,-1,-1,csv_MSIDomino12\runs\20260515-214623_dataset_multy_sorted_Flair_worker_0.csv,dataset_multy_sorted_Flair,dataset/dataset_multy_sorted_Flair,cuda,5,no_encryption,0.0,5,[],N/A,4,224,0.001,5,logs_MSIDomino12\dataset_multy_sorted_Flair_run_0_GoogLeNet,GoogLeNet,1,100,3,8,2,2,MSIDomino12,static/plots_MSIDomino12\dataset_multy_sorted_Flair_run_0_GoogLeNet,1800,300,180,run_dataset_MSIDomino12\dataset_multy_sorted_Flair_run_0_GoogLeNet,8779083388:AAE9m7dlXSm2ql1kYsqcwcNy34pNYUSYFuo,139781098,726.2324404716492
8,FedAvg,16,0.5592105263157895,0.40146702964307324,0.992426828334206,0.313365650969529,0.5592105263157895,0,-1,-1,csv_MSIDomino12\runs\20260515-214917_dataset_multy_sorted_Flair_worker_1.csv,dataset_multy_sorted_Flair,dataset/dataset_multy_sorted_Flair,cuda,5,no_encryption,0.0,5,[],N/A,4,224,0.001,5,logs_MSIDomino12\dataset_multy_sorted_Flair_run_1_GoogLeNet,GoogLeNet,1,100,3,8,4,2,MSIDomino12,static/plots_MSIDomino12\dataset_multy_sorted_Flair_run_1_GoogLeNet,1800,300,180,run_dataset_MSIDomino12\dataset_multy_sorted_Flair_run_1_GoogLeNet,8779083388:AAE9m7dlXSm2ql1kYsqcwcNy34pNYUSYFuo,139781098,775.1291692256927
8,FedProx,16,0.5789473684210527,0.4832343347316124,0.8358062482193896,0.46173033444679806,0.5789473684210527,4,-1,-1,csv_MSIDomino12\runs\20260515-215900_dataset_multy_sorted_Flair_worker_0.csv,dataset_multy_sorted_Flair,dataset/dataset_multy_sorted_Flair,cuda,5,no_encryption,0.05,5,[],N/A,4,224,0.001,5,logs_MSIDomino12\dataset_multy_sorted_Flair_run_0_GoogLeNet,GoogLeNet,1,100,3,8,2,2,MSIDomino12,static/plots_MSIDomino12\dataset_multy_sorted_Flair_run_0_GoogLeNet,1800,300,180,run_dataset_MSIDomino12\dataset_multy_sorted_Flair_run_0_GoogLeNet,8779083388:AAE9m7dlXSm2ql1kYsqcwcNy34pNYUSYFuo,139781098,752.4480423927307
8,FedProx,16,0.5592105263157895,0.40146702964307324,0.9687655521066565,0.313365650969529,0.5592105263157895,0,-1,-1,csv_MSIDomino12\runs\20260515-220240_dataset_multy_sorted_Flair_worker_1.csv,dataset_multy_sorted_Flair,dataset/dataset_multy_sorted_Flair,cuda,5,no_encryption,0.05,5,[],N/A,4,224,0.001,5,logs_MSIDomino12\dataset_multy_sorted_Flair_run_1_GoogLeNet,GoogLeNet,1,100,3,8,4,2,MSIDomino12,static/plots_MSIDomino12\dataset_multy_sorted_Flair_run_1_GoogLeNet,1800,300,180,run_dataset_MSIDomino12\dataset_multy_sorted_Flair_run_1_GoogLeNet,8779083388:AAE9m7dlXSm2ql1kYsqcwcNy34pNYUSYFuo,139781098,799.1065254211426
16,FedAvg,16,0.6193548387096774,0.5234857615502777,0.8804058317215212,0.5180465949820788,0.6193548387096774,4,-1,-1,csv_MSIDomino12\runs\20260515-221233_dataset_multy_sorted_Flair_worker_0.csv,dataset_multy_sorted_Flair,dataset/dataset_multy_sorted_Flair,cuda,5,no_encryption,0.0,5,[],N/A,4,224,0.001,5,logs_MSIDomino12\dataset_multy_sorted_Flair_run_0_GoogLeNet,GoogLeNet,1,100,3,16,2,2,MSIDomino12,static/plots_MSIDomino12\dataset_multy_sorted_Flair_run_0_GoogLeNet,1800,300,180,run_dataset_MSIDomino12\dataset_multy_sorted_Flair_run_0_GoogLeNet,8779083388:AAE9m7dlXSm2ql1kYsqcwcNy34pNYUSYFuo,139781098,809.3023300170898
16,FedAvg,16,0.5741935483870968,0.41950844854070657,0.9684791834123673,0.33089605734767025,0.5741935483870968,0,-1,-1,csv_MSIDomino12\runs\20260515-221717_dataset_multy_sorted_Flair_worker_1.csv,dataset_multy_sorted_Flair,dataset/dataset_multy_sorted_Flair,cuda,5,no_encryption,0.0,5,[],N/A,4,224,0.001,5,logs_MSIDomino12\dataset_multy_sorted_Flair_run_1_GoogLeNet,GoogLeNet,1,100,3,16,4,2,MSIDomino12,static/plots_MSIDomino12\dataset_multy_sorted_Flair_run_1_GoogLeNet,1800,300,180,run_dataset_MSIDomino12\dataset_multy_sorted_Flair_run_1_GoogLeNet,8779083388:AAE9m7dlXSm2ql1kYsqcwcNy34pNYUSYFuo,139781098,872.5504658222198
16,FedProx,16,0.5870967741935483,0.5471447906931778,0.8925272910825668,0.536400409626216,0.5870967741935483,2,-1,-1,csv_MSIDomino12\runs\20260515-222737_dataset_multy_sorted_Flair_worker_0.csv,dataset_multy_sorted_Flair,dataset/dataset_multy_sorted_Flair,cuda,5,no_encryption,0.05,5,[],N/A,4,224,0.001,5,logs_MSIDomino12\dataset_multy_sorted_Flair_run_0_GoogLeNet,GoogLeNet,1,100,3,16,2,2,MSIDomino12,static/plots_MSIDomino12\dataset_multy_sorted_Flair_run_0_GoogLeNet,1800,300,180,run_dataset_MSIDomino12\dataset_multy_sorted_Flair_run_0_GoogLeNet,8779083388:AAE9m7dlXSm2ql1kYsqcwcNy34pNYUSYFuo,139781098,899.9987049102783
16,FedProx,16,0.5741935483870968,0.41950844854070657,0.9753242808003579,0.33089605734767025,0.5741935483870968,0,-1,-1,csv_MSIDomino12\runs\20260515-223225_dataset_multy_sorted_Flair_worker_1.csv,dataset_multy_sorted_Flair,dataset/dataset_multy_sorted_Flair,cuda,5,no_encryption,0.05,5,[],N/A,4,224,0.001,5,logs_MSIDomino12\dataset_multy_sorted_Flair_run_1_GoogLeNet,GoogLeNet,1,100,3,16,4,2,MSIDomino12,static/plots_MSIDomino12\dataset_multy_sorted_Flair_run_1_GoogLeNet,1800,300,180,run_dataset_MSIDomino12\dataset_multy_sorted_Flair_run_1_GoogLeNet,8779083388:AAE9m7dlXSm2ql1kYsqcwcNy34pNYUSYFuo,139781098,903.8945472240448
32,FedAvg,16,0.63125,0.5390625,0.824615178629756,0.5053124999999999,0.63125,1,-1,-1,csv_MSIDomino12\runs\20260515-224550_dataset_multy_sorted_Flair_worker_0.csv,dataset_multy_sorted_Flair,dataset/dataset_multy_sorted_Flair,cuda,5,no_encryption,0.0,5,[],N/A,4,224,0.001,5,logs_MSIDomino12\dataset_multy_sorted_Flair_run_0_GoogLeNet,GoogLeNet,1,100,3,32,2,2,MSIDomino12,static/plots_MSIDomino12\dataset_multy_sorted_Flair_run_0_GoogLeNet,1800,300,180,run_dataset_MSIDomino12\dataset_multy_sorted_Flair_run_0_GoogLeNet,8779083388:AAE9m7dlXSm2ql1kYsqcwcNy34pNYUSYFuo,139781098,1088.6672489643097
32,FedAvg,16,0.6,0.45,0.9132766649127007,0.36,0.6,0,-1,-1,csv_MSIDomino12\runs\20260515-225306_dataset_multy_sorted_Flair_worker_1.csv,dataset_multy_sorted_Flair,dataset/dataset_multy_sorted_Flair,cuda,5,no_encryption,0.0,5,[],N/A,4,224,0.001,5,logs_MSIDomino12\dataset_multy_sorted_Flair_run_1_GoogLeNet,GoogLeNet,1,100,3,32,4,2,MSIDomino12,static/plots_MSIDomino12\dataset_multy_sorted_Flair_run_1_GoogLeNet,1800,300,180,run_dataset_MSIDomino12\dataset_multy_sorted_Flair_run_1_GoogLeNet,8779083388:AAE9m7dlXSm2ql1kYsqcwcNy34pNYUSYFuo,139781098,1236.8443412780762
32,FedProx,16,0.63125,0.5484375,0.7661094330251217,0.5203125,0.63125,4,-1,-1,csv_MSIDomino12\runs\20260515-230311_dataset_multy_sorted_Flair_worker_0.csv,dataset_multy_sorted_Flair,dataset/dataset_multy_sorted_Flair,cuda,5,no_encryption,0.05,5,[],N/A,4,224,0.001,5,logs_MSIDomino12\dataset_multy_sorted_Flair_run_0_GoogLeNet,GoogLeNet,1,100,3,32,2,2,MSIDomino12,static/plots_MSIDomino12\dataset_multy_sorted_Flair_run_0_GoogLeNet,1800,300,180,run_dataset_MSIDomino12\dataset_multy_sorted_Flair_run_0_GoogLeNet,8779083388:AAE9m7dlXSm2ql1kYsqcwcNy34pNYUSYFuo,139781098,1037.7843148708344
32,FedProx,16,0.6,0.45,0.8649711403995752,0.36,0.6,0,-1,-1,csv_MSIDomino12\runs\20260515-231220_dataset_multy_sorted_Flair_worker_1.csv,dataset_multy_sorted_Flair,dataset/dataset_multy_sorted_Flair,cuda,5,no_encryption,0.05,5,[],N/A,4,224,0.001,5,logs_MSIDomino12\dataset_multy_sorted_Flair_run_1_GoogLeNet,GoogLeNet,1,100,3,32,4,2,MSIDomino12,static/plots_MSIDomino12\dataset_multy_sorted_Flair_run_1_GoogLeNet,1800,300,180,run_dataset_MSIDomino12\dataset_multy_sorted_Flair_run_1_GoogLeNet,8779083388:AAE9m7dlXSm2ql1kYsqcwcNy34pNYUSYFuo,139781098,1149.6625123023987
2,FedAvg,16,0.6232876712328768,0.5718725224547142,0.7785529633090921,0.5494678026670436,0.6232876712328768,6,-1,-1,csv_MSIDomino12\runs\20260515-231930_dataset_multy_sorted_Flair_worker_0.csv,dataset_multy_sorted_Flair,dataset/dataset_multy_sorted_Flair,cuda,5,no_encryption,0.0,10,[],N/A,4,224,0.001,2,logs_MSIDomino12\dataset_multy_sorted_Flair_run_0_GoogLeNet,GoogLeNet,1,100,3,2,2,2,MSIDomino12,static/plots_MSIDomino12\dataset_multy_sorted_Flair_run_0_GoogLeNet,1800,300,180,run_dataset_MSIDomino12\dataset_multy_sorted_Flair_run_0_GoogLeNet,8779083388:AAE9m7dlXSm2ql1kYsqcwcNy34pNYUSYFuo,139781098,973.2008423805237
2,FedAvg,16,0.5958904109589042,0.5596612567552488,0.7865925659872082,0.5332988713707245,0.5958904109589042,7,-1,-1,csv_MSIDomino12\runs\20260515-232929_dataset_multy_sorted_Flair_worker_1.csv,dataset_multy_sorted_Flair,dataset/dataset_multy_sorted_Flair,cuda,5,no_encryption,0.0,10,[],N/A,4,224,0.001,2,logs_MSIDomino12\dataset_multy_sorted_Flair_run_1_GoogLeNet,GoogLeNet,1,100,3,2,4,2,MSIDomino12,static/plots_MSIDomino12\dataset_multy_sorted_Flair_run_1_GoogLeNet,1800,300,180,run_dataset_MSIDomino12\dataset_multy_sorted_Flair_run_1_GoogLeNet,8779083388:AAE9m7dlXSm2ql1kYsqcwcNy34pNYUSYFuo,139781098,1023.9223232269287
2,FedProx,16,0.6095890410958904,0.5615822406476789,0.7779576435481033,0.5341517014159665,0.6095890410958904,9,-1,-1,csv_MSIDomino12\runs\20260515-233956_dataset_multy_sorted_Flair_worker_1.csv,dataset_multy_sorted_Flair,dataset/dataset_multy_sorted_Flair,cuda,5,no_encryption,0.05,10,[],N/A,4,224,0.001,2,logs_MSIDomino12\dataset_multy_sorted_Flair_run_1_GoogLeNet,GoogLeNet,1,100,3,2,4,2,MSIDomino12,static/plots_MSIDomino12\dataset_multy_sorted_Flair_run_1_GoogLeNet,1800,300,180,run_dataset_MSIDomino12\dataset_multy_sorted_Flair_run_1_GoogLeNet,8779083388:AAE9m7dlXSm2ql1kYsqcwcNy34pNYUSYFuo,139781098,623.3586525917053
2,FedProx,16,0.6643835616438356,0.6442419906082415,0.7646793412835631,0.6892010578348697,0.6643835616438356,9,-1,-1,csv_MSIDomino12\runs\20260515-233633_dataset_multy_sorted_Flair_worker_0.csv,dataset_multy_sorted_Flair,dataset/dataset_multy_sorted_Flair,cuda,5,no_encryption,0.05,10,[],N/A,4,224,0.001,2,logs_MSIDomino12\dataset_multy_sorted_Flair_run_0_GoogLeNet,GoogLeNet,1,100,3,2,2,2,MSIDomino12,static/plots_MSIDomino12\dataset_multy_sorted_Flair_run_0_GoogLeNet,1800,300,180,run_dataset_MSIDomino12\dataset_multy_sorted_Flair_run_0_GoogLeNet,8779083388:AAE9m7dlXSm2ql1kYsqcwcNy34pNYUSYFuo,139781098,1019.4381363391876
4,FedAvg,16,0.6418918918918919,0.6072684191964012,0.8161278520081494,0.579912837478627,0.6418918918918919,8,-1,-1,csv_MSIDomino12\runs\20260515-234435_dataset_multy_sorted_Flair_worker_1.csv,dataset_multy_sorted_Flair,dataset/dataset_multy_sorted_Flair,cuda,5,no_encryption,0.0,10,[],N/A,4,224,0.001,2,logs_MSIDomino12\dataset_multy_sorted_Flair_run_1_GoogLeNet,GoogLeNet,1,100,3,4,2,2,MSIDomino12,static/plots_MSIDomino12\dataset_multy_sorted_Flair_run_1_GoogLeNet,1800,300,180,run_dataset_MSIDomino12\dataset_multy_sorted_Flair_run_1_GoogLeNet,8779083388:AAE9m7dlXSm2ql1kYsqcwcNy34pNYUSYFuo,139781098,274.56608176231384
4,FedProx,16,0.6148648648648649,0.5793127133344524,0.8116642220600231,0.550680006930007,0.6148648648648649,7,-1,-1,csv_MSIDomino12\runs\20260515-234916_dataset_multy_sorted_Flair_worker_1.csv,dataset_multy_sorted_Flair,dataset/dataset_multy_sorted_Flair,cuda,5,no_encryption,0.05,10,[],N/A,4,224,0.001,2,logs_MSIDomino12\dataset_multy_sorted_Flair_run_1_GoogLeNet,GoogLeNet,1,100,3,4,2,2,MSIDomino12,static/plots_MSIDomino12\dataset_multy_sorted_Flair_run_1_GoogLeNet,1800,300,180,run_dataset_MSIDomino12\dataset_multy_sorted_Flair_run_1_GoogLeNet,8779083388:AAE9m7dlXSm2ql1kYsqcwcNy34pNYUSYFuo,139781098,276.5021812915802
8,FedAvg,16,0.5526315789473685,0.5098171017049735,0.8710573197979676,0.48855010121457493,0.5526315789473685,9,-1,-1,csv_MSIDomino12\runs\20260515-235455_dataset_multy_sorted_Flair_worker_1.csv,dataset_multy_sorted_Flair,dataset/dataset_multy_sorted_Flair,cuda,5,no_encryption,0.0,10,[],N/A,4,224,0.001,2,logs_MSIDomino12\dataset_multy_sorted_Flair_run_1_GoogLeNet,GoogLeNet,1,100,3,8,2,2,MSIDomino12,static/plots_MSIDomino12\dataset_multy_sorted_Flair_run_1_GoogLeNet,1800,300,180,run_dataset_MSIDomino12\dataset_multy_sorted_Flair_run_1_GoogLeNet,8779083388:AAE9m7dlXSm2ql1kYsqcwcNy34pNYUSYFuo,139781098,336.7400722503662
8,FedProx,16,0.5592105263157895,0.40146702964307324,0.9322224918164705,0.313365650969529,0.5592105263157895,0,-1,-1,csv_MSIDomino12\runs\20260516-000121_dataset_multy_sorted_Flair_worker_1.csv,dataset_multy_sorted_Flair,dataset/dataset_multy_sorted_Flair,cuda,5,no_encryption,0.05,10,[],N/A,4,224,0.001,2,logs_MSIDomino12\dataset_multy_sorted_Flair_run_1_GoogLeNet,GoogLeNet,1,100,3,8,4,2,MSIDomino12,static/plots_MSIDomino12\dataset_multy_sorted_Flair_run_1_GoogLeNet,1800,300,180,run_dataset_MSIDomino12\dataset_multy_sorted_Flair_run_1_GoogLeNet,8779083388:AAE9m7dlXSm2ql1kYsqcwcNy34pNYUSYFuo,139781098,378.71268010139465
16,FedProx,16,0.5935483870967742,0.45418409547441807,0.8791042620135892,0.39636200716845876,0.5935483870967742,7,-1,-1,csv_MSIDomino12\runs\20260516-001003_dataset_multy_sorted_Flair_worker_1.csv,dataset_multy_sorted_Flair,dataset/dataset_multy_sorted_Flair,cuda,5,no_encryption,0.05,10,[],N/A,4,224,0.001,2,logs_MSIDomino12\dataset_multy_sorted_Flair_run_1_GoogLeNet,GoogLeNet,1,100,3,16,2,2,MSIDomino12,static/plots_MSIDomino12\dataset_multy_sorted_Flair_run_1_GoogLeNet,1800,300,180,run_dataset_MSIDomino12\dataset_multy_sorted_Flair_run_1_GoogLeNet,8779083388:AAE9m7dlXSm2ql1kYsqcwcNy34pNYUSYFuo,139781098,515.4344756603241
32,FedProx,16,0.6125,0.4706845238095238,0.7654298972338438,0.39062499999999994,0.6125,8,-1,-1,csv_MSIDomino12\runs\20260516-002752_dataset_multy_sorted_Flair_worker_1.csv,dataset_multy_sorted_Flair,dataset/dataset_multy_sorted_Flair,cuda,5,no_encryption,0.05,10,[],N/A,4,224,0.001,2,logs_MSIDomino12\dataset_multy_sorted_Flair_run_1_GoogLeNet,GoogLeNet,1,100,3,32,2,2,MSIDomino12,static/plots_MSIDomino12\dataset_multy_sorted_Flair_run_1_GoogLeNet,1800,300,180,run_dataset_MSIDomino12\dataset_multy_sorted_Flair_run_1_GoogLeNet,8779083388:AAE9m7dlXSm2ql1kYsqcwcNy34pNYUSYFuo,139781098,1066.519254207611
2,FedProx,16,0.6712328767123288,0.6660330948121646,0.6958193162532702,0.6629294502731072,0.6712328767123288,8,-1,-1,csv_MSIDomino12\runs\20260516-005010_dataset_multy_sorted_Flair_worker_0.csv,dataset_multy_sorted_Flair,dataset/dataset_multy_sorted_Flair,cuda,5,no_encryption,0.05,10,[],N/A,4,224,0.001,5,logs_MSIDomino12\dataset_multy_sorted_Flair_run_0_GoogLeNet,GoogLeNet,1,100,3,2,2,2,MSIDomino12,static/plots_MSIDomino12\dataset_multy_sorted_Flair_run_0_GoogLeNet,1800,300,180,run_dataset_MSIDomino12\dataset_multy_sorted_Flair_run_0_GoogLeNet,8779083388:AAE9m7dlXSm2ql1kYsqcwcNy34pNYUSYFuo,139781098,1823.763382434845
2,FedProx,16,0.6506849315068494,0.6261829494706206,0.7575570687855759,0.6289689933206977,0.6506849315068494,7,-1,-1,csv_MSIDomino12\runs\20260516-005418_dataset_multy_sorted_Flair_worker_1.csv,dataset_multy_sorted_Flair,dataset/dataset_multy_sorted_Flair,cuda,5,no_encryption,0.05,10,[],N/A,4,224,0.001,5,logs_MSIDomino12\dataset_multy_sorted_Flair_run_1_GoogLeNet,GoogLeNet,1,100,3,2,4,2,MSIDomino12,static/plots_MSIDomino12\dataset_multy_sorted_Flair_run_1_GoogLeNet,1800,300,180,run_dataset_MSIDomino12\dataset_multy_sorted_Flair_run_1_GoogLeNet,8779083388:AAE9m7dlXSm2ql1kYsqcwcNy34pNYUSYFuo,139781098,1580.3302557468414
32,FedAvg,16,0.6,0.45,0.8801721949130297,0.36,0.6,0,-1,-1,csv_MSIDomino12\runs\20260516-014834_dataset_multy_sorted_Flair_worker_0.csv,dataset_multy_sorted_Flair,dataset/dataset_multy_sorted_Flair,cuda,5,no_encryption,0.0,10,[],N/A,4,224,0.001,5,logs_MSIDomino12\dataset_multy_sorted_Flair_run_0_GoogLeNet,GoogLeNet,1,100,3,32,4,2,MSIDomino12,static/plots_MSIDomino12\dataset_multy_sorted_Flair_run_0_GoogLeNet,1800,300,180,run_dataset_MSIDomino12\dataset_multy_sorted_Flair_run_0_GoogLeNet,8779083388:AAE9m7dlXSm2ql1kYsqcwcNy34pNYUSYFuo,139781098,1721.451728105545
2,FedAvg,16,0.6712328767123288,0.6471895978158122,0.7551706653751739,0.6371035961084309,0.6712328767123288,11,-1,-1,csv_MSIDomino12\runs\20260516-020439_dataset_multy_sorted_Flair_worker_1.csv,dataset_multy_sorted_Flair,dataset/dataset_multy_sorted_Flair,cuda,5,no_encryption,0.0,20,[],N/A,4,224,0.001,2,logs_MSIDomino12\dataset_multy_sorted_Flair_run_1_GoogLeNet,GoogLeNet,1,100,3,2,2,2,MSIDomino12,static/plots_MSIDomino12\dataset_multy_sorted_Flair_run_1_GoogLeNet,1800,300,180,run_dataset_MSIDomino12\dataset_multy_sorted_Flair_run_1_GoogLeNet,8779083388:AAE9m7dlXSm2ql1kYsqcwcNy34pNYUSYFuo,139781098,2194.1837904453278
2,FedAvg,16,0.678082191780822,0.6754133631515914,0.7552338462986358,0.6871622907153728,0.678082191780822,15,-1,-1,csv_MSIDomino12\runs\20260516-022452_dataset_multy_sorted_Flair_worker_0.csv,dataset_multy_sorted_Flair,dataset/dataset_multy_sorted_Flair,cuda,5,no_encryption,0.0,20,[],N/A,4,224,0.001,2,logs_MSIDomino12\dataset_multy_sorted_Flair_run_0_GoogLeNet,GoogLeNet,1,100,3,2,4,2,MSIDomino12,static/plots_MSIDomino12\dataset_multy_sorted_Flair_run_0_GoogLeNet,1800,300,180,run_dataset_MSIDomino12\dataset_multy_sorted_Flair_run_0_GoogLeNet,8779083388:AAE9m7dlXSm2ql1kYsqcwcNy34pNYUSYFuo,139781098,2172.1429295539856
2,FedProx,16,0.6575342465753424,0.6390573789048758,0.7291043751860318,0.650390181098783,0.6575342465753424,16,-1,-1,csv_MSIDomino12\runs\20260516-024257_dataset_multy_sorted_Flair_worker_1.csv,dataset_multy_sorted_Flair,dataset/dataset_multy_sorted_Flair,cuda,5,no_encryption,0.05,20,[],N/A,4,224,0.001,2,logs_MSIDomino12\dataset_multy_sorted_Flair_run_1_GoogLeNet,GoogLeNet,1,100,3,2,2,2,MSIDomino12,static/plots_MSIDomino12\dataset_multy_sorted_Flair_run_1_GoogLeNet,1800,300,180,run_dataset_MSIDomino12\dataset_multy_sorted_Flair_run_1_GoogLeNet,8779083388:AAE9m7dlXSm2ql1kYsqcwcNy34pNYUSYFuo,139781098,2292.6519997119904
2,FedProx,16,0.6232876712328768,0.6299983361987689,0.7745697547311652,0.6438363284253695,0.6232876712328768,16,-1,-1,csv_MSIDomino12\runs\20260516-030228_dataset_multy_sorted_Flair_worker_0.csv,dataset_multy_sorted_Flair,dataset/dataset_multy_sorted_Flair,cuda,5,no_encryption,0.05,20,[],N/A,4,224,0.001,2,logs_MSIDomino12\dataset_multy_sorted_Flair_run_0_GoogLeNet,GoogLeNet,1,100,3,2,4,2,MSIDomino12,static/plots_MSIDomino12\dataset_multy_sorted_Flair_run_0_GoogLeNet,1800,300,180,run_dataset_MSIDomino12\dataset_multy_sorted_Flair_run_0_GoogLeNet,8779083388:AAE9m7dlXSm2ql1kYsqcwcNy34pNYUSYFuo,139781098,2251.6444385051727
4,FedAvg,16,0.6283783783783784,0.6189679710759508,0.7619577299904179,0.6343045806802705,0.6283783783783784,16,-1,-1,csv_MSIDomino12\runs\20260516-031515_dataset_multy_sorted_Flair_worker_1.csv,dataset_multy_sorted_Flair,dataset/dataset_multy_sorted_Flair,cuda,5,no_encryption,0.0,20,[],N/A,4,224,0.001,2,logs_MSIDomino12\dataset_multy_sorted_Flair_run_1_GoogLeNet,GoogLeNet,1,100,3,4,2,2,MSIDomino12,static/plots_MSIDomino12\dataset_multy_sorted_Flair_run_1_GoogLeNet,1800,300,180,run_dataset_MSIDomino12\dataset_multy_sorted_Flair_run_1_GoogLeNet,8779083388:AAE9m7dlXSm2ql1kYsqcwcNy34pNYUSYFuo,139781098,1933.8813841342926
4,FedAvg,16,0.6081081081081081,0.6051933831981909,0.8524979876505362,0.6334753150929622,0.6081081081081081,15,-1,-1,csv_MSIDomino12\runs\20260516-033349_dataset_multy_sorted_Flair_worker_0.csv,dataset_multy_sorted_Flair,dataset/dataset_multy_sorted_Flair,cuda,5,no_encryption,0.0,20,[],N/A,4,224,0.001,2,logs_MSIDomino12\dataset_multy_sorted_Flair_run_0_GoogLeNet,GoogLeNet,1,100,3,4,4,2,MSIDomino12,static/plots_MSIDomino12\dataset_multy_sorted_Flair_run_0_GoogLeNet,1800,300,180,run_dataset_MSIDomino12\dataset_multy_sorted_Flair_run_0_GoogLeNet,8779083388:AAE9m7dlXSm2ql1kYsqcwcNy34pNYUSYFuo,139781098,1875.4556994438171
4,FedProx,16,0.6554054054054054,0.6393795374693007,0.7519969529396778,0.6448223791973792,0.6554054054054054,16,-1,-1,csv_MSIDomino12\runs\20260516-034742_dataset_multy_sorted_Flair_worker_1.csv,dataset_multy_sorted_Flair,dataset/dataset_multy_sorted_Flair,cuda,5,no_encryption,0.05,20,[],N/A,4,224,0.001,2,logs_MSIDomino12\dataset_multy_sorted_Flair_run_1_GoogLeNet,GoogLeNet,1,100,3,4,2,2,MSIDomino12,static/plots_MSIDomino12\dataset_multy_sorted_Flair_run_1_GoogLeNet,1800,300,180,run_dataset_MSIDomino12\dataset_multy_sorted_Flair_run_1_GoogLeNet,8779083388:AAE9m7dlXSm2ql1kYsqcwcNy34pNYUSYFuo,139781098,1942.5163214206696
4,FedProx,16,0.6418918918918919,0.6250951615383027,0.7952882003139805,0.6540661072394819,0.6418918918918919,18,-1,-1,csv_MSIDomino12\runs\20260516-040655_dataset_multy_sorted_Flair_worker_0.csv,dataset_multy_sorted_Flair,dataset/dataset_multy_sorted_Flair,cuda,5,no_encryption,0.05,20,[],N/A,4,224,0.001,2,logs_MSIDomino12\dataset_multy_sorted_Flair_run_0_GoogLeNet,GoogLeNet,1,100,3,4,4,2,MSIDomino12,static/plots_MSIDomino12\dataset_multy_sorted_Flair_run_0_GoogLeNet,1800,300,180,run_dataset_MSIDomino12\dataset_multy_sorted_Flair_run_0_GoogLeNet,8779083388:AAE9m7dlXSm2ql1kYsqcwcNy34pNYUSYFuo,139781098,1980.6391978263855
8,FedAvg,16,0.5855263157894737,0.536423296806592,0.8396758523426557,0.5164094129554656,0.5855263157894737,13,-1,-1,csv_MSIDomino12\runs\20260516-042158_dataset_multy_sorted_Flair_worker_1.csv,dataset_multy_sorted_Flair,dataset/dataset_multy_sorted_Flair,cuda,5,no_encryption,0.0,20,[],N/A,4,224,0.001,2,logs_MSIDomino12\dataset_multy_sorted_Flair_run_1_GoogLeNet,GoogLeNet,1,100,3,8,2,2,MSIDomino12,static/plots_MSIDomino12\dataset_multy_sorted_Flair_run_1_GoogLeNet,1800,300,180,run_dataset_MSIDomino12\dataset_multy_sorted_Flair_run_1_GoogLeNet,8779083388:AAE9m7dlXSm2ql1kYsqcwcNy34pNYUSYFuo,139781098,2050.3522140979767
8,FedAvg,16,0.5855263157894737,0.5001929025635922,0.8863133662625363,0.5274413054695563,0.5855263157894737,19,-1,-1,csv_MSIDomino12\runs\20260516-044146_dataset_multy_sorted_Flair_worker_0.csv,dataset_multy_sorted_Flair,dataset/dataset_multy_sorted_Flair,cuda,5,no_encryption,0.0,20,[],N/A,4,224,0.001,2,logs_MSIDomino12\dataset_multy_sorted_Flair_run_0_GoogLeNet,GoogLeNet,1,100,3,8,4,2,MSIDomino12,static/plots_MSIDomino12\dataset_multy_sorted_Flair_run_0_GoogLeNet,1800,300,180,run_dataset_MSIDomino12\dataset_multy_sorted_Flair_run_0_GoogLeNet,8779083388:AAE9m7dlXSm2ql1kYsqcwcNy34pNYUSYFuo,139781098,2086.794420480728
8,FedProx,16,0.5855263157894737,0.5529016201613455,0.8132949973407545,0.538516910720858,0.5855263157894737,19,-1,-1,csv_MSIDomino12\runs\20260516-045913_dataset_multy_sorted_Flair_worker_1.csv,dataset_multy_sorted_Flair,dataset/dataset_multy_sorted_Flair,cuda,5,no_encryption,0.05,20,[],N/A,4,224,0.001,2,logs_MSIDomino12\dataset_multy_sorted_Flair_run_1_GoogLeNet,GoogLeNet,1,100,3,8,2,2,MSIDomino12,static/plots_MSIDomino12\dataset_multy_sorted_Flair_run_1_GoogLeNet,1800,300,180,run_dataset_MSIDomino12\dataset_multy_sorted_Flair_run_1_GoogLeNet,8779083388:AAE9m7dlXSm2ql1kYsqcwcNy34pNYUSYFuo,139781098,2230.920718193054
8,FedProx,16,0.5526315789473685,0.5043878375628947,0.8555402787108171,0.4799756744803184,0.5526315789473685,19,-1,-1,csv_MSIDomino12\runs\20260516-051826_dataset_multy_sorted_Flair_worker_0.csv,dataset_multy_sorted_Flair,dataset/dataset_multy_sorted_Flair,cuda,5,no_encryption,0.05,20,[],N/A,4,224,0.001,2,logs_MSIDomino12\dataset_multy_sorted_Flair_run_0_GoogLeNet,GoogLeNet,1,100,3,8,4,2,MSIDomino12,static/plots_MSIDomino12\dataset_multy_sorted_Flair_run_0_GoogLeNet,1800,300,180,run_dataset_MSIDomino12\dataset_multy_sorted_Flair_run_0_GoogLeNet,8779083388:AAE9m7dlXSm2ql1kYsqcwcNy34pNYUSYFuo,139781098,2194.751487016678
16,FedAvg,16,0.632258064516129,0.5903246216149443,0.8423232886099046,0.5700614439324116,0.632258064516129,19,-1,-1,csv_MSIDomino12\runs\20260516-054004_dataset_multy_sorted_Flair_worker_1.csv,dataset_multy_sorted_Flair,dataset/dataset_multy_sorted_Flair,cuda,5,no_encryption,0.0,20,[],N/A,4,224,0.001,2,logs_MSIDomino12\dataset_multy_sorted_Flair_run_1_GoogLeNet,GoogLeNet,1,100,3,16,2,2,MSIDomino12,static/plots_MSIDomino12\dataset_multy_sorted_Flair_run_1_GoogLeNet,1800,300,180,run_dataset_MSIDomino12\dataset_multy_sorted_Flair_run_1_GoogLeNet,8779083388:AAE9m7dlXSm2ql1kYsqcwcNy34pNYUSYFuo,139781098,2447.0106813907623
16,FedAvg,16,0.5741935483870968,0.41950844854070657,0.9310698828389568,0.33089605734767025,0.5741935483870968,0,-1,-1,csv_MSIDomino12\runs\20260516-060006_dataset_multy_sorted_Flair_worker_0.csv,dataset_multy_sorted_Flair,dataset/dataset_multy_sorted_Flair,cuda,5,no_encryption,0.0,20,[],N/A,4,224,0.001,2,logs_MSIDomino12\dataset_multy_sorted_Flair_run_0_GoogLeNet,GoogLeNet,1,100,3,16,4,2,MSIDomino12,static/plots_MSIDomino12\dataset_multy_sorted_Flair_run_0_GoogLeNet,1800,300,180,run_dataset_MSIDomino12\dataset_multy_sorted_Flair_run_0_GoogLeNet,8779083388:AAE9m7dlXSm2ql1kYsqcwcNy34pNYUSYFuo,139781098,2497.359016418457
16,FedProx,16,0.6193548387096774,0.5744698312440248,0.8253346904631584,0.5694162826420891,0.6193548387096774,19,-1,-1,csv_MSIDomino12\runs\20260516-062049_dataset_multy_sorted_Flair_worker_1.csv,dataset_multy_sorted_Flair,dataset/dataset_multy_sorted_Flair,cuda,5,no_encryption,0.05,20,[],N/A,4,224,0.001,2,logs_MSIDomino12\dataset_multy_sorted_Flair_run_1_GoogLeNet,GoogLeNet,1,100,3,16,2,2,MSIDomino12,static/plots_MSIDomino12\dataset_multy_sorted_Flair_run_1_GoogLeNet,1800,300,180,run_dataset_MSIDomino12\dataset_multy_sorted_Flair_run_1_GoogLeNet,8779083388:AAE9m7dlXSm2ql1kYsqcwcNy34pNYUSYFuo,139781098,2441.730069875717
16,FedProx,16,0.5935483870967742,0.4772019378470991,0.8881985149075908,0.419132104454685,0.5935483870967742,19,-1,-1,csv_MSIDomino12\runs\20260516-064302_dataset_multy_sorted_Flair_worker_0.csv,dataset_multy_sorted_Flair,dataset/dataset_multy_sorted_Flair,cuda,5,no_encryption,0.05,20,[],N/A,4,224,0.001,2,logs_MSIDomino12\dataset_multy_sorted_Flair_run_0_GoogLeNet,GoogLeNet,1,100,3,16,4,2,MSIDomino12,static/plots_MSIDomino12\dataset_multy_sorted_Flair_run_0_GoogLeNet,1800,300,180,run_dataset_MSIDomino12\dataset_multy_sorted_Flair_run_0_GoogLeNet,8779083388:AAE9m7dlXSm2ql1kYsqcwcNy34pNYUSYFuo,139781098,2569.917786836624
32,FedAvg,16,0.66875,0.6210565476190476,0.7400387283414602,0.6282291666666667,0.66875,17,-1,-1,csv_MSIDomino12\runs\20260516-071857_dataset_multy_sorted_Flair_worker_1.csv,dataset_multy_sorted_Flair,dataset/dataset_multy_sorted_Flair,cuda,5,no_encryption,0.0,20,[],N/A,4,224,0.001,2,logs_MSIDomino12\dataset_multy_sorted_Flair_run_1_GoogLeNet,GoogLeNet,1,100,3,32,2,2,MSIDomino12,static/plots_MSIDomino12\dataset_multy_sorted_Flair_run_1_GoogLeNet,1800,300,180,run_dataset_MSIDomino12\dataset_multy_sorted_Flair_run_1_GoogLeNet,8779083388:AAE9m7dlXSm2ql1kYsqcwcNy34pNYUSYFuo,139781098,3483.050364255905
32,FedAvg,16,0.6,0.45,1.0053975209593773,0.36,0.6,0,-1,-1,csv_MSIDomino12\runs\20260516-074423_dataset_multy_sorted_Flair_worker_0.csv,dataset_multy_sorted_Flair,dataset/dataset_multy_sorted_Flair,cuda,5,no_encryption,0.0,20,[],N/A,4,224,0.001,2,logs_MSIDomino12\dataset_multy_sorted_Flair_run_0_GoogLeNet,GoogLeNet,1,100,3,32,4,2,MSIDomino12,static/plots_MSIDomino12\dataset_multy_sorted_Flair_run_0_GoogLeNet,1800,300,180,run_dataset_MSIDomino12\dataset_multy_sorted_Flair_run_0_GoogLeNet,8779083388:AAE9m7dlXSm2ql1kYsqcwcNy34pNYUSYFuo,139781098,3676.163130044937
32,FedProx,16,0.675,0.6244047619047619,0.7331380676478148,0.6222916666666667,0.675,19,-1,-1,csv_MSIDomino12\runs\20260516-081843_dataset_multy_sorted_Flair_worker_1.csv,dataset_multy_sorted_Flair,dataset/dataset_multy_sorted_Flair,cuda,5,no_encryption,0.05,20,[],N/A,4,224,0.001,2,logs_MSIDomino12\dataset_multy_sorted_Flair_run_1_GoogLeNet,GoogLeNet,1,100,3,32,2,2,MSIDomino12,static/plots_MSIDomino12\dataset_multy_sorted_Flair_run_1_GoogLeNet,1800,300,180,run_dataset_MSIDomino12\dataset_multy_sorted_Flair_run_1_GoogLeNet,8779083388:AAE9m7dlXSm2ql1kYsqcwcNy34pNYUSYFuo,139781098,3581.46532702446
32,FedProx,16,0.6,0.45,0.9780566766858101,0.36,0.6,0,-1,-1,csv_MSIDomino12\runs\20260516-084802_dataset_multy_sorted_Flair_worker_0.csv,dataset_multy_sorted_Flair,dataset/dataset_multy_sorted_Flair,cuda,5,no_encryption,0.05,20,[],N/A,4,224,0.001,2,logs_MSIDomino12\dataset_multy_sorted_Flair_run_0_GoogLeNet,GoogLeNet,1,100,3,32,4,2,MSIDomino12,static/plots_MSIDomino12\dataset_multy_sorted_Flair_run_0_GoogLeNet,1800,300,180,run_dataset_MSIDomino12\dataset_multy_sorted_Flair_run_0_GoogLeNet,8779083388:AAE9m7dlXSm2ql1kYsqcwcNy34pNYUSYFuo,139781098,3812.1649708747864
2,FedAvg,16,0.7123287671232876,0.7170240837330376,0.6549456609438543,0.7290033536518756,0.7123287671232876,19,-1,-1,csv_MSIDomino12\runs\20260516-094828_dataset_multy_sorted_Flair_worker_1.csv,dataset_multy_sorted_Flair,dataset/dataset_multy_sorted_Flair,cuda,5,no_encryption,0.0,20,[],N/A,4,224,0.001,5,logs_MSIDomino12\dataset_multy_sorted_Flair_run_1_GoogLeNet,GoogLeNet,1,100,3,2,2,2,MSIDomino12,static/plots_MSIDomino12\dataset_multy_sorted_Flair_run_1_GoogLeNet,1800,300,180,run_dataset_MSIDomino12\dataset_multy_sorted_Flair_run_1_GoogLeNet,8779083388:AAE9m7dlXSm2ql1kYsqcwcNy34pNYUSYFuo,139781098,5380.533542871475
2,FedAvg,16,0.6986301369863014,0.7048358686686059,0.6889594115623056,0.7355088689848964,0.6986301369863014,19,-1,-1,csv_MSIDomino12\runs\20260516-102422_dataset_multy_sorted_Flair_worker_0.csv,dataset_multy_sorted_Flair,dataset/dataset_multy_sorted_Flair,cuda,5,no_encryption,0.0,20,[],N/A,4,224,0.001,5,logs_MSIDomino12\dataset_multy_sorted_Flair_run_0_GoogLeNet,GoogLeNet,1,100,3,2,4,2,MSIDomino12,static/plots_MSIDomino12\dataset_multy_sorted_Flair_run_0_GoogLeNet,1800,300,180,run_dataset_MSIDomino12\dataset_multy_sorted_Flair_run_0_GoogLeNet,8779083388:AAE9m7dlXSm2ql1kYsqcwcNy34pNYUSYFuo,139781098,5776.293865680695
2,FedProx,16,0.684931506849315,0.6857845350996037,0.6466398251383272,0.6894691362276579,0.684931506849315,17,-1,-1,csv_MSIDomino12\runs\20260516-113602_dataset_multy_sorted_Flair_worker_1.csv,dataset_multy_sorted_Flair,dataset/dataset_multy_sorted_Flair,cuda,5,no_encryption,0.05,20,[],N/A,4,224,0.001,5,logs_MSIDomino12\dataset_multy_sorted_Flair_run_1_GoogLeNet,GoogLeNet,1,100,3,2,2,2,MSIDomino12,static/plots_MSIDomino12\dataset_multy_sorted_Flair_run_1_GoogLeNet,1800,300,180,run_dataset_MSIDomino12\dataset_multy_sorted_Flair_run_1_GoogLeNet,8779083388:AAE9m7dlXSm2ql1kYsqcwcNy34pNYUSYFuo,139781098,6449.2033886909485
2,FedProx,16,0.684931506849315,0.6765785101878932,0.6543673456531681,0.679978130486438,0.684931506849315,19,-1,-1,csv_MSIDomino12\runs\20260516-120755_dataset_multy_sorted_Flair_worker_0.csv,dataset_multy_sorted_Flair,dataset/dataset_multy_sorted_Flair,cuda,5,no_encryption,0.05,20,[],N/A,4,224,0.001,5,logs_MSIDomino12\dataset_multy_sorted_Flair_run_0_GoogLeNet,GoogLeNet,1,100,3,2,4,2,MSIDomino12,static/plots_MSIDomino12\dataset_multy_sorted_Flair_run_0_GoogLeNet,1800,300,180,run_dataset_MSIDomino12\dataset_multy_sorted_Flair_run_0_GoogLeNet,8779083388:AAE9m7dlXSm2ql1kYsqcwcNy34pNYUSYFuo,139781098,6207.609616518021
4,FedAvg,16,0.722972972972973,0.7185473815706375,0.6878400175152598,0.7336657405307292,0.722972972972973,18,-1,-1,csv_MSIDomino12\runs\20260516-122330_dataset_multy_sorted_Flair_worker_1.csv,dataset_multy_sorted_Flair,dataset/dataset_multy_sorted_Flair,cuda,5,no_encryption,0.0,20,[],N/A,4,224,0.001,5,logs_MSIDomino12\dataset_multy_sorted_Flair_run_1_GoogLeNet,GoogLeNet,1,100,3,4,2,2,MSIDomino12,static/plots_MSIDomino12\dataset_multy_sorted_Flair_run_1_GoogLeNet,1800,300,180,run_dataset_MSIDomino12\dataset_multy_sorted_Flair_run_1_GoogLeNet,8779083388:AAE9m7dlXSm2ql1kYsqcwcNy34pNYUSYFuo,139781098,2840.768180847168
8,FedAvg,16,0.618421052631579,0.5842217797881414,0.7903060497421968,0.5836568584923848,0.618421052631579,11,-1,-1,csv_MSIDomino12\runs\20260516-133429_dataset_multy_sorted_Flair_worker_1.csv,dataset_multy_sorted_Flair,dataset/dataset_multy_sorted_Flair,cuda,5,no_encryption,0.0,20,[],N/A,4,224,0.001,5,logs_MSIDomino12\dataset_multy_sorted_Flair_run_1_GoogLeNet,GoogLeNet,1,100,3,8,2,2,MSIDomino12,static/plots_MSIDomino12\dataset_multy_sorted_Flair_run_1_GoogLeNet,1800,300,180,run_dataset_MSIDomino12\dataset_multy_sorted_Flair_run_1_GoogLeNet,8779083388:AAE9m7dlXSm2ql1kYsqcwcNy34pNYUSYFuo,139781098,4255.752441167831
8,FedAvg,16,0.5592105263157895,0.525718934850025,0.8472673351827421,0.5500253949267107,0.5592105263157895,13,-1,-1,csv_MSIDomino12\runs\20260516-140111_dataset_multy_sorted_Flair_worker_0.csv,dataset_multy_sorted_Flair,dataset/dataset_multy_sorted_Flair,cuda,5,no_encryption,0.0,20,[],N/A,4,224,0.001,5,logs_MSIDomino12\dataset_multy_sorted_Flair_run_0_GoogLeNet,GoogLeNet,1,100,3,8,4,2,MSIDomino12,static/plots_MSIDomino12\dataset_multy_sorted_Flair_run_0_GoogLeNet,1800,300,180,run_dataset_MSIDomino12\dataset_multy_sorted_Flair_run_0_GoogLeNet,8779083388:AAE9m7dlXSm2ql1kYsqcwcNy34pNYUSYFuo,139781098,5791.277172803879
4,FedAvg,16,0.5540540540540541,0.3951619496084106,0.868002679702398,0.3071585098612125,0.5540540540540541,9,-1,-1,csv_MSIDomino12\runs\20260518-111451_dataset_multy_sorted_Flair_worker_1.csv,dataset_multy_sorted_Flair,dataset/dataset_multy_sorted_Flair,cuda,5,no_encryption,0.0,10,[],N/A,4,224,0.001,2,logs_MSIDomino12\dataset_multy_sorted_Flair_run_1_GoogLeNet,GoogLeNet,1,100,3,4,4,2,MSIDomino12,static/plots_MSIDomino12\dataset_multy_sorted_Flair_run_1_GoogLeNet,1800,300,180,run_dataset_MSIDomino12\dataset_multy_sorted_Flair_run_1_GoogLeNet,8779083388:AAE9m7dlXSm2ql1kYsqcwcNy34pNYUSYFuo,139781098,342.3405737876892
4,FedProx,16,0.5878378378378378,0.47462413712413715,0.8402557195843877,0.6114366467307644,0.5878378378378378,9,-1,-1,csv_MSIDomino12\runs\20260518-111455_dataset_multy_sorted_Flair_worker_0.csv,dataset_multy_sorted_Flair,dataset/dataset_multy_sorted_Flair,cuda,5,no_encryption,0.05,10,[],N/A,4,224,0.001,2,logs_MSIDomino12\dataset_multy_sorted_Flair_run_0_GoogLeNet,GoogLeNet,1,100,3,4,4,2,MSIDomino12,static/plots_MSIDomino12\dataset_multy_sorted_Flair_run_0_GoogLeNet,1800,300,180,run_dataset_MSIDomino12\dataset_multy_sorted_Flair_run_0_GoogLeNet,8779083388:AAE9m7dlXSm2ql1kYsqcwcNy34pNYUSYFuo,139781098,346.21423864364624
8,FedProx,16,0.5921052631578947,0.516640425850952,0.8575228562480525,0.5234584623323013,0.5921052631578947,8,-1,-1,csv_MSIDomino12\runs\20260518-112419_dataset_multy_sorted_Flair_worker_0.csv,dataset_multy_sorted_Flair,dataset/dataset_multy_sorted_Flair,cuda,5,no_encryption,0.05,10,[],N/A,4,224,0.001,2,logs_MSIDomino12\dataset_multy_sorted_Flair_run_0_GoogLeNet,GoogLeNet,1,100,3,8,2,2,MSIDomino12,static/plots_MSIDomino12\dataset_multy_sorted_Flair_run_0_GoogLeNet,1800,300,180,run_dataset_MSIDomino12\dataset_multy_sorted_Flair_run_0_GoogLeNet,8779083388:AAE9m7dlXSm2ql1kYsqcwcNy34pNYUSYFuo,139781098,559.1645212173462
8,FedAvg,16,0.5592105263157895,0.40146702964307324,0.9703778106915323,0.313365650969529,0.5592105263157895,0,-1,-1,csv_MSIDomino12\runs\20260518-112509_dataset_multy_sorted_Flair_worker_1.csv,dataset_multy_sorted_Flair,dataset/dataset_multy_sorted_Flair,cuda,5,no_encryption,0.0,10,[],N/A,4,224,0.001,2,logs_MSIDomino12\dataset_multy_sorted_Flair_run_1_GoogLeNet,GoogLeNet,1,100,3,8,4,2,MSIDomino12,static/plots_MSIDomino12\dataset_multy_sorted_Flair_run_1_GoogLeNet,1800,300,180,run_dataset_MSIDomino12\dataset_multy_sorted_Flair_run_1_GoogLeNet,8779083388:AAE9m7dlXSm2ql1kYsqcwcNy34pNYUSYFuo,139781098,613.2171173095703
16,FedAvg,16,0.567741935483871,0.43243294340068533,0.8647574463198262,0.36883512544802866,0.567741935483871,9,-1,-1,csv_MSIDomino12\runs\20260518-114218_dataset_multy_sorted_Flair_worker_0.csv,dataset_multy_sorted_Flair,dataset/dataset_multy_sorted_Flair,cuda,5,no_encryption,0.0,10,[],N/A,4,224,0.001,2,logs_MSIDomino12\dataset_multy_sorted_Flair_run_0_GoogLeNet,GoogLeNet,1,100,3,16,2,2,MSIDomino12,static/plots_MSIDomino12\dataset_multy_sorted_Flair_run_0_GoogLeNet,1800,300,180,run_dataset_MSIDomino12\dataset_multy_sorted_Flair_run_0_GoogLeNet,8779083388:AAE9m7dlXSm2ql1kYsqcwcNy34pNYUSYFuo,139781098,1075.0011179447174
16,FedAvg,16,0.5741935483870968,0.41950844854070657,0.9592161524680353,0.33089605734767025,0.5741935483870968,0,-1,-1,csv_MSIDomino12\runs\20260518-114516_dataset_multy_sorted_Flair_worker_1.csv,dataset_multy_sorted_Flair,dataset/dataset_multy_sorted_Flair,cuda,5,no_encryption,0.0,10,[],N/A,4,224,0.001,2,logs_MSIDomino12\dataset_multy_sorted_Flair_run_1_GoogLeNet,GoogLeNet,1,100,3,16,4,2,MSIDomino12,static/plots_MSIDomino12\dataset_multy_sorted_Flair_run_1_GoogLeNet,1800,300,180,run_dataset_MSIDomino12\dataset_multy_sorted_Flair_run_1_GoogLeNet,8779083388:AAE9m7dlXSm2ql1kYsqcwcNy34pNYUSYFuo,139781098,1202.2469737529755
16,FedProx,16,0.5741935483870968,0.41950844854070657,0.9346023321151733,0.33089605734767025,0.5741935483870968,0,-1,-1,csv_MSIDomino12\runs\20260518-122841_dataset_multy_sorted_Flair_worker_0.csv,dataset_multy_sorted_Flair,dataset/dataset_multy_sorted_Flair,cuda,5,no_encryption,0.05,10,[],N/A,4,224,0.001,2,logs_MSIDomino12\dataset_multy_sorted_Flair_run_0_GoogLeNet,GoogLeNet,1,100,3,16,4,2,MSIDomino12,static/plots_MSIDomino12\dataset_multy_sorted_Flair_run_0_GoogLeNet,1800,300,180,run_dataset_MSIDomino12\dataset_multy_sorted_Flair_run_0_GoogLeNet,8779083388:AAE9m7dlXSm2ql1kYsqcwcNy34pNYUSYFuo,139781098,2776.8513882160187
32,FedAvg,16,0.6,0.45,0.7406850140541792,0.36,0.6,0,-1,-1,csv_MSIDomino12\runs\20260518-124535_dataset_multy_sorted_Flair_worker_1.csv,dataset_multy_sorted_Flair,dataset/dataset_multy_sorted_Flair,cuda,5,no_encryption,0.0,10,[],N/A,4,224,0.001,2,logs_MSIDomino12\dataset_multy_sorted_Flair_run_1_GoogLeNet,GoogLeNet,1,100,3,32,2,2,MSIDomino12,static/plots_MSIDomino12\dataset_multy_sorted_Flair_run_1_GoogLeNet,1800,300,180,run_dataset_MSIDomino12\dataset_multy_sorted_Flair_run_1_GoogLeNet,8779083388:AAE9m7dlXSm2ql1kYsqcwcNy34pNYUSYFuo,139781098,3613.4714200496674
32,FedAvg,16,0.6,0.45,0.9335487224161625,0.36,0.6,0,-1,-1,csv_MSIDomino12\runs\20260518-130949_dataset_multy_sorted_Flair_worker_0.csv,dataset_multy_sorted_Flair,dataset/dataset_multy_sorted_Flair,cuda,5,no_encryption,0.0,10,[],N/A,4,224,0.001,2,logs_MSIDomino12\dataset_multy_sorted_Flair_run_0_GoogLeNet,GoogLeNet,1,100,3,32,4,2,MSIDomino12,static/plots_MSIDomino12\dataset_multy_sorted_Flair_run_0_GoogLeNet,1800,300,180,run_dataset_MSIDomino12\dataset_multy_sorted_Flair_run_0_GoogLeNet,8779083388:AAE9m7dlXSm2ql1kYsqcwcNy34pNYUSYFuo,139781098,2462.593653678894
32,FedProx,16,0.6,0.45,0.9144528210163116,0.36,0.6,0,-1,-1,csv_MSIDomino12\runs\20260518-133532_dataset_multy_sorted_Flair_worker_1.csv,dataset_multy_sorted_Flair,dataset/dataset_multy_sorted_Flair,cuda,5,no_encryption,0.05,10,[],N/A,4,224,0.001,2,logs_MSIDomino12\dataset_multy_sorted_Flair_run_1_GoogLeNet,GoogLeNet,1,100,3,32,4,2,MSIDomino12,static/plots_MSIDomino12\dataset_multy_sorted_Flair_run_1_GoogLeNet,1800,300,180,run_dataset_MSIDomino12\dataset_multy_sorted_Flair_run_1_GoogLeNet,8779083388:AAE9m7dlXSm2ql1kYsqcwcNy34pNYUSYFuo,139781098,2990.1163771152496
2,FedAvg,16,0.678082191780822,0.65787922307476,0.7008937997360752,0.6864845397739218,0.678082191780822,7,-1,-1,csv_MSIDomino12\runs\20260518-134928_dataset_multy_sorted_Flair_worker_0.csv,dataset_multy_sorted_Flair,dataset/dataset_multy_sorted_Flair,cuda,5,no_encryption,0.0,10,[],N/A,4,224,0.001,5,logs_MSIDomino12\dataset_multy_sorted_Flair_run_0_GoogLeNet,GoogLeNet,1,100,3,2,2,2,MSIDomino12,static/plots_MSIDomino12\dataset_multy_sorted_Flair_run_0_GoogLeNet,1800,300,180,run_dataset_MSIDomino12\dataset_multy_sorted_Flair_run_0_GoogLeNet,8779083388:AAE9m7dlXSm2ql1kYsqcwcNy34pNYUSYFuo,139781098,2375.409516096115
2,FedAvg,16,0.6712328767123288,0.6854105385781516,0.7827963196251491,0.7447069039534794,0.6712328767123288,9,-1,-1,csv_MSIDomino12\runs\20260518-142115_dataset_multy_sorted_Flair_worker_1.csv,dataset_multy_sorted_Flair,dataset/dataset_multy_sorted_Flair,cuda,5,no_encryption,0.0,10,[],N/A,4,224,0.001,5,logs_MSIDomino12\dataset_multy_sorted_Flair_run_1_GoogLeNet,GoogLeNet,1,100,3,2,4,2,MSIDomino12,static/plots_MSIDomino12\dataset_multy_sorted_Flair_run_1_GoogLeNet,1800,300,180,run_dataset_MSIDomino12\dataset_multy_sorted_Flair_run_1_GoogLeNet,8779083388:AAE9m7dlXSm2ql1kYsqcwcNy34pNYUSYFuo,139781098,2734.2731885910034
4,FedAvg,16,0.6351351351351351,0.6262627293359592,0.7756708139503324,0.6513300681063838,0.6351351351351351,8,-1,-1,csv_MSIDomino12\runs\20260518-142649_dataset_multy_sorted_Flair_worker_0.csv,dataset_multy_sorted_Flair,dataset/dataset_multy_sorted_Flair,cuda,5,no_encryption,0.0,10,[],N/A,4,224,0.001,5,logs_MSIDomino12\dataset_multy_sorted_Flair_run_0_GoogLeNet,GoogLeNet,1,100,3,4,2,2,MSIDomino12,static/plots_MSIDomino12\dataset_multy_sorted_Flair_run_0_GoogLeNet,1800,300,180,run_dataset_MSIDomino12\dataset_multy_sorted_Flair_run_0_GoogLeNet,8779083388:AAE9m7dlXSm2ql1kYsqcwcNy34pNYUSYFuo,139781098,2230.148890733719
4,FedAvg,16,0.6081081081081081,0.6146551493336209,0.8173852889118968,0.6419044858622864,0.6081081081081081,9,-1,-1,csv_MSIDomino12\runs\20260518-145659_dataset_multy_sorted_Flair_worker_1.csv,dataset_multy_sorted_Flair,dataset/dataset_multy_sorted_Flair,cuda,5,no_encryption,0.0,10,[],N/A,4,224,0.001,5,logs_MSIDomino12\dataset_multy_sorted_Flair_run_1_GoogLeNet,GoogLeNet,1,100,3,4,4,2,MSIDomino12,static/plots_MSIDomino12\dataset_multy_sorted_Flair_run_1_GoogLeNet,1800,300,180,run_dataset_MSIDomino12\dataset_multy_sorted_Flair_run_1_GoogLeNet,8779083388:AAE9m7dlXSm2ql1kYsqcwcNy34pNYUSYFuo,139781098,2136.666773557663
4,FedProx,16,0.6486486486486487,0.6229372370676718,0.7335539419908781,0.6411139929243378,0.6486486486486487,9,-1,-1,csv_MSIDomino12\runs\20260518-150651_dataset_multy_sorted_Flair_worker_0.csv,dataset_multy_sorted_Flair,dataset/dataset_multy_sorted_Flair,cuda,5,no_encryption,0.05,10,[],N/A,4,224,0.001,5,logs_MSIDomino12\dataset_multy_sorted_Flair_run_0_GoogLeNet,GoogLeNet,1,100,3,4,2,2,MSIDomino12,static/plots_MSIDomino12\dataset_multy_sorted_Flair_run_0_GoogLeNet,1800,300,180,run_dataset_MSIDomino12\dataset_multy_sorted_Flair_run_0_GoogLeNet,8779083388:AAE9m7dlXSm2ql1kYsqcwcNy34pNYUSYFuo,139781098,2394.3598585128784
4,FedProx,16,0.6351351351351351,0.6292612594493814,0.7962662388344068,0.629561152061152,0.6351351351351351,9,-1,-1,csv_MSIDomino12\runs\20260518-153156_dataset_multy_sorted_Flair_worker_1.csv,dataset_multy_sorted_Flair,dataset/dataset_multy_sorted_Flair,cuda,5,no_encryption,0.05,10,[],N/A,4,224,0.001,5,logs_MSIDomino12\dataset_multy_sorted_Flair_run_1_GoogLeNet,GoogLeNet,1,100,3,4,4,2,MSIDomino12,static/plots_MSIDomino12\dataset_multy_sorted_Flair_run_1_GoogLeNet,1800,300,180,run_dataset_MSIDomino12\dataset_multy_sorted_Flair_run_1_GoogLeNet,8779083388:AAE9m7dlXSm2ql1kYsqcwcNy34pNYUSYFuo,139781098,2085.5727932453156
8,FedAvg,16,0.5723684210526315,0.5395764106515358,0.8199201967371138,0.5214930354732986,0.5723684210526315,9,-1,-1,csv_MSIDomino12\runs\20260518-154547_dataset_multy_sorted_Flair_worker_0.csv,dataset_multy_sorted_Flair,dataset/dataset_multy_sorted_Flair,cuda,5,no_encryption,0.0,10,[],N/A,4,224,0.001,5,logs_MSIDomino12\dataset_multy_sorted_Flair_run_0_GoogLeNet,GoogLeNet,1,100,3,8,2,2,MSIDomino12,static/plots_MSIDomino12\dataset_multy_sorted_Flair_run_0_GoogLeNet,1800,300,180,run_dataset_MSIDomino12\dataset_multy_sorted_Flair_run_0_GoogLeNet,8779083388:AAE9m7dlXSm2ql1kYsqcwcNy34pNYUSYFuo,139781098,2329.477292060852
8,FedAvg,16,0.5592105263157895,0.5306703439952585,0.8506486243323276,0.5345728102307049,0.5592105263157895,9,-1,-1,csv_MSIDomino12\runs\20260518-160937_dataset_multy_sorted_Flair_worker_1.csv,dataset_multy_sorted_Flair,dataset/dataset_multy_sorted_Flair,cuda,5,no_encryption,0.0,10,[],N/A,4,224,0.001,5,logs_MSIDomino12\dataset_multy_sorted_Flair_run_1_GoogLeNet,GoogLeNet,1,100,3,8,4,2,MSIDomino12,static/plots_MSIDomino12\dataset_multy_sorted_Flair_run_1_GoogLeNet,1800,300,180,run_dataset_MSIDomino12\dataset_multy_sorted_Flair_run_1_GoogLeNet,8779083388:AAE9m7dlXSm2ql1kYsqcwcNy34pNYUSYFuo,139781098,2253.291301012039
8,FedProx,16,0.6118421052631579,0.5520196908354803,0.8297221150837446,0.592901459672938,0.6118421052631579,8,-1,-1,csv_MSIDomino12\runs\20260518-163258_dataset_multy_sorted_Flair_worker_0.csv,dataset_multy_sorted_Flair,dataset/dataset_multy_sorted_Flair,cuda,5,no_encryption,0.05,10,[],N/A,4,224,0.001,5,logs_MSIDomino12\dataset_multy_sorted_Flair_run_0_GoogLeNet,GoogLeNet,1,100,3,8,2,2,MSIDomino12,static/plots_MSIDomino12\dataset_multy_sorted_Flair_run_0_GoogLeNet,1800,300,180,run_dataset_MSIDomino12\dataset_multy_sorted_Flair_run_0_GoogLeNet,8779083388:AAE9m7dlXSm2ql1kYsqcwcNy34pNYUSYFuo,139781098,2823.0505695343018
8,FedProx,16,0.5394736842105263,0.5107281417932998,0.8528875292916047,0.5185423312068049,0.5394736842105263,9,-1,-1,csv_MSIDomino12\runs\20260518-164842_dataset_multy_sorted_Flair_worker_1.csv,dataset_multy_sorted_Flair,dataset/dataset_multy_sorted_Flair,cuda,5,no_encryption,0.05,10,[],N/A,4,224,0.001,5,logs_MSIDomino12\dataset_multy_sorted_Flair_run_1_GoogLeNet,GoogLeNet,1,100,3,8,4,2,MSIDomino12,static/plots_MSIDomino12\dataset_multy_sorted_Flair_run_1_GoogLeNet,1800,300,180,run_dataset_MSIDomino12\dataset_multy_sorted_Flair_run_1_GoogLeNet,8779083388:AAE9m7dlXSm2ql1kYsqcwcNy34pNYUSYFuo,139781098,2339.3272285461426
16,FedAvg,16,0.6129032258064516,0.5695228427486493,0.9266330561330242,0.5575038402457756,0.6129032258064516,2,-1,-1,csv_MSIDomino12\runs\20260518-172242_dataset_multy_sorted_Flair_worker_0.csv,dataset_multy_sorted_Flair,dataset/dataset_multy_sorted_Flair,cuda,5,no_encryption,0.0,10,[],N/A,4,224,0.001,5,logs_MSIDomino12\dataset_multy_sorted_Flair_run_0_GoogLeNet,GoogLeNet,1,100,3,16,2,2,MSIDomino12,static/plots_MSIDomino12\dataset_multy_sorted_Flair_run_0_GoogLeNet,1800,300,180,run_dataset_MSIDomino12\dataset_multy_sorted_Flair_run_0_GoogLeNet,8779083388:AAE9m7dlXSm2ql1kYsqcwcNy34pNYUSYFuo,139781098,2976.187903881073
16,FedAvg,16,0.5741935483870968,0.41950844854070657,0.9967345699187248,0.33089605734767025,0.5741935483870968,0,-1,-1,csv_MSIDomino12\runs\20260518-175018_dataset_multy_sorted_Flair_worker_1.csv,dataset_multy_sorted_Flair,dataset/dataset_multy_sorted_Flair,cuda,5,no_encryption,0.0,10,[],N/A,4,224,0.001,5,logs_MSIDomino12\dataset_multy_sorted_Flair_run_1_GoogLeNet,GoogLeNet,1,100,3,16,4,2,MSIDomino12,static/plots_MSIDomino12\dataset_multy_sorted_Flair_run_1_GoogLeNet,1800,300,180,run_dataset_MSIDomino12\dataset_multy_sorted_Flair_run_1_GoogLeNet,8779083388:AAE9m7dlXSm2ql1kYsqcwcNy34pNYUSYFuo,139781098,3689.7042701244354
16,FedProx,16,0.6193548387096774,0.568733417120514,0.8061930487232823,0.5627112135176652,0.6193548387096774,9,-1,-1,csv_MSIDomino12\runs\20260518-181608_dataset_multy_sorted_Flair_worker_0.csv,dataset_multy_sorted_Flair,dataset/dataset_multy_sorted_Flair,cuda,5,no_encryption,0.05,10,[],N/A,4,224,0.001,5,logs_MSIDomino12\dataset_multy_sorted_Flair_run_0_GoogLeNet,GoogLeNet,1,100,3,16,2,2,MSIDomino12,static/plots_MSIDomino12\dataset_multy_sorted_Flair_run_0_GoogLeNet,1800,300,180,run_dataset_MSIDomino12\dataset_multy_sorted_Flair_run_0_GoogLeNet,8779083388:AAE9m7dlXSm2ql1kYsqcwcNy34pNYUSYFuo,139781098,3198.253174304962
16,FedProx,16,0.5741935483870968,0.41950844854070657,0.9566817652794622,0.33089605734767025,0.5741935483870968,0,-1,-1,csv_MSIDomino12\runs\20260518-185147_dataset_multy_sorted_Flair_worker_1.csv,dataset_multy_sorted_Flair,dataset/dataset_multy_sorted_Flair,cuda,5,no_encryption,0.05,10,[],N/A,4,224,0.001,5,logs_MSIDomino12\dataset_multy_sorted_Flair_run_1_GoogLeNet,GoogLeNet,1,100,3,16,4,2,MSIDomino12,static/plots_MSIDomino12\dataset_multy_sorted_Flair_run_1_GoogLeNet,1800,300,180,run_dataset_MSIDomino12\dataset_multy_sorted_Flair_run_1_GoogLeNet,8779083388:AAE9m7dlXSm2ql1kYsqcwcNy34pNYUSYFuo,139781098,3684.1817173957825
32,FedAvg,16,0.6625,0.641889880952381,0.7466018199920654,0.6592708333333334,0.6625,7,-1,-1,csv_MSIDomino12\runs\20260518-192052_dataset_multy_sorted_Flair_worker_0.csv,dataset_multy_sorted_Flair,dataset/dataset_multy_sorted_Flair,cuda,5,no_encryption,0.0,10,[],N/A,4,224,0.001,5,logs_MSIDomino12\dataset_multy_sorted_Flair_run_0_GoogLeNet,GoogLeNet,1,100,3,32,2,2,MSIDomino12,static/plots_MSIDomino12\dataset_multy_sorted_Flair_run_0_GoogLeNet,1800,300,180,run_dataset_MSIDomino12\dataset_multy_sorted_Flair_run_0_GoogLeNet,8779083388:AAE9m7dlXSm2ql1kYsqcwcNy34pNYUSYFuo,139781098,3877.461229801178
32,FedProx,16,0.675,0.6449404761904762,0.7509000226855278,0.6569791666666667,0.675,8,-1,-1,csv_MSIDomino12\runs\20260518-200505_dataset_multy_sorted_Flair_worker_1.csv,dataset_multy_sorted_Flair,dataset/dataset_multy_sorted_Flair,cuda,5,no_encryption,0.05,10,[],N/A,4,224,0.001,5,logs_MSIDomino12\dataset_multy_sorted_Flair_run_1_GoogLeNet,GoogLeNet,1,100,3,32,2,2,MSIDomino12,static/plots_MSIDomino12\dataset_multy_sorted_Flair_run_1_GoogLeNet,1800,300,180,run_dataset_MSIDomino12\dataset_multy_sorted_Flair_run_1_GoogLeNet,8779083388:AAE9m7dlXSm2ql1kYsqcwcNy34pNYUSYFuo,139781098,4393.030228376389
32,FedProx,16,0.625,0.5438988095238095,0.8176514077931643,0.5137499999999999,0.625,9,-1,-1,csv_MSIDomino12\runs\20260518-203656_dataset_multy_sorted_Flair_worker_0.csv,dataset_multy_sorted_Flair,dataset/dataset_multy_sorted_Flair,cuda,5,no_encryption,0.05,10,[],N/A,4,224,0.001,5,logs_MSIDomino12\dataset_multy_sorted_Flair_run_0_GoogLeNet,GoogLeNet,1,100,3,32,4,2,MSIDomino12,static/plots_MSIDomino12\dataset_multy_sorted_Flair_run_0_GoogLeNet,1800,300,180,run_dataset_MSIDomino12\dataset_multy_sorted_Flair_run_0_GoogLeNet,8779083388:AAE9m7dlXSm2ql1kYsqcwcNy34pNYUSYFuo,139781098,4550.853816509247
4,FedAvg,16,0.668918918918919,0.6531285728654149,0.7388226567087947,0.684474232843798,0.668918918918919,18,-1,-1,csv_MSIDomino12\runs\20260518-212406_dataset_multy_sorted_Flair_worker_1.csv,dataset_multy_sorted_Flair,dataset/dataset_multy_sorted_Flair,cuda,5,no_encryption,0.0,20,[],N/A,4,224,0.001,5,logs_MSIDomino12\dataset_multy_sorted_Flair_run_1_GoogLeNet,GoogLeNet,1,100,3,4,4,2,MSIDomino12,static/plots_MSIDomino12\dataset_multy_sorted_Flair_run_1_GoogLeNet,1800,300,180,run_dataset_MSIDomino12\dataset_multy_sorted_Flair_run_1_GoogLeNet,8779083388:AAE9m7dlXSm2ql1kYsqcwcNy34pNYUSYFuo,139781098,4734.574090957642
4,FedProx,16,0.7027027027027027,0.6846629361144206,0.6948844194412231,0.6964683514683515,0.7027027027027027,15,-1,-1,csv_MSIDomino12\runs\20260518-220631_dataset_multy_sorted_Flair_worker_0.csv,dataset_multy_sorted_Flair,dataset/dataset_multy_sorted_Flair,cuda,5,no_encryption,0.05,20,[],N/A,4,224,0.001,5,logs_MSIDomino12\dataset_multy_sorted_Flair_run_0_GoogLeNet,GoogLeNet,1,100,3,4,2,2,MSIDomino12,static/plots_MSIDomino12\dataset_multy_sorted_Flair_run_0_GoogLeNet,1800,300,180,run_dataset_MSIDomino12\dataset_multy_sorted_Flair_run_0_GoogLeNet,8779083388:AAE9m7dlXSm2ql1kYsqcwcNy34pNYUSYFuo,139781098,5369.24289894104
8,FedProx,16,0.5921052631578947,0.5781810914104965,0.785586804151535,0.5810635636293531,0.5921052631578947,16,-1,-1,csv_MSIDomino12\runs\20260518-225600_dataset_multy_sorted_Flair_worker_1.csv,dataset_multy_sorted_Flair,dataset/dataset_multy_sorted_Flair,cuda,5,no_encryption,0.05,20,[],N/A,4,224,0.001,5,logs_MSIDomino12\dataset_multy_sorted_Flair_run_1_GoogLeNet,GoogLeNet,1,100,3,8,2,2,MSIDomino12,static/plots_MSIDomino12\dataset_multy_sorted_Flair_run_1_GoogLeNet,1800,300,180,run_dataset_MSIDomino12\dataset_multy_sorted_Flair_run_1_GoogLeNet,8779083388:AAE9m7dlXSm2ql1kYsqcwcNy34pNYUSYFuo,139781098,4832.334759712219
8,FedProx,16,0.5986842105263158,0.5879850006671637,0.8119276840435831,0.5962371875200823,0.5986842105263158,12,-1,-1,csv_MSIDomino12\runs\20260519-001959_dataset_multy_sorted_Flair_worker_0.csv,dataset_multy_sorted_Flair,dataset/dataset_multy_sorted_Flair,cuda,5,no_encryption,0.05,20,[],N/A,4,224,0.001,5,logs_MSIDomino12\dataset_multy_sorted_Flair_run_0_GoogLeNet,GoogLeNet,1,100,3,8,4,2,MSIDomino12,static/plots_MSIDomino12\dataset_multy_sorted_Flair_run_0_GoogLeNet,1800,300,180,run_dataset_MSIDomino12\dataset_multy_sorted_Flair_run_0_GoogLeNet,8779083388:AAE9m7dlXSm2ql1kYsqcwcNy34pNYUSYFuo,139781098,7999.492730379105
16,FedAvg,16,0.6,0.5667570064344257,0.7908994586237015,0.5683410138248848,0.6,18,-1,-1,csv_MSIDomino12\runs\20260519-010951_dataset_multy_sorted_Flair_worker_1.csv,dataset_multy_sorted_Flair,dataset/dataset_multy_sorted_Flair,cuda,5,no_encryption,0.0,20,[],N/A,4,224,0.001,5,logs_MSIDomino12\dataset_multy_sorted_Flair_run_1_GoogLeNet,GoogLeNet,1,100,3,16,2,2,MSIDomino12,static/plots_MSIDomino12\dataset_multy_sorted_Flair_run_1_GoogLeNet,1800,300,180,run_dataset_MSIDomino12\dataset_multy_sorted_Flair_run_1_GoogLeNet,8779083388:AAE9m7dlXSm2ql1kYsqcwcNy34pNYUSYFuo,139781098,8024.592786073685
16,FedAvg,16,0.6,0.5280792325953617,0.8906377950022297,0.5236251920122889,0.6,16,-1,-1,csv_MSIDomino12\runs\20260519-021628_dataset_multy_sorted_Flair_worker_0.csv,dataset_multy_sorted_Flair,dataset/dataset_multy_sorted_Flair,cuda,5,no_encryption,0.0,20,[],N/A,4,224,0.001,5,logs_MSIDomino12\dataset_multy_sorted_Flair_run_0_GoogLeNet,GoogLeNet,1,100,3,16,4,2,MSIDomino12,static/plots_MSIDomino12\dataset_multy_sorted_Flair_run_0_GoogLeNet,1800,300,180,run_dataset_MSIDomino12\dataset_multy_sorted_Flair_run_0_GoogLeNet,8779083388:AAE9m7dlXSm2ql1kYsqcwcNy34pNYUSYFuo,139781098,6984.579808473587
16,FedProx,16,0.632258064516129,0.5796369222175675,0.7573046068991384,0.5572196620583717,0.632258064516129,18,-1,-1,csv_MSIDomino12\runs\20260519-031449_dataset_multy_sorted_Flair_worker_1.csv,dataset_multy_sorted_Flair,dataset/dataset_multy_sorted_Flair,cuda,5,no_encryption,0.05,20,[],N/A,4,224,0.001,5,logs_MSIDomino12\dataset_multy_sorted_Flair_run_1_GoogLeNet,GoogLeNet,1,100,3,16,2,2,MSIDomino12,static/plots_MSIDomino12\dataset_multy_sorted_Flair_run_1_GoogLeNet,1800,300,180,run_dataset_MSIDomino12\dataset_multy_sorted_Flair_run_1_GoogLeNet,8779083388:AAE9m7dlXSm2ql1kYsqcwcNy34pNYUSYFuo,139781098,7491.560900449753
16,FedProx,16,0.6064516129032258,0.5726160935838356,0.8402714821600145,0.5684178187403994,0.6064516129032258,16,-1,-1,csv_MSIDomino12\runs\20260519-041400_dataset_multy_sorted_Flair_worker_0.csv,dataset_multy_sorted_Flair,dataset/dataset_multy_sorted_Flair,cuda,5,no_encryption,0.05,20,[],N/A,4,224,0.001,5,logs_MSIDomino12\dataset_multy_sorted_Flair_run_0_GoogLeNet,GoogLeNet,1,100,3,16,4,2,MSIDomino12,static/plots_MSIDomino12\dataset_multy_sorted_Flair_run_0_GoogLeNet,1800,300,180,run_dataset_MSIDomino12\dataset_multy_sorted_Flair_run_0_GoogLeNet,8779083388:AAE9m7dlXSm2ql1kYsqcwcNy34pNYUSYFuo,139781098,7045.803210020065
32,FedAvg,16,0.6625,0.637797619047619,0.7337257191538811,0.6599999999999999,0.6625,11,-1,-1,csv_MSIDomino12\runs\20260519-060126_dataset_multy_sorted_Flair_worker_1.csv,dataset_multy_sorted_Flair,dataset/dataset_multy_sorted_Flair,cuda,5,no_encryption,0.0,20,[],N/A,4,224,0.001,5,logs_MSIDomino12\dataset_multy_sorted_Flair_run_1_GoogLeNet,GoogLeNet,1,100,3,32,2,2,MSIDomino12,static/plots_MSIDomino12\dataset_multy_sorted_Flair_run_1_GoogLeNet,1800,300,180,run_dataset_MSIDomino12\dataset_multy_sorted_Flair_run_1_GoogLeNet,8779083388:AAE9m7dlXSm2ql1kYsqcwcNy34pNYUSYFuo,139781098,9991.820320367813
32,FedAvg,16,0.675,0.6427827380952381,0.8363932110369205,0.665625,0.675,14,-1,-1,csv_MSIDomino12\runs\20260519-064457_dataset_multy_sorted_Flair_worker_0.csv,dataset_multy_sorted_Flair,dataset/dataset_multy_sorted_Flair,cuda,5,no_encryption,0.0,20,[],N/A,4,224,0.001,5,logs_MSIDomino12\dataset_multy_sorted_Flair_run_0_GoogLeNet,GoogLeNet,1,100,3,32,4,2,MSIDomino12,static/plots_MSIDomino12\dataset_multy_sorted_Flair_run_0_GoogLeNet,1800,300,180,run_dataset_MSIDomino12\dataset_multy_sorted_Flair_run_0_GoogLeNet,8779083388:AAE9m7dlXSm2ql1kYsqcwcNy34pNYUSYFuo,139781098,9044.95975112915
2,FedAvg,16,0.6666666666666666,0.6637820512820513,0.636018899508885,0.6638869446388693,0.6666666666666666,4,-1,-1,csv_Siando\runs\20260518-131000_dataset_slices_sorted_worker_0.csv,dataset_slices_sorted,dataset/dataset_slices_sorted,cuda,5,no_encryption,0.0,5,[],N/A,4,224,0.001,2,logs_Siando\dataset_slices_sorted_run_0_GoogLeNet,GoogLeNet,1,100,2,2,4,4,Siando,static/plots_Siando\dataset_slices_sorted_run_0_GoogLeNet,900,run_dataset_Siando\dataset_slices_sorted_run_0_GoogLeNet,8779083388:AAE9m7dlXSm2ql1kYsqcwcNy34pNYUSYFuo,139781098,464.982839345932,True,0
2,FedProx,16,0.6738095238095239,0.6526855443309525,0.6444519230297634,0.6753520923520923,0.6738095238095239,1,-1,-1,csv_Siando\runs\20260518-131000_dataset_slices_sorted_worker_2.csv,dataset_slices_sorted,dataset/dataset_slices_sorted,cuda,5,no_encryption,0.05,5,[],N/A,4,224,0.001,2,logs_Siando\dataset_slices_sorted_run_2_GoogLeNet,GoogLeNet,1,100,2,2,2,4,Siando,static/plots_Siando\dataset_slices_sorted_run_2_GoogLeNet,900,run_dataset_Siando\dataset_slices_sorted_run_2_GoogLeNet,8779083388:AAE9m7dlXSm2ql1kYsqcwcNy34pNYUSYFuo,139781098,465.07808232307434,True,2
2,FedAvg,16,0.6857142857142857,0.6835292321309899,0.6371676550025032,0.6930476645270226,0.6857142857142857,3,-1,-1,csv_Siando\runs\20260518-131005_dataset_slices_sorted_worker_1.csv,dataset_slices_sorted,dataset/dataset_slices_sorted,cuda,5,no_encryption,0.0,5,[],N/A,4,224,0.001,2,logs_Siando\dataset_slices_sorted_run_1_GoogLeNet,GoogLeNet,1,100,2,2,2,4,Siando,static/plots_Siando\dataset_slices_sorted_run_1_GoogLeNet,900,run_dataset_Siando\dataset_slices_sorted_run_1_GoogLeNet,8779083388:AAE9m7dlXSm2ql1kYsqcwcNy34pNYUSYFuo,139781098,469.8461878299713,True,1
2,FedProx,16,0.5857142857142857,0.43268983268983274,0.6871484574817476,0.3430612244897959,0.5857142857142857,0,-1,-1,csv_Siando\runs\20260518-131016_dataset_slices_sorted_worker_3.csv,dataset_slices_sorted,dataset/dataset_slices_sorted,cuda,5,no_encryption,0.05,5,[],N/A,4,224,0.001,2,logs_Siando\dataset_slices_sorted_run_3_GoogLeNet,GoogLeNet,1,100,2,2,4,4,Siando,static/plots_Siando\dataset_slices_sorted_run_3_GoogLeNet,900,run_dataset_Siando\dataset_slices_sorted_run_3_GoogLeNet,8779083388:AAE9m7dlXSm2ql1kYsqcwcNy34pNYUSYFuo,139781098,480.7637515068054,True,3
4,FedAvg,16,0.6309523809523809,0.6188921117693444,0.6419684150389262,0.6222562115613068,0.6309523809523809,4,-1,-1,csv_Siando\runs\20260518-131920_dataset_slices_sorted_worker_0.csv,dataset_slices_sorted,dataset/dataset_slices_sorted,cuda,5,no_encryption,0.0,5,[],N/A,4,224,0.001,2,logs_Siando\dataset_slices_sorted_run_0_GoogLeNet,GoogLeNet,1,100,2,4,2,4,Siando,static/plots_Siando\dataset_slices_sorted_run_0_GoogLeNet,900,run_dataset_Siando\dataset_slices_sorted_run_0_GoogLeNet,8779083388:AAE9m7dlXSm2ql1kYsqcwcNy34pNYUSYFuo,139781098,540.4356980323792,True,0
4,FedAvg,16,0.6190476190476191,0.6198359054656064,0.6502188174497514,0.624198391361181,0.6190476190476191,4,-1,-1,csv_Siando\runs\20260518-131923_dataset_slices_sorted_worker_2.csv,dataset_slices_sorted,dataset/dataset_slices_sorted,cuda,5,no_encryption,0.0,5,[],N/A,4,224,0.001,2,logs_Siando\dataset_slices_sorted_run_2_GoogLeNet,GoogLeNet,1,100,2,4,4,4,Siando,static/plots_Siando\dataset_slices_sorted_run_2_GoogLeNet,900,run_dataset_Siando\dataset_slices_sorted_run_2_GoogLeNet,8779083388:AAE9m7dlXSm2ql1kYsqcwcNy34pNYUSYFuo,139781098,543.9508981704712,True,2
4,FedProx,16,0.6833333333333333,0.668002253014576,0.647352106656347,0.6791262406271874,0.6833333333333333,2,-1,-1,csv_Siando\runs\20260518-131926_dataset_slices_sorted_worker_1.csv,dataset_slices_sorted,dataset/dataset_slices_sorted,cuda,5,no_encryption,0.05,5,[],N/A,4,224,0.001,2,logs_Siando\dataset_slices_sorted_run_1_GoogLeNet,GoogLeNet,1,100,2,4,2,4,Siando,static/plots_Siando\dataset_slices_sorted_run_1_GoogLeNet,900,run_dataset_Siando\dataset_slices_sorted_run_1_GoogLeNet,8779083388:AAE9m7dlXSm2ql1kYsqcwcNy34pNYUSYFuo,139781098,543.8261332511902,True,1
4,FedProx,16,0.6404761904761904,0.6414722436257939,0.6668187782877968,0.6468647187144492,0.6404761904761904,4,-1,-1,csv_Siando\runs\20260518-131955_dataset_slices_sorted_worker_3.csv,dataset_slices_sorted,dataset/dataset_slices_sorted,cuda,5,no_encryption,0.05,5,[],N/A,4,224,0.001,2,logs_Siando\dataset_slices_sorted_run_3_GoogLeNet,GoogLeNet,1,100,2,4,4,4,Siando,static/plots_Siando\dataset_slices_sorted_run_3_GoogLeNet,900,run_dataset_Siando\dataset_slices_sorted_run_3_GoogLeNet,8779083388:AAE9m7dlXSm2ql1kYsqcwcNy34pNYUSYFuo,139781098,560.9960272312164,True,3
8,FedAvg,16,0.6132075471698113,0.5980477083469135,0.6834975059302348,0.6027797804882635,0.6132075471698113,2,-1,-1,csv_Siando\runs\20260518-132917_dataset_slices_sorted_worker_0.csv,dataset_slices_sorted,dataset/dataset_slices_sorted,cuda,5,no_encryption,0.0,5,[],N/A,4,224,0.001,2,logs_Siando\dataset_slices_sorted_run_0_GoogLeNet,GoogLeNet,1,100,2,8,2,4,Siando,static/plots_Siando\dataset_slices_sorted_run_0_GoogLeNet,900,run_dataset_Siando\dataset_slices_sorted_run_0_GoogLeNet,8779083388:AAE9m7dlXSm2ql1kYsqcwcNy34pNYUSYFuo,139781098,574.0413517951965,True,0
8,FedProx,16,0.6014150943396226,0.5653984350210985,0.6595490456752058,0.5804225321494197,0.6014150943396226,4,-1,-1,csv_Siando\runs\20260518-132918_dataset_slices_sorted_worker_1.csv,dataset_slices_sorted,dataset/dataset_slices_sorted,cuda,5,no_encryption,0.05,5,[],N/A,4,224,0.001,2,logs_Siando\dataset_slices_sorted_run_1_GoogLeNet,GoogLeNet,1,100,2,8,2,4,Siando,static/plots_Siando\dataset_slices_sorted_run_1_GoogLeNet,900,run_dataset_Siando\dataset_slices_sorted_run_1_GoogLeNet,8779083388:AAE9m7dlXSm2ql1kYsqcwcNy34pNYUSYFuo,139781098,571.2153098583221,True,1
8,FedAvg,16,0.5849056603773585,0.4317160826594789,0.6874517525704402,0.3421146315414738,0.5849056603773585,0,-1,-1,csv_Siando\runs\20260518-132930_dataset_slices_sorted_worker_2.csv,dataset_slices_sorted,dataset/dataset_slices_sorted,cuda,5,no_encryption,0.0,5,[],N/A,4,224,0.001,2,logs_Siando\dataset_slices_sorted_run_2_GoogLeNet,GoogLeNet,1,100,2,8,4,4,Siando,static/plots_Siando\dataset_slices_sorted_run_2_GoogLeNet,900,run_dataset_Siando\dataset_slices_sorted_run_2_GoogLeNet,8779083388:AAE9m7dlXSm2ql1kYsqcwcNy34pNYUSYFuo,139781098,584.6233167648315,True,2
8,FedProx,16,0.6037735849056604,0.5289068824628836,0.6819611283124618,0.6019906664460964,0.6037735849056604,4,-1,-1,csv_Siando\runs\20260518-133007_dataset_slices_sorted_worker_3.csv,dataset_slices_sorted,dataset/dataset_slices_sorted,cuda,5,no_encryption,0.05,5,[],N/A,4,224,0.001,2,logs_Siando\dataset_slices_sorted_run_3_GoogLeNet,GoogLeNet,1,100,2,8,4,4,Siando,static/plots_Siando\dataset_slices_sorted_run_3_GoogLeNet,900,run_dataset_Siando\dataset_slices_sorted_run_3_GoogLeNet,8779083388:AAE9m7dlXSm2ql1kYsqcwcNy34pNYUSYFuo,139781098,583.8007543087006,True,3
16,FedAvg,16,0.5879629629629629,0.45908910390499535,0.6875787610533061,0.44923851682104504,0.5879629629629629,0,-1,-1,csv_Siando\runs\20260518-134039_dataset_slices_sorted_worker_0.csv,dataset_slices_sorted,dataset/dataset_slices_sorted,cuda,5,no_encryption,0.0,5,[],N/A,4,224,0.001,2,logs_Siando\dataset_slices_sorted_run_0_GoogLeNet,GoogLeNet,1,100,2,16,2,4,Siando,static/plots_Siando\dataset_slices_sorted_run_0_GoogLeNet,900,run_dataset_Siando\dataset_slices_sorted_run_0_GoogLeNet,8779083388:AAE9m7dlXSm2ql1kYsqcwcNy34pNYUSYFuo,139781098,660.351104259491,True,0
16,FedProx,16,0.6157407407407407,0.5123056307473467,0.6582323527998395,0.5560031531881371,0.6157407407407407,4,-1,-1,csv_Siando\runs\20260518-134057_dataset_slices_sorted_worker_2.csv,dataset_slices_sorted,dataset/dataset_slices_sorted,cuda,5,no_encryption,0.05,5,[],N/A,4,224,0.001,2,logs_Siando\dataset_slices_sorted_run_2_GoogLeNet,GoogLeNet,1,100,2,16,2,4,Siando,static/plots_Siando\dataset_slices_sorted_run_2_GoogLeNet,900,run_dataset_Siando\dataset_slices_sorted_run_2_GoogLeNet,8779083388:AAE9m7dlXSm2ql1kYsqcwcNy34pNYUSYFuo,139781098,665.8078544139862,True,2
16,FedAvg,16,0.5925925925925926,0.4409991386735573,0.689598575786308,0.3511659807956104,0.5925925925925926,0,-1,-1,csv_Siando\runs\20260518-134100_dataset_slices_sorted_worker_1.csv,dataset_slices_sorted,dataset/dataset_slices_sorted,cuda,5,no_encryption,0.0,5,[],N/A,4,224,0.001,2,logs_Siando\dataset_slices_sorted_run_1_GoogLeNet,GoogLeNet,1,100,2,16,4,4,Siando,static/plots_Siando\dataset_slices_sorted_run_1_GoogLeNet,900,run_dataset_Siando\dataset_slices_sorted_run_1_GoogLeNet,8779083388:AAE9m7dlXSm2ql1kYsqcwcNy34pNYUSYFuo,139781098,680.9760041236877,True,1
16,FedProx,16,0.5925925925925926,0.4409991386735573,0.6799593494722137,0.3511659807956104,0.5925925925925926,0,-1,-1,csv_Siando\runs\20260518-134146_dataset_slices_sorted_worker_3.csv,dataset_slices_sorted,dataset/dataset_slices_sorted,cuda,5,no_encryption,0.05,5,[],N/A,4,224,0.001,2,logs_Siando\dataset_slices_sorted_run_3_GoogLeNet,GoogLeNet,1,100,2,16,4,4,Siando,static/plots_Siando\dataset_slices_sorted_run_3_GoogLeNet,900,run_dataset_Siando\dataset_slices_sorted_run_3_GoogLeNet,8779083388:AAE9m7dlXSm2ql1kYsqcwcNy34pNYUSYFuo,139781098,678.9238402843475,True,3
32,FedAvg,16,0.5391498881431768,0.5287618253863813,0.6925188669689016,0.5703550364624191,0.5391498881431768,1,-1,-1,csv_Siando\runs\20260518-135507_dataset_slices_sorted_worker_0.csv,dataset_slices_sorted,dataset/dataset_slices_sorted,cuda,5,no_encryption,0.0,5,[],N/A,4,224,0.001,2,logs_Siando\dataset_slices_sorted_run_0_GoogLeNet,GoogLeNet,1,100,2,32,2,4,Siando,static/plots_Siando\dataset_slices_sorted_run_0_GoogLeNet,900,run_dataset_Siando\dataset_slices_sorted_run_0_GoogLeNet,8779083388:AAE9m7dlXSm2ql1kYsqcwcNy34pNYUSYFuo,139781098,847.565057516098,True,0
32,FedProx,16,0.5861297539149888,0.4662936576747951,0.6794984330000227,0.46246296581867047,0.5861297539149888,4,-1,-1,csv_Siando\runs\20260518-135548_dataset_slices_sorted_worker_1.csv,dataset_slices_sorted,dataset/dataset_slices_sorted,cuda,5,no_encryption,0.05,5,[],N/A,4,224,0.001,2,logs_Siando\dataset_slices_sorted_run_1_GoogLeNet,GoogLeNet,1,100,2,32,2,4,Siando,static/plots_Siando\dataset_slices_sorted_run_1_GoogLeNet,900,run_dataset_Siando\dataset_slices_sorted_run_1_GoogLeNet,8779083388:AAE9m7dlXSm2ql1kYsqcwcNy34pNYUSYFuo,139781098,867.4893009662628,True,1
32,FedAvg,16,0.5727069351230425,0.4171339473352896,0.684771996216486,0.32804779113503946,0.5727069351230425,0,-1,-1,csv_Siando\runs\20260518-135627_dataset_slices_sorted_worker_2.csv,dataset_slices_sorted,dataset/dataset_slices_sorted,cuda,5,no_encryption,0.0,5,[],N/A,4,224,0.001,2,logs_Siando\dataset_slices_sorted_run_2_GoogLeNet,GoogLeNet,1,100,2,32,4,4,Siando,static/plots_Siando\dataset_slices_sorted_run_2_GoogLeNet,900,run_dataset_Siando\dataset_slices_sorted_run_2_GoogLeNet,8779083388:AAE9m7dlXSm2ql1kYsqcwcNy34pNYUSYFuo,139781098,910.1400363445282,True,2
32,FedProx,16,0.5727069351230425,0.4171339473352896,0.6868836634377772,0.32804779113503946,0.5727069351230425,0,-1,-1,csv_Siando\runs\20260518-135728_dataset_slices_sorted_worker_3.csv,dataset_slices_sorted,dataset/dataset_slices_sorted,cuda,5,no_encryption,0.05,5,[],N/A,4,224,0.001,2,logs_Siando\dataset_slices_sorted_run_3_GoogLeNet,GoogLeNet,1,100,2,32,4,4,Siando,static/plots_Siando\dataset_slices_sorted_run_3_GoogLeNet,900,run_dataset_Siando\dataset_slices_sorted_run_3_GoogLeNet,8779083388:AAE9m7dlXSm2ql1kYsqcwcNy34pNYUSYFuo,139781098,928.2142553329468,True,3
2,FedAvg,16,0.7047619047619048,0.6995477011144191,0.5946409429822649,0.7017267150137905,0.7047619047619048,3,-1,-1,csv_Siando\runs\20260518-141349_dataset_slices_sorted_worker_0.csv,dataset_slices_sorted,dataset/dataset_slices_sorted,cuda,5,no_encryption,0.0,5,[],N/A,4,224,0.001,5,logs_Siando\dataset_slices_sorted_run_0_GoogLeNet,GoogLeNet,1,100,2,2,2,4,Siando,static/plots_Siando\dataset_slices_sorted_run_0_GoogLeNet,900,run_dataset_Siando\dataset_slices_sorted_run_0_GoogLeNet,8779083388:AAE9m7dlXSm2ql1kYsqcwcNy34pNYUSYFuo,139781098,1096.958211183548,True,0
2,FedProx,16,0.6928571428571428,0.6787059337192434,0.5906981079351334,0.6928531377463266,0.6928571428571428,3,-1,-1,csv_Siando\runs\20260518-141500_dataset_slices_sorted_worker_2.csv,dataset_slices_sorted,dataset/dataset_slices_sorted,cuda,5,no_encryption,0.05,5,[],N/A,4,224,0.001,5,logs_Siando\dataset_slices_sorted_run_2_GoogLeNet,GoogLeNet,1,100,2,2,2,4,Siando,static/plots_Siando\dataset_slices_sorted_run_2_GoogLeNet,900,run_dataset_Siando\dataset_slices_sorted_run_2_GoogLeNet,8779083388:AAE9m7dlXSm2ql1kYsqcwcNy34pNYUSYFuo,139781098,1086.8234872817993,True,2
2,FedAvg,16,0.6904761904761905,0.6909053842928163,0.5955472159953344,0.6978857936164249,0.6904761904761905,4,-1,-1,csv_Siando\runs\20260518-141519_dataset_slices_sorted_worker_1.csv,dataset_slices_sorted,dataset/dataset_slices_sorted,cuda,5,no_encryption,0.0,5,[],N/A,4,224,0.001,5,logs_Siando\dataset_slices_sorted_run_1_GoogLeNet,GoogLeNet,1,100,2,2,4,4,Siando,static/plots_Siando\dataset_slices_sorted_run_1_GoogLeNet,900,run_dataset_Siando\dataset_slices_sorted_run_1_GoogLeNet,8779083388:AAE9m7dlXSm2ql1kYsqcwcNy34pNYUSYFuo,139781098,1145.788625240326,True,1
2,FedProx,16,0.5857142857142857,0.43268983268983274,0.6869588167894454,0.3430612244897959,0.5857142857142857,0,-1,-1,csv_Siando\runs\20260518-141734_dataset_slices_sorted_worker_3.csv,dataset_slices_sorted,dataset/dataset_slices_sorted,cuda,5,no_encryption,0.05,5,[],N/A,4,224,0.001,5,logs_Siando\dataset_slices_sorted_run_3_GoogLeNet,GoogLeNet,1,100,2,2,4,4,Siando,static/plots_Siando\dataset_slices_sorted_run_3_GoogLeNet,900,run_dataset_Siando\dataset_slices_sorted_run_3_GoogLeNet,8779083388:AAE9m7dlXSm2ql1kYsqcwcNy34pNYUSYFuo,139781098,1181.4263761043549,True,3
